id,age,race_raw,sex,juv_fel_count,juv_misd_count,juv_other_count,priors_count,charge_degree,two_year_recid,race
3,34,African-American,1,0,0,0,0,1,1,1
4,24,African-American,1,0,0,1,4,1,1,1
8,41,Caucasian,1,0,0,0,14,1,1,0
10,39,Caucasian,0,0,0,0,0,0,0,0
14,27,Caucasian,1,0,0,0,0,1,0,0
15,23,African-American,1,0,0,0,3,0,1,1
16,37,Caucasian,0,0,0,0,0,0,0,0
18,41,African-American,1,0,0,0,0,1,0,1
19,47,Caucasian,0,0,0,0,1,1,1,0
20,31,African-American,1,0,0,0,7,1,1,1
22,25,African-American,1,0,0,0,3,1,0,1
23,31,Caucasian,1,0,0,0,6,1,1,0
24,31,Caucasian,1,0,0,0,5,1,1,0
25,64,African-American,1,0,0,0,13,1,1,1
26,21,African-American,1,0,0,0,1,1,1,1
27,27,Caucasian,1,0,0,0,0,0,1,0
28,21,Caucasian,0,0,0,0,0,1,0,0
32,43,Caucasian,1,0,0,0,1,0,0,0
37,27,African-American,1,0,0,0,8,1,1,1
39,26,African-American,1,0,0,1,5,1,1,1
40,33,African-American,1,0,0,0,0,1,1,1
41,30,Caucasian,1,0,0,0,9,1,1,0
42,32,African-American,1,0,0,0,4,1,1,1
45,55,Caucasian,1,0,0,0,0,1,0,0
52,33,Caucasian,0,0,0,0,4,0,1,0
53,24,Caucasian,1,0,0,0,1,0,1,0
54,34,African-American,1,2,1,3,21,1,1,1
55,29,Caucasian,1,0,0,0,0,0,0,0
56,21,African-American,0,0,0,0,2,1,0,1
57,51,African-American,1,0,0,0,2,0,0,1
59,29,Caucasian,1,0,0,0,2,0,1,0
61,51,African-American,0,0,0,0,7,1,0,1
64,29,African-American,1,0,0,0,0,1,1,1
66,25,Caucasian,1,0,0,0,9,0,1,0
67,35,African-American,1,1,0,4,13,1,1,1
68,49,Caucasian,1,0,0,0,0,0,0,0
70,29,African-American,1,0,0,0,0,1,0,1
71,29,Caucasian,1,0,0,0,1,1,1,0
79,31,African-American,1,0,0,1,15,1,0,1
80,24,African-American,1,0,0,0,2,1,1,1
84,49,African-American,1,0,0,0,4,0,0,1
85,53,Caucasian,1,0,0,0,8,1,0,0
87,35,African-American,1,0,0,0,5,1,0,1
90,27,African-American,1,1,1,2,15,1,1,1
91,38,Caucasian,1,0,0,0,4,0,1,0
93,22,African-American,1,0,0,1,1,1,1,1
96,29,African-American,1,0,0,0,4,1,1,1
98,27,African-American,1,0,1,0,6,1,1,1
100,56,African-American,0,0,0,0,0,0,0,1
105,39,African-American,1,0,0,0,1,0,0,1
107,29,African-American,1,0,0,0,5,1,1,1
108,27,Caucasian,1,0,0,1,1,1,1,0
111,40,African-American,1,0,0,0,2,1,0,1
113,22,African-American,1,0,0,0,1,0,1,1
114,22,Caucasian,1,0,0,0,0,1,0,0
115,26,African-American,0,0,0,0,1,1,1,1
119,32,African-American,1,0,0,0,0,1,0,1
120,41,African-American,1,0,0,0,1,0,0,1
122,30,African-American,1,0,0,0,8,0,1,1
128,25,African-American,1,1,6,1,14,1,1,1
131,22,African-American,1,1,0,0,2,1,1,1
136,35,African-American,0,0,0,0,1,0,0,1
137,36,African-American,1,0,0,0,9,1,1,1
138,26,Caucasian,1,0,0,0,7,1,1,0
142,25,Caucasian,1,0,0,0,9,1,1,0
145,20,Caucasian,0,0,0,0,0,1,0,0
146,39,Caucasian,1,0,0,0,2,1,1,0
148,54,Caucasian,0,0,0,0,0,0,0,0
151,19,African-American,1,0,0,0,1,0,1,1
153,30,African-American,1,0,0,0,1,1,0,1
154,39,Caucasian,0,0,0,0,0,1,1,0
156,24,Caucasian,1,0,1,2,8,1,1,0
157,30,Caucasian,1,0,0,0,0,1,0,0
158,31,Caucasian,1,0,0,0,0,0,0,0
159,39,Caucasian,0,0,0,0,1,1,0,0
163,43,Caucasian,1,0,0,0,1,1,0,0
166,21,African-American,1,0,0,0,3,1,1,1
169,38,Caucasian,1,0,0,0,5,0,1,0
171,34,Caucasian,1,0,0,0,0,1,0,0
173,33,African-American,1,0,0,0,5,1,1,1
174,37,African-American,1,0,0,0,3,1,0,1
175,42,Caucasian,1,0,0,0,1,1,1,0
176,41,African-American,1,0,1,0,10,1,1,1
177,22,African-American,1,0,0,0,0,1,1,1
178,33,African-American,1,0,12,2,28,1,1,1
180,31,African-American,1,0,0,0,1,0,0,1
183,31,Caucasian,1,0,0,0,13,1,1,0
184,27,African-American,1,0,0,0,3,1,1,1
189,52,Caucasian,1,0,0,0,3,0,0,0
190,33,African-American,1,0,0,0,19,1,1,1
194,42,Caucasian,1,0,0,0,6,1,0,0
195,25,Caucasian,0,0,0,0,2,1,0,0
197,30,Caucasian,1,0,0,0,1,0,0,0
202,28,Caucasian,1,0,0,0,0,0,1,0
203,24,African-American,0,0,0,0,0,0,0,1
206,29,Caucasian,0,0,1,0,10,1,1,0
208,44,Caucasian,1,0,0,0,2,0,1,0
210,32,African-American,1,0,0,0,3,1,1,1
213,31,Caucasian,1,0,0,0,2,0,1,0
215,31,African-American,1,0,0,0,1,0,0,1
216,59,Caucasian,1,0,0,0,1,1,1,0
220,20,African-American,0,1,0,0,1,1,0,1
222,43,Caucasian,0,0,0,0,0,0,0,0
223,38,African-American,1,1,1,0,9,1,1,1
224,32,African-American,1,0,0,0,11,1,1,1
225,33,African-American,1,0,0,0,8,0,1,1
227,31,African-American,0,0,0,0,0,1,1,1
228,33,African-American,0,0,0,0,7,1,1,1
229,27,African-American,1,0,0,0,2,1,1,1
231,20,African-American,0,0,0,0,0,1,0,1
232,26,Caucasian,0,0,0,0,0,0,0,0
234,61,African-American,0,0,0,0,1,1,1,1
238,32,African-American,0,0,0,0,4,1,1,1
241,26,African-American,0,0,0,0,2,0,1,1
243,39,Caucasian,1,1,0,0,1,0,0,0
244,30,Caucasian,0,0,0,0,3,1,1,0
245,30,African-American,1,0,0,0,1,1,0,1
246,48,Caucasian,1,0,0,0,2,0,0,0
248,22,African-American,1,0,0,0,1,1,0,1
249,46,Caucasian,1,0,0,0,6,1,1,0
252,31,Caucasian,1,0,0,0,0,1,0,0
254,25,African-American,1,0,0,0,1,0,1,1
258,32,African-American,0,0,0,0,5,1,0,1
260,62,African-American,1,0,0,0,8,1,0,1
265,28,African-American,1,0,0,0,6,0,1,1
268,78,Caucasian,1,0,0,0,1,0,1,0
269,56,Caucasian,1,0,0,0,0,1,0,0
275,22,African-American,1,0,0,0,1,1,1,1
277,47,African-American,1,0,0,0,23,0,1,1
278,23,African-American,1,0,0,0,0,0,1,1
281,66,African-American,1,0,0,0,3,1,0,1
282,45,Caucasian,1,0,0,0,8,0,1,0
287,37,African-American,1,0,0,0,2,0,1,1
288,39,Caucasian,1,0,0,0,0,1,1,0
289,26,African-American,1,0,0,0,9,1,1,1
291,45,Caucasian,1,0,0,0,2,1,0,0
293,23,African-American,1,0,0,0,0,1,1,1
294,34,African-American,1,0,0,0,2,0,0,1
297,23,African-American,0,0,0,0,1,0,0,1
299,50,Caucasian,1,0,0,0,1,1,0,0
300,37,Caucasian,0,0,0,0,0,0,0,0
301,44,Caucasian,1,0,0,0,4,0,0,0
302,35,African-American,0,0,1,0,23,1,1,1
306,26,African-American,1,0,0,0,2,1,1,1
308,27,African-American,1,0,0,0,0,0,0,1
310,28,African-American,0,0,0,0,0,1,0,1
313,28,Caucasian,0,0,0,0,7,1,1,0
315,38,African-American,1,0,0,0,2,1,0,1
317,28,African-American,0,0,0,0,1,1,0,1
319,56,Caucasian,1,0,0,0,7,1,1,0
320,38,African-American,1,0,0,0,15,1,0,1
321,28,African-American,1,0,0,0,2,0,0,1
326,51,Caucasian,0,0,0,0,0,0,1,0
327,51,Caucasian,1,0,0,0,0,0,0,0
330,48,African-American,1,0,0,0,0,1,0,1
331,37,Caucasian,1,0,0,0,4,1,1,0
332,30,African-American,0,0,0,0,2,1,0,1
333,41,African-American,0,0,0,0,5,0,0,1
334,27,African-American,1,0,0,0,11,1,1,1
335,37,African-American,1,0,0,0,0,0,0,1
337,54,African-American,1,0,0,0,11,1,0,1
338,23,African-American,1,0,0,0,2,1,0,1
344,41,African-American,1,0,0,0,0,0,0,1
345,52,Caucasian,1,0,0,0,0,1,0,0
347,43,Caucasian,1,0,0,0,13,1,1,0
348,52,African-American,1,0,0,0,0,1,0,1
349,28,Caucasian,1,0,0,0,1,1,0,0
350,30,African-American,1,0,0,2,11,0,1,1
351,28,Caucasian,1,0,0,0,1,1,0,0
354,22,African-American,1,0,0,0,0,1,0,1
355,30,African-American,1,0,0,0,4,1,0,1
357,31,Caucasian,1,0,0,0,0,1,1,0
358,37,Caucasian,1,0,0,0,0,1,1,0
359,32,African-American,1,0,1,0,14,1,0,1
361,53,Caucasian,1,0,0,0,1,0,0,0
362,28,African-American,1,0,0,0,25,1,1,1
363,44,Caucasian,1,0,0,0,8,0,1,0
364,25,African-American,1,0,0,0,0,1,0,1
366,22,Caucasian,1,0,0,1,1,0,1,0
382,23,Caucasian,0,0,0,4,5,1,1,0
384,29,African-American,1,0,0,0,1,0,0,1
385,20,African-American,1,0,0,0,1,1,1,1
386,30,African-American,1,0,0,0,2,1,1,1
390,27,African-American,1,0,0,0,4,1,0,1
393,37,African-American,0,0,0,0,2,1,0,1
396,20,African-American,1,0,0,0,0,1,0,1
399,52,African-American,0,0,0,0,0,1,0,1
400,23,African-American,0,0,0,0,0,1,1,1
402,48,African-American,0,0,0,0,0,1,0,1
404,25,Caucasian,1,0,0,0,0,1,0,0
405,27,Caucasian,1,0,0,0,0,1,1,0
406,30,African-American,1,0,0,0,11,1,1,1
407,22,African-American,1,0,1,1,3,0,1,1
408,22,Caucasian,0,0,0,0,1,1,0,0
411,41,African-American,0,0,0,0,2,0,0,1
416,52,African-American,1,0,0,0,3,1,1,1
417,43,African-American,1,0,0,0,0,1,0,1
423,37,Caucasian,1,0,0,0,3,1,0,0
425,70,Caucasian,1,0,0,0,1,0,0,0
428,46,Caucasian,1,0,0,0,3,1,0,0
429,21,African-American,1,0,0,0,0,0,1,1
430,26,African-American,1,0,0,0,1,0,1,1
432,34,Caucasian,1,0,0,0,5,0,0,0
435,34,African-American,1,0,0,0,5,0,0,1
437,23,Caucasian,1,0,0,0,0,1,1,0
438,34,African-American,1,0,0,0,5,1,1,1
440,39,African-American,1,0,0,0,6,1,1,1
445,58,Caucasian,1,0,0,0,2,1,0,0
446,21,African-American,0,0,0,0,0,0,0,1
451,23,African-American,1,0,0,1,4,0,1,1
452,62,Caucasian,1,0,0,0,0,1,0,0
456,37,Caucasian,1,0,0,0,5,1,0,0
459,32,African-American,0,0,0,0,5,1,0,1
462,27,African-American,1,0,0,0,0,0,0,1
463,44,Caucasian,1,0,0,0,0,0,1,0
464,28,Caucasian,1,0,0,0,3,0,1,0
465,42,Caucasian,0,0,0,0,0,1,0,0
468,27,African-American,1,0,0,0,0,1,0,1
469,20,African-American,1,0,0,0,0,1,1,1
474,51,Caucasian,0,0,0,0,0,0,0,0
475,56,Caucasian,1,0,0,0,0,0,0,0
478,29,African-American,1,0,0,0,7,1,0,1
480,20,African-American,1,0,0,0,0,1,1,1
484,27,Caucasian,1,0,0,0,8,1,0,0
485,24,African-American,1,0,1,0,2,1,1,1
487,53,Caucasian,1,0,0,0,36,1,1,0
489,28,Caucasian,1,0,0,0,2,0,1,0
495,36,African-American,0,0,0,0,0,1,0,1
496,25,Caucasian,0,0,0,0,2,0,1,0
499,28,Caucasian,1,0,0,0,1,1,0,0
500,21,African-American,0,0,0,0,0,1,1,1
501,36,Caucasian,1,0,0,0,0,0,0,0
502,24,African-American,1,0,0,0,0,1,0,1
505,29,African-American,1,0,0,0,0,1,0,1
509,30,Caucasian,0,0,0,0,0,0,0,0
516,32,African-American,1,0,1,0,12,1,1,1
517,23,African-American,1,0,0,1,1,1,0,1
518,47,African-American,1,0,0,0,3,1,0,1
522,37,Caucasian,1,0,0,0,0,1,0,0
523,19,African-American,1,0,2,0,2,1,1,1
526,21,Caucasian,0,0,0,2,0,1,0,0
527,69,Caucasian,1,0,0,0,0,0,0,0
530,21,Caucasian,1,0,0,0,2,1,0,0
531,26,African-American,1,0,0,1,6,0,1,1
532,22,Caucasian,1,0,0,0,0,1,0,0
533,23,African-American,0,0,0,0,0,1,1,1
537,49,African-American,1,0,0,0,3,1,0,1
538,29,African-American,1,0,0,1,2,0,0,1
540,60,Caucasian,0,0,0,0,0,0,0,0
542,23,African-American,1,2,0,0,3,1,1,1
547,30,Caucasian,1,0,0,0,0,1,0,0
548,21,African-American,1,0,1,0,1,1,0,1
552,22,Caucasian,1,0,0,0,2,0,1,0
557,21,African-American,1,0,0,0,4,1,1,1
558,21,African-American,1,0,0,0,0,1,1,1
561,34,Caucasian,1,0,0,0,1,0,0,0
563,50,Caucasian,0,0,0,0,1,0,1,0
565,40,Caucasian,1,0,0,0,0,1,1,0
566,25,African-American,1,0,0,0,7,1,1,1
567,53,Caucasian,0,0,0,0,1,0,0,0
569,24,African-American,0,0,0,0,0,1,0,1
572,42,African-American,1,0,0,0,1,1,0,1
573,28,African-American,1,0,0,0,1,0,0,1
576,26,African-American,1,1,1,0,6,1,1,1
579,22,African-American,1,0,0,0,4,1,1,1
580,21,Caucasian,1,0,0,0,3,0,0,0
581,37,African-American,1,0,0,0,23,1,1,1
584,35,African-American,1,0,0,0,2,1,0,1
586,53,African-American,1,0,0,0,2,1,0,1
588,29,African-American,1,0,0,0,7,1,0,1
590,48,Caucasian,1,1,0,0,23,1,1,0
594,52,Caucasian,0,0,0,0,0,0,0,0
597,27,African-American,1,0,0,0,12,1,1,1
598,28,African-American,1,0,0,0,5,1,0,1
599,33,Caucasian,1,0,0,0,3,0,0,0
602,36,African-American,1,0,0,0,14,1,1,1
603,29,African-American,1,1,0,0,2,1,0,1
604,22,African-American,1,0,0,1,0,0,1,1
608,25,Caucasian,1,0,0,0,0,1,0,0
611,56,African-American,1,0,0,0,5,1,0,1
612,27,African-American,1,0,0,0,9,1,1,1
613,52,Caucasian,1,0,0,0,4,1,1,0
616,32,African-American,1,0,0,0,3,1,0,1
622,39,Caucasian,0,0,0,0,0,0,0,0
623,56,Caucasian,1,0,0,0,0,0,0,0
624,22,African-American,0,0,0,0,0,1,0,1
627,53,African-American,1,0,0,0,11,1,0,1
628,25,Caucasian,1,0,0,0,0,0,1,0
630,22,Caucasian,1,0,0,0,0,1,0,0
633,58,Caucasian,0,0,0,0,2,0,0,0
635,31,African-American,1,0,0,0,7,0,1,1
637,22,Caucasian,1,0,0,0,1,1,1,0
638,28,African-American,1,0,0,0,8,1,1,1
640,20,African-American,1,0,0,0,0,1,1,1
641,29,Caucasian,1,0,0,0,0,0,1,0
644,58,African-American,1,0,0,0,21,0,1,1
645,22,African-American,1,0,0,0,3,1,0,1
647,37,Caucasian,1,0,0,0,0,1,0,0
648,57,African-American,1,0,0,0,1,1,1,1
649,27,Caucasian,1,0,0,0,3,0,0,0
651,26,African-American,1,0,0,0,3,1,0,1
653,24,Caucasian,1,0,1,1,3,1,1,0
654,33,Caucasian,1,0,0,0,0,1,0,0
656,29,African-American,1,0,0,0,2,1,0,1
657,24,African-American,0,0,0,0,3,1,1,1
659,19,Caucasian,1,0,0,1,1,1,1,0
660,36,Caucasian,1,0,0,0,2,0,0,0
662,24,Caucasian,0,0,0,0,0,1,0,0
664,34,Caucasian,1,0,0,0,0,0,0,0
669,20,African-American,1,1,0,1,1,1,1,1
674,24,African-American,1,0,0,0,1,0,1,1
675,61,Caucasian,1,0,0,0,4,1,0,0
678,50,African-American,0,0,0,0,3,1,0,1
679,30,African-American,1,0,0,0,1,0,0,1
680,38,African-American,1,0,0,0,5,1,0,1
681,24,Caucasian,1,0,0,0,0,0,0,0
685,46,African-American,0,0,0,0,2,1,1,1
686,41,Caucasian,1,0,0,0,0,0,1,0
688,27,African-American,1,0,0,0,13,0,1,1
691,26,African-American,1,0,0,0,1,0,1,1
692,29,African-American,1,0,0,0,3,1,1,1
693,52,Caucasian,1,0,0,0,6,1,1,0
694,28,Caucasian,1,0,0,0,1,1,1,0
697,55,African-American,1,0,0,0,5,1,1,1
700,26,African-American,1,1,1,0,10,1,1,1
701,28,African-American,1,0,0,0,5,1,0,1
703,63,Caucasian,1,0,0,0,2,1,0,0
704,42,African-American,1,0,0,0,0,1,0,1
707,23,African-American,1,1,2,2,6,1,0,1
708,54,African-American,1,0,0,0,28,1,1,1
709,35,African-American,1,0,0,1,8,1,1,1
711,24,African-American,0,1,0,0,6,1,1,1
712,54,African-American,1,0,0,0,2,0,0,1
713,58,African-American,1,0,0,0,12,0,1,1
715,23,Caucasian,1,0,0,1,1,0,1,0
716,35,African-American,1,0,0,0,1,0,0,1
718,20,African-American,1,0,0,0,1,1,1,1
720,51,Caucasian,1,0,0,0,0,1,0,0
722,37,Caucasian,1,0,0,0,3,1,0,0
724,47,Caucasian,1,0,0,0,3,1,0,0
726,34,Caucasian,1,0,0,0,4,1,1,0
727,56,Caucasian,1,0,0,0,0,1,0,0
729,59,Caucasian,1,0,0,0,1,1,1,0
737,24,Caucasian,0,0,0,1,6,1,1,0
738,21,Caucasian,1,0,0,4,2,0,1,0
743,26,African-American,1,0,0,0,1,1,0,1
745,30,Caucasian,0,0,0,0,0,0,0,0
752,29,Caucasian,1,0,0,0,0,0,1,0
753,54,African-American,1,0,0,0,0,0,0,1
754,29,African-American,1,0,0,0,4,1,1,1
756,59,Caucasian,0,0,0,0,0,0,0,0
757,38,African-American,1,0,0,0,0,1,0,1
762,27,Caucasian,1,0,0,0,1,0,1,0
765,66,African-American,1,0,0,0,33,1,1,1
769,27,Caucasian,1,0,0,0,2,1,0,0
770,51,Caucasian,1,0,0,0,1,0,0,0
771,35,Caucasian,1,0,0,0,1,1,0,0
775,52,Caucasian,1,0,0,0,4,0,0,0
785,26,African-American,0,0,0,0,0,0,0,1
786,48,Caucasian,0,0,0,0,0,0,0,0
789,33,African-American,1,0,0,0,2,0,0,1
790,34,African-American,0,0,0,0,6,1,0,1
793,59,African-American,1,0,0,0,10,1,1,1
794,29,African-American,1,0,0,0,5,1,1,1
796,24,Caucasian,1,0,0,0,0,1,0,0
798,48,Caucasian,1,0,0,0,1,1,1,0
803,52,African-American,1,0,0,0,4,0,0,1
804,20,African-American,1,0,0,0,0,1,1,1
805,25,Caucasian,1,0,0,0,4,1,1,0
806,24,Caucasian,1,0,0,0,0,1,0,0
807,23,Caucasian,1,0,0,0,0,0,0,0
808,27,Caucasian,1,0,1,3,6,1,0,0
810,25,African-American,1,0,1,0,1,0,1,1
812,31,African-American,1,0,0,0,0,1,0,1
813,25,African-American,1,0,1,0,6,1,1,1
814,32,Caucasian,1,0,0,0,1,1,1,0
815,21,Caucasian,1,0,0,0,0,1,1,0
818,25,Caucasian,1,0,0,0,0,1,0,0
821,35,African-American,1,0,0,0,0,1,0,1
823,42,African-American,1,0,0,0,14,1,1,1
825,24,Caucasian,1,0,0,1,9,0,1,0
831,47,Caucasian,1,0,0,0,1,0,0,0
835,27,African-American,1,0,0,0,5,1,1,1
837,46,Caucasian,1,0,0,0,2,1,1,0
838,44,African-American,1,0,0,0,1,0,0,1
841,23,Caucasian,1,0,0,0,2,1,0,0
843,42,African-American,1,0,0,0,8,1,0,1
844,58,African-American,1,0,0,0,6,1,0,1
847,26,African-American,1,0,0,1,3,1,0,1
849,39,African-American,1,0,0,0,3,1,1,1
850,21,African-American,1,0,2,0,3,1,1,1
851,63,Caucasian,1,0,0,0,1,0,0,0
852,22,African-American,1,0,1,0,3,1,1,1
853,50,African-American,1,0,0,0,3,0,0,1
855,38,African-American,1,0,0,0,0,1,0,1
856,41,Caucasian,1,0,0,0,1,1,0,0
857,28,African-American,1,8,0,1,16,1,1,1
858,30,African-American,0,0,0,0,0,0,0,1
859,23,African-American,1,0,0,0,1,1,0,1
861,25,Caucasian,1,0,0,0,2,1,1,0
863,40,Caucasian,1,0,0,0,5,1,0,0
867,27,African-American,1,0,0,0,5,0,1,1
869,44,Caucasian,1,0,0,0,11,0,0,0
870,35,African-American,0,0,0,0,6,1,1,1
871,42,Caucasian,1,0,0,0,0,0,0,0
872,38,African-American,1,0,0,0,15,1,0,1
875,25,African-American,0,0,0,0,0,0,0,1
881,49,Caucasian,0,0,0,0,2,0,1,0
882,50,Caucasian,1,0,0,0,5,1,1,0
884,66,Caucasian,1,0,0,0,0,0,1,0
886,46,Caucasian,0,0,0,0,0,0,0,0
887,30,African-American,1,0,0,1,5,1,1,1
888,22,Caucasian,0,0,0,0,0,0,0,0
889,23,Caucasian,1,0,0,0,1,0,0,0
899,25,African-American,1,0,0,0,0,0,0,1
900,21,Caucasian,0,0,0,0,0,1,0,0
901,27,African-American,1,0,0,0,0,0,0,1
906,24,Caucasian,0,0,0,1,0,1,0,0
909,20,African-American,1,1,0,0,1,1,0,1
913,31,African-American,1,0,0,0,3,0,1,1
914,27,African-American,1,0,0,0,3,0,1,1
916,40,African-American,1,0,0,0,0,1,0,1
917,22,African-American,1,0,0,0,11,1,1,1
918,38,African-American,0,0,0,0,1,1,0,1
921,30,African-American,1,0,0,0,1,0,0,1
922,27,Caucasian,1,0,0,0,6,1,1,0
924,59,Caucasian,0,0,0,0,0,0,0,0
925,37,Caucasian,1,0,0,0,2,0,0,0
926,28,African-American,1,0,0,0,5,0,1,1
927,38,Caucasian,1,0,0,0,0,1,0,0
930,22,African-American,1,0,0,1,0,1,1,1
934,25,African-American,1,0,0,0,4,1,1,1
935,51,Caucasian,1,0,0,0,0,0,0,0
943,29,Caucasian,1,0,0,0,2,0,1,0
944,28,African-American,1,0,0,0,10,1,0,1
946,55,African-American,1,0,0,0,9,0,1,1
947,23,Caucasian,0,0,0,0,3,1,0,0
948,22,African-American,0,0,0,0,0,0,0,1
949,19,Caucasian,0,0,0,0,2,1,1,0
951,31,African-American,1,0,0,0,1,0,0,1
953,29,African-American,1,0,0,0,0,0,0,1
955,61,African-American,1,0,0,0,15,1,1,1
959,20,African-American,1,0,1,1,4,1,1,1
960,26,Caucasian,1,0,0,0,3,1,1,0
962,27,Caucasian,1,0,0,0,5,0,0,0
963,25,Caucasian,1,0,0,0,1,1,0,0
964,23,Caucasian,1,0,2,0,3,1,1,0
965,38,African-American,1,0,0,0,0,1,0,1
967,27,African-American,1,0,2,1,18,1,1,1
968,35,Caucasian,0,0,0,0,0,1,1,0
971,58,African-American,0,0,0,0,4,1,1,1
973,57,Caucasian,0,0,0,0,0,0,1,0
975,21,African-American,1,0,0,1,0,1,0,1
977,22,African-American,0,0,0,0,0,1,0,1
978,30,African-American,1,0,0,0,0,1,0,1
987,30,African-American,1,0,0,0,8,1,1,1
988,31,African-American,0,0,0,0,10,1,0,1
990,45,Caucasian,0,0,0,0,1,1,0,0
993,39,Caucasian,1,0,0,0,2,1,1,0
995,31,African-American,1,0,0,0,0,1,1,1
996,22,African-American,1,0,0,0,1,1,1,1
998,27,African-American,1,0,0,0,13,1,1,1
999,38,Caucasian,1,0,0,0,1,1,1,0
1000,31,African-American,1,0,0,0,23,1,1,1
1001,47,African-American,1,0,0,0,20,1,0,1
1002,22,African-American,1,0,1,0,3,1,0,1
1003,35,African-American,1,0,0,1,1,0,1,1
1005,65,African-American,1,0,0,0,2,0,1,1
1006,35,African-American,1,0,0,0,0,0,0,1
1007,33,African-American,0,0,0,0,0,1,0,1
1008,53,Caucasian,1,0,0,0,1,0,0,0
1014,21,African-American,1,0,0,0,0,1,0,1
1015,37,African-American,1,0,0,0,11,1,0,1
1022,31,African-American,0,0,0,0,0,0,0,1
1023,59,Caucasian,0,0,0,0,2,1,0,0
1024,27,African-American,1,0,0,0,0,0,0,1
1025,36,African-American,1,0,0,0,0,0,1,1
1026,46,African-American,1,0,0,0,17,1,1,1
1027,22,African-American,1,0,0,1,3,1,0,1
1030,28,Caucasian,0,0,0,0,0,0,0,0
1031,34,Caucasian,0,0,0,1,15,1,1,0
1034,23,African-American,1,0,0,1,2,0,1,1
1036,27,African-American,1,0,0,0,3,1,0,1
1038,48,Caucasian,1,0,0,0,3,1,1,0
1043,31,African-American,1,0,0,0,5,1,0,1
1044,36,African-American,1,0,1,0,4,0,0,1
1048,44,African-American,1,0,0,0,14,1,1,1
1049,53,Caucasian,1,0,0,0,2,1,0,0
1051,33,African-American,1,0,0,0,3,0,1,1
1056,47,Caucasian,1,0,0,0,2,1,1,0
1057,57,African-American,1,0,0,0,20,1,1,1
1058,28,African-American,1,0,0,0,2,0,0,1
1059,24,African-American,1,0,0,0,1,0,0,1
1060,44,African-American,1,0,0,0,1,1,0,1
1061,46,African-American,1,0,0,0,0,1,0,1
1062,37,African-American,1,0,0,0,6,1,0,1
1063,26,African-American,1,0,0,0,10,0,1,1
1065,27,African-American,1,0,1,0,10,1,1,1
1066,40,Caucasian,1,0,0,0,1,1,0,0
1068,60,Caucasian,0,0,0,0,9,1,1,0
1069,53,Caucasian,1,0,0,0,1,1,0,0
1072,28,African-American,1,0,0,0,0,1,0,1
1076,46,Caucasian,0,0,0,0,2,1,0,0
1077,23,African-American,1,0,0,0,0,1,1,1
1082,50,African-American,1,0,0,0,18,1,1,1
1084,45,African-American,1,0,0,0,0,0,0,1
1086,22,African-American,1,0,0,0,1,1,0,1
1087,26,Caucasian,1,0,0,0,1,1,1,0
1088,62,Caucasian,1,0,0,0,0,1,0,0
1089,34,Caucasian,1,0,0,0,0,0,1,0
1093,21,Caucasian,1,0,0,0,0,0,0,0
1094,25,Caucasian,1,0,0,0,0,1,1,0
1096,68,Caucasian,1,0,0,0,0,0,0,0
1099,21,Caucasian,1,0,0,0,1,1,0,0
1103,22,African-American,1,0,0,0,0,1,0,1
1106,42,Caucasian,1,0,0,0,1,1,0,0
1107,22,Caucasian,1,0,1,1,1,1,1,0
1109,45,African-American,1,0,0,0,0,1,1,1
1110,36,African-American,0,0,0,0,4,1,1,1
1111,48,African-American,1,0,0,0,2,1,0,1
1119,23,African-American,1,0,0,1,6,1,1,1
1120,24,African-American,1,0,0,0,0,1,0,1
1121,29,African-American,1,0,0,0,0,1,0,1
1122,24,African-American,1,0,0,0,0,1,0,1
1123,50,African-American,1,0,0,0,11,1,0,1
1125,34,African-American,1,0,1,0,10,1,1,1
1127,23,African-American,1,0,0,0,0,1,0,1
1128,22,Caucasian,0,0,0,0,0,0,0,0
1130,30,Caucasian,1,0,0,0,22,1,1,0
1131,21,African-American,1,0,0,0,0,1,1,1
1132,53,Caucasian,0,0,0,0,0,1,0,0
1136,25,African-American,1,0,1,1,7,0,1,1
1138,25,African-American,0,0,0,0,1,0,0,1
1140,71,African-American,1,0,0,0,8,1,0,1
1141,39,African-American,1,0,4,0,10,0,0,1
1142,37,African-American,0,0,0,0,0,1,0,1
1143,20,African-American,1,0,0,2,0,1,1,1
1144,29,African-American,0,0,0,0,3,1,0,1
1145,22,African-American,1,0,0,0,2,1,1,1
1146,26,African-American,1,0,0,0,4,1,1,1
1150,47,African-American,0,0,0,0,19,1,1,1
1153,20,Caucasian,0,0,0,0,1,1,1,0
1156,23,African-American,0,0,0,0,0,1,0,1
1159,53,African-American,0,0,0,0,0,1,0,1
1160,23,African-American,0,0,0,0,0,1,0,1
1162,26,African-American,1,0,0,1,5,1,1,1
1163,25,African-American,1,0,0,0,6,1,0,1
1166,27,African-American,1,0,0,0,4,1,1,1
1169,29,African-American,1,0,0,0,1,0,0,1
1172,31,African-American,1,0,0,0,0,0,0,1
1173,41,African-American,1,0,0,0,8,1,1,1
1176,25,Caucasian,1,0,0,0,0,0,0,0
1177,47,Caucasian,1,0,0,0,0,0,0,0
1179,37,African-American,1,0,0,0,4,1,0,1
1181,35,African-American,0,0,0,0,4,1,0,1
1186,24,Caucasian,1,0,0,0,1,0,1,0
1187,21,Caucasian,1,0,2,1,2,1,1,0
1191,22,Caucasian,1,0,0,0,0,1,1,0
1192,57,African-American,1,0,0,0,11,1,0,1
1193,48,Caucasian,1,0,0,0,0,1,0,0
1195,37,African-American,0,0,0,0,3,1,0,1
1196,31,Caucasian,1,0,0,0,0,0,0,0
1197,22,African-American,1,0,1,0,1,1,1,1
1198,31,Caucasian,1,0,0,0,2,0,0,0
1200,24,African-American,1,0,0,0,0,1,1,1
1202,32,African-American,1,0,0,1,22,1,1,1
1205,63,African-American,1,0,0,0,0,0,0,1
1209,20,Caucasian,1,0,0,2,0,1,0,0
1212,24,African-American,0,0,0,0,1,0,1,1
1213,36,African-American,0,0,0,0,1,0,0,1
1216,28,Caucasian,1,0,0,0,2,1,0,0
1217,36,African-American,1,0,0,0,3,1,1,1
1219,33,African-American,0,0,0,0,0,0,0,1
1220,39,African-American,1,0,0,0,0,1,0,1
1222,30,African-American,1,0,0,0,17,1,1,1
1225,24,African-American,1,0,0,0,1,1,1,1
1229,35,African-American,1,0,0,0,7,1,0,1
1230,24,African-American,1,0,0,1,0,1,0,1
1233,26,Caucasian,1,0,0,0,8,1,0,0
1235,28,African-American,1,0,0,0,14,1,1,1
1237,32,African-American,1,0,0,0,0,0,0,1
1238,32,Caucasian,0,0,0,0,1,0,1,0
1239,33,African-American,1,0,0,0,5,0,1,1
1240,29,African-American,1,0,1,0,16,1,0,1
1241,34,Caucasian,1,0,0,0,1,0,1,0
1243,43,Caucasian,1,0,0,0,0,0,0,0
1244,47,Caucasian,1,0,0,0,2,1,0,0
1246,25,African-American,1,0,0,0,3,0,1,1
1247,23,African-American,0,0,0,0,1,1,0,1
1248,39,Caucasian,1,0,0,0,2,0,0,0
1250,35,African-American,1,0,0,0,13,1,1,1
1254,43,African-American,1,1,0,0,20,1,0,1
1255,25,African-American,1,0,1,1,3,1,1,1
1256,48,African-American,1,1,0,0,25,1,1,1
1257,22,African-American,1,0,0,1,1,0,1,1
1258,52,African-American,1,1,0,0,9,0,1,1
1259,26,Caucasian,1,0,0,0,5,1,1,0
1260,67,African-American,1,0,0,0,4,0,1,1
1261,34,African-American,1,0,0,0,4,0,0,1
1262,56,Caucasian,1,0,0,0,4,0,0,0
1268,28,African-American,1,0,0,0,1,1,1,1
1269,29,African-American,1,0,0,0,2,0,0,1
1272,37,African-American,1,0,0,0,6,1,1,1
1275,51,Caucasian,1,0,0,0,0,1,0,0
1276,20,African-American,1,0,0,1,1,0,1,1
1280,26,Caucasian,1,0,0,0,4,0,1,0
1281,39,Caucasian,0,0,0,0,1,0,1,0
1282,21,African-American,1,0,0,1,1,1,0,1
1283,21,African-American,1,0,1,1,1,1,1,1
1286,24,Caucasian,1,0,2,0,3,1,1,0
1290,26,African-American,1,0,1,0,4,0,1,1
1292,48,Caucasian,1,0,0,0,1,1,0,0
1293,24,African-American,1,0,1,0,5,1,1,1
1295,26,Caucasian,1,0,0,0,0,1,0,0
1296,46,Caucasian,1,0,0,0,0,1,0,0
1298,24,African-American,1,0,1,1,7,0,0,1
1300,21,Caucasian,0,0,0,0,0,0,0,0
1303,24,African-American,1,0,0,0,1,1,1,1
1305,36,African-American,1,0,0,0,9,0,0,1
1306,30,African-American,1,0,0,0,5,1,1,1
1310,22,Caucasian,0,0,0,0,1,1,0,0
1313,25,African-American,1,0,0,0,0,1,1,1
1314,31,African-American,1,0,3,0,25,0,1,1
1315,24,African-American,1,0,0,0,0,1,0,1
1318,39,African-American,1,0,0,0,13,1,1,1
1323,30,African-American,0,0,0,0,4,1,0,1
1324,40,Caucasian,1,0,0,0,0,1,0,0
1325,52,African-American,0,0,0,0,0,1,0,1
1326,23,African-American,1,1,0,1,3,1,0,1
1328,26,African-American,0,0,0,0,1,0,0,1
1329,22,Caucasian,1,0,1,0,1,1,1,0
1330,42,Caucasian,1,0,0,0,3,1,0,0
1331,23,African-American,1,0,3,1,6,1,1,1
1334,28,African-American,1,0,0,0,1,1,0,1
1336,50,Caucasian,1,0,0,0,1,1,0,0
1342,32,African-American,1,0,0,0,1,1,0,1
1344,51,African-American,1,0,0,0,3,1,0,1
1345,19,Caucasian,1,0,0,0,1,0,1,0
1346,32,African-American,1,0,0,0,4,1,0,1
1347,31,Caucasian,0,0,0,0,1,1,1,0
1348,29,African-American,0,0,0,0,1,1,0,1
1351,26,African-American,1,0,0,0,9,1,1,1
1352,27,Caucasian,1,0,0,0,0,1,1,0
1353,52,Caucasian,1,0,0,0,1,1,1,0
1358,28,African-American,1,0,0,0,3,0,1,1
1360,32,African-American,1,0,0,0,3,1,1,1
1361,27,African-American,1,0,0,0,5,0,1,1
1366,42,Caucasian,0,0,0,0,0,0,0,0
1367,33,African-American,1,0,0,0,0,1,1,1
1369,28,Caucasian,0,0,0,1,3,0,0,0
1370,53,Caucasian,0,0,0,0,0,0,0,0
1372,24,Caucasian,1,0,0,0,0,1,0,0
1377,39,African-American,1,0,0,1,6,0,1,1
1379,22,African-American,1,0,0,0,1,1,1,1
1380,46,African-American,1,0,0,0,2,1,1,1
1382,25,African-American,1,0,0,0,0,0,0,1
1384,52,Caucasian,1,0,0,0,1,1,0,0
1385,28,African-American,1,0,0,0,4,0,1,1
1388,57,Caucasian,0,0,0,0,1,1,1,0
1393,49,African-American,1,0,0,0,3,1,1,1
1395,21,African-American,1,0,0,0,2,1,1,1
1396,32,African-American,1,0,0,0,19,1,1,1
1397,63,African-American,1,0,0,0,3,0,0,1
1399,29,Caucasian,1,0,0,0,2,1,0,0
1402,46,African-American,1,0,0,0,0,0,0,1
1408,28,African-American,1,0,0,0,10,0,1,1
1410,27,African-American,1,0,0,0,1,1,0,1
1419,33,Caucasian,0,0,0,0,1,0,0,0
1427,32,African-American,1,0,0,0,14,1,1,1
1428,24,African-American,1,0,0,0,2,1,0,1
1429,26,African-American,1,0,0,0,5,1,1,1
1431,25,Caucasian,1,0,0,0,1,1,0,0
1433,21,African-American,1,0,0,0,1,1,0,1
1435,25,African-American,1,0,0,0,2,0,1,1
1436,22,African-American,1,1,1,0,6,1,1,1
1438,26,Caucasian,0,0,0,0,0,1,0,0
1439,20,Caucasian,1,0,0,0,0,1,0,0
1441,30,African-American,1,0,0,0,1,0,1,1
1443,45,African-American,1,0,0,0,0,1,1,1
1445,33,African-American,1,0,0,0,7,1,1,1
1446,35,Caucasian,1,0,0,0,2,1,0,0
1447,41,Caucasian,1,0,0,0,5,1,0,0
1448,23,Caucasian,1,0,0,0,0,0,0,0
1452,21,Caucasian,0,0,1,0,0,0,1,0
1455,54,African-American,1,0,0,0,0,1,0,1
1456,27,African-American,1,0,0,0,10,1,1,1
1458,22,Caucasian,1,0,0,0,0,0,0,0
1461,23,African-American,1,0,0,0,2,1,1,1
1463,36,African-American,1,0,0,0,5,0,1,1
1467,29,African-American,1,0,0,1,10,1,1,1
1470,54,African-American,1,0,0,0,4,0,1,1
1471,22,Caucasian,1,0,0,0,2,0,1,0
1473,26,African-American,1,0,0,0,0,0,1,1
1474,20,African-American,0,0,0,0,0,1,0,1
1479,52,African-American,1,0,0,0,6,0,1,1
1481,29,African-American,1,0,0,0,0,1,0,1
1482,23,African-American,0,0,0,0,6,0,0,1
1483,35,African-American,1,0,0,0,1,0,0,1
1484,32,Caucasian,1,0,0,0,8,1,1,0
1485,21,African-American,1,0,0,0,1,0,1,1
1490,30,African-American,1,0,0,0,4,0,1,1
1491,30,African-American,0,0,0,0,3,1,0,1
1496,23,African-American,1,0,0,0,2,1,1,1
1497,32,Caucasian,1,1,0,0,8,1,0,0
1499,29,African-American,1,0,0,0,6,1,1,1
1501,42,Caucasian,1,0,0,0,0,0,0,0
1505,21,African-American,1,0,0,1,0,1,1,1
1508,22,African-American,0,0,0,0,0,0,0,1
1511,29,African-American,1,0,0,0,0,0,0,1
1513,30,African-American,1,0,0,0,6,1,1,1
1515,51,African-American,1,0,0,0,17,0,0,1
1520,24,Caucasian,1,0,0,0,2,1,0,0
1522,23,African-American,1,0,0,0,2,0,0,1
1526,36,African-American,1,0,0,0,5,1,0,1
1533,39,African-American,1,0,0,0,1,1,0,1
1534,29,African-American,1,0,0,0,2,1,0,1
1538,44,Caucasian,1,0,0,0,6,1,0,0
1540,25,African-American,1,0,0,0,2,1,0,1
1541,31,African-American,1,0,0,0,0,1,0,1
1542,35,African-American,1,0,1,0,17,0,1,1
1543,27,African-American,1,0,0,0,11,0,1,1
1545,33,African-American,1,0,0,0,1,1,0,1
1548,28,African-American,1,0,0,0,6,1,1,1
1550,60,Caucasian,1,0,0,0,1,1,0,0
1557,54,African-American,0,0,0,0,0,1,0,1
1559,24,Caucasian,1,1,2,0,3,0,0,0
1563,75,African-American,0,0,0,0,5,1,0,1
1565,36,African-American,1,0,0,0,16,1,1,1
1569,25,African-American,0,0,0,0,5,0,1,1
1571,46,Caucasian,1,0,0,0,0,1,0,0
1572,27,African-American,1,0,0,0,1,1,0,1
1575,28,African-American,1,0,0,0,3,0,1,1
1576,42,African-American,1,1,0,1,13,0,1,1
1577,59,African-American,1,0,0,0,2,0,0,1
1578,39,Caucasian,1,0,0,0,1,1,0,0
1581,46,Caucasian,1,0,0,0,5,0,0,0
1587,55,Caucasian,1,0,0,0,2,1,0,0
1588,35,African-American,1,0,0,0,1,0,1,1
1590,43,African-American,1,0,0,0,0,0,1,1
1591,53,Caucasian,0,0,0,0,0,0,0,0
1594,21,African-American,0,0,0,0,0,0,0,1
1595,55,African-American,1,0,0,0,17,1,1,1
1596,27,African-American,1,0,0,0,1,1,1,1
1597,40,African-American,1,0,0,0,0,1,0,1
1599,37,Caucasian,0,0,0,0,0,0,0,0
1601,32,Caucasian,1,0,0,0,2,0,1,0
1602,32,African-American,1,0,0,0,2,0,0,1
1604,36,African-American,1,0,0,0,4,0,1,1
1606,31,African-American,0,0,0,0,0,1,0,1
1607,26,African-American,0,0,0,0,4,1,1,1
1608,50,Caucasian,0,0,0,0,30,0,1,0
1611,47,African-American,1,0,0,0,4,1,0,1
1613,36,African-American,1,0,0,0,2,1,0,1
1615,38,Caucasian,0,0,0,0,0,1,0,0
1620,53,Caucasian,1,0,0,0,0,1,0,0
1622,53,African-American,1,0,0,0,2,1,0,1
1623,57,African-American,1,0,0,0,19,1,0,1
1624,22,African-American,1,0,0,0,5,1,1,1
1625,21,African-American,1,0,0,0,0,1,1,1
1626,26,African-American,1,0,0,0,0,1,1,1
1629,27,African-American,1,0,0,0,2,1,0,1
1630,49,Caucasian,0,0,0,0,4,1,0,0
1631,47,Caucasian,1,0,0,0,1,1,1,0
1632,30,African-American,1,0,0,0,8,1,1,1
1634,44,Caucasian,1,0,0,0,3,1,0,0
1637,34,African-American,1,0,0,0,1,1,0,1
1638,45,African-American,1,0,0,0,10,1,1,1
1640,50,Caucasian,1,0,0,0,2,0,0,0
1642,29,Caucasian,1,0,0,0,1,0,0,0
1643,26,Caucasian,1,0,0,0,0,1,0,0
1645,22,African-American,0,0,0,0,1,1,1,1
1648,49,Caucasian,1,0,0,0,0,1,0,0
1651,49,African-American,1,0,0,0,1,1,1,1
1652,59,Caucasian,1,0,0,0,2,1,0,0
1653,32,Caucasian,1,0,0,0,6,0,0,0
1655,24,African-American,1,0,0,2,1,0,1,1
1657,32,African-American,1,0,0,0,0,1,0,1
1660,27,African-American,1,0,0,1,9,1,1,1
1664,25,Caucasian,1,0,0,0,2,0,0,0
1667,20,Caucasian,1,0,0,0,0,0,1,0
1668,37,African-American,1,2,0,0,18,0,0,1
1669,30,Caucasian,0,0,0,0,5,1,1,0
1670,23,African-American,1,0,0,0,1,1,1,1
1672,20,African-American,0,0,0,0,0,1,0,1
1680,50,Caucasian,1,0,0,0,8,1,0,0
1681,50,African-American,1,0,0,0,7,1,0,1
1682,40,Caucasian,1,0,0,0,3,1,0,0
1684,24,Caucasian,0,0,0,0,2,1,0,0
1686,23,African-American,0,0,0,0,3,1,1,1
1689,54,Caucasian,1,0,0,0,3,0,1,0
1691,25,Caucasian,1,0,0,2,4,0,0,0
1692,46,Caucasian,1,0,0,0,1,0,0,0
1698,22,Caucasian,0,0,0,0,0,0,0,0
1699,32,Caucasian,0,0,0,0,1,1,0,0
1700,25,African-American,1,0,0,0,0,0,1,1
1702,33,African-American,1,0,0,0,16,1,1,1
1706,33,African-American,1,0,0,0,4,0,1,1
1707,24,African-American,1,0,0,0,0,1,0,1
1709,33,African-American,1,0,0,1,12,0,1,1
1710,37,Caucasian,1,0,0,0,0,0,0,0
1711,40,Caucasian,0,0,0,0,0,0,0,0
1715,43,African-American,1,0,0,0,9,1,1,1
1717,35,African-American,1,0,0,0,5,1,1,1
1718,25,African-American,1,0,1,0,11,1,1,1
1719,61,African-American,1,0,0,0,1,1,1,1
1727,52,African-American,0,0,0,0,1,1,0,1
1729,39,African-American,1,0,0,0,1,0,1,1
1730,47,African-American,1,0,0,0,5,1,0,1
1733,52,Caucasian,0,0,0,0,6,0,0,0
1735,37,Caucasian,1,0,0,0,0,0,0,0
1736,24,African-American,0,0,0,0,0,1,0,1
1737,34,African-American,0,0,0,0,14,1,0,1
1746,25,Caucasian,1,0,0,0,1,0,1,0
1749,62,Caucasian,0,0,0,0,0,0,0,0
1750,23,Caucasian,1,0,0,0,0,1,1,0
1752,60,Caucasian,0,0,0,0,0,1,0,0
1754,35,Caucasian,1,0,0,0,0,0,0,0
1755,24,African-American,0,0,0,0,0,1,0,1
1757,30,Caucasian,1,0,0,0,0,0,0,0
1760,35,Caucasian,1,0,0,0,4,1,1,0
1764,28,Caucasian,0,0,0,0,0,0,0,0
1768,56,African-American,1,0,0,0,0,1,0,1
1770,23,African-American,1,0,0,0,2,1,1,1
1774,23,Caucasian,1,0,1,0,1,0,0,0
1776,21,African-American,1,0,0,0,0,1,1,1
1780,35,African-American,0,0,0,0,2,1,0,1
1781,33,Caucasian,1,0,0,0,3,0,0,0
1786,41,African-American,1,2,1,0,9,0,0,1
1787,24,African-American,1,0,0,0,0,1,0,1
1791,28,African-American,1,0,0,0,9,1,1,1
1794,49,African-American,1,0,0,0,3,1,0,1
1796,21,African-American,1,0,0,0,0,1,1,1
1797,27,African-American,0,0,0,0,3,1,1,1
1800,50,African-American,1,0,0,0,4,0,0,1
1801,23,African-American,0,0,0,0,0,0,0,1
1803,34,Caucasian,1,0,0,0,0,0,0,0
1805,25,African-American,1,0,0,1,4,1,1,1
1806,33,Caucasian,0,0,0,0,2,1,1,0
1816,29,Caucasian,0,0,0,0,11,1,1,0
1817,32,African-American,0,0,0,0,6,1,1,1
1820,52,African-American,1,0,0,0,3,1,0,1
1821,26,Caucasian,0,0,0,0,3,0,0,0
1822,31,Caucasian,1,0,0,0,2,1,1,0
1829,30,Caucasian,0,0,0,0,0,1,0,0
1830,20,African-American,1,0,0,0,0,0,1,1
1834,31,Caucasian,1,0,0,0,0,1,0,0
1841,37,Caucasian,0,0,0,0,1,0,0,0
1844,49,Caucasian,1,0,0,0,8,1,1,0
1845,33,African-American,0,0,0,0,1,1,0,1
1847,42,African-American,1,0,0,0,0,0,0,1
1848,44,Caucasian,1,0,0,0,0,1,1,0
1849,28,African-American,1,0,0,0,5,1,1,1
1850,32,African-American,1,0,0,0,4,1,1,1
1852,28,African-American,1,0,0,0,7,1,1,1
1853,38,Caucasian,1,0,0,0,0,1,0,0
1854,38,African-American,1,0,0,0,3,1,0,1
1859,34,African-American,0,0,0,0,0,0,0,1
1860,21,Caucasian,1,0,0,0,1,1,1,0
1861,36,African-American,1,0,0,0,1,1,1,1
1862,29,African-American,1,0,0,0,0,0,1,1
1863,34,African-American,1,0,0,1,3,1,1,1
1864,38,African-American,1,0,0,0,1,0,0,1
1865,36,Caucasian,1,0,0,0,0,1,0,0
1868,23,African-American,1,0,0,0,0,0,0,1
1869,47,Caucasian,1,0,0,0,0,0,0,0
1870,20,African-American,1,0,0,0,0,1,0,1
1871,25,African-American,0,0,0,0,2,1,1,1
1872,35,African-American,1,0,0,0,0,0,0,1
1874,28,Caucasian,0,0,0,0,1,0,0,0
1877,24,African-American,1,0,0,0,2,0,1,1
1879,22,African-American,1,0,0,0,0,1,0,1
1886,60,African-American,1,0,0,0,12,1,0,1
1888,33,African-American,1,0,0,0,6,0,0,1
1890,34,African-American,1,0,0,0,2,0,1,1
1893,24,Caucasian,1,0,0,0,4,0,0,0
1894,27,African-American,1,0,0,0,0,0,1,1
1895,29,African-American,1,1,1,1,4,1,1,1
1897,21,Caucasian,1,1,0,1,1,1,1,0
1901,42,Caucasian,0,0,0,0,0,1,1,0
1904,32,African-American,1,0,0,0,1,1,0,1
1906,30,Caucasian,1,0,0,0,3,0,0,0
1907,22,African-American,1,0,0,0,1,1,1,1
1908,20,Caucasian,1,0,0,0,0,0,1,0
1909,57,Caucasian,1,0,0,0,0,0,0,0
1910,51,Caucasian,1,0,0,0,3,1,1,0
1913,21,African-American,1,0,0,0,0,1,0,1
1914,22,African-American,1,0,0,0,0,1,0,1
1915,35,African-American,1,0,0,0,4,1,1,1
1917,58,Caucasian,1,0,0,0,2,1,0,0
1919,32,Caucasian,0,0,0,0,0,1,1,0
1923,30,Caucasian,1,0,0,0,9,0,1,0
1924,20,African-American,1,0,0,0,0,1,1,1
1926,45,Caucasian,0,0,0,0,5,0,0,0
1927,31,African-American,1,0,0,0,4,1,1,1
1930,53,Caucasian,0,0,0,0,1,0,0,0
1931,44,Caucasian,1,0,0,0,0,0,0,0
1938,44,Caucasian,0,0,0,0,1,0,0,0
1939,21,Caucasian,1,0,0,0,0,1,1,0
1941,28,African-American,1,0,0,0,0,0,0,1
1942,28,Caucasian,1,0,0,0,2,0,0,0
1943,24,African-American,1,0,0,0,0,1,1,1
1945,28,African-American,1,0,0,0,0,1,0,1
1948,53,Caucasian,1,0,0,0,4,1,0,0
1951,20,African-American,1,0,0,0,1,1,0,1
1952,21,African-American,1,0,0,0,0,0,0,1
1954,37,Caucasian,1,0,0,0,1,0,1,0
1957,30,Caucasian,1,0,0,0,0,0,0,0
1961,26,Caucasian,1,0,0,0,2,1,1,0
1965,26,African-American,0,0,0,0,5,1,1,1
1967,39,African-American,0,0,0,0,1,1,0,1
1971,44,African-American,1,0,0,0,2,1,0,1
1972,45,Caucasian,1,0,0,0,0,0,0,0
1974,30,African-American,1,0,0,0,1,1,0,1
1976,23,Caucasian,1,0,0,0,6,1,1,0
1983,42,African-American,1,0,0,0,0,1,0,1
1987,54,Caucasian,1,0,0,0,4,0,0,0
1990,47,African-American,1,0,0,0,7,1,1,1
1993,26,Caucasian,1,0,0,0,0,1,1,0
1994,29,Caucasian,1,0,0,0,7,0,1,0
1995,51,Caucasian,1,0,0,0,7,1,1,0
1999,44,African-American,1,0,0,0,0,0,0,1
2002,49,Caucasian,1,0,0,0,12,0,0,0
2006,22,African-American,1,0,0,0,0,1,1,1
2009,32,African-American,1,0,0,0,4,0,1,1
2010,27,African-American,1,0,0,0,0,0,0,1
2014,30,Caucasian,1,0,0,0,0,0,0,0
2024,51,Caucasian,0,0,0,0,5,1,0,0
2026,27,African-American,1,0,0,0,4,1,1,1
2027,32,African-American,1,0,0,0,0,1,1,1
2029,43,African-American,1,0,0,0,2,1,0,1
2034,37,Caucasian,1,0,0,0,2,1,0,0
2035,26,African-American,1,0,0,0,0,1,1,1
2037,26,African-American,1,0,0,0,0,0,0,1
2042,58,African-American,0,0,0,0,4,1,0,1
2045,22,Caucasian,0,0,0,1,1,0,0,0
2048,21,African-American,1,2,0,1,2,1,1,1
2051,31,Caucasian,1,0,0,0,0,1,1,0
2052,43,Caucasian,1,0,0,0,2,1,0,0
2053,23,African-American,1,0,0,0,0,0,0,1
2054,25,Caucasian,1,0,0,0,0,1,0,0
2055,22,African-American,1,0,0,0,6,1,0,1
2056,30,African-American,1,0,0,0,6,1,0,1
2057,25,African-American,1,0,3,1,15,1,1,1
2058,20,African-American,1,0,0,1,0,1,1,1
2061,33,African-American,1,0,0,0,1,1,1,1
2062,59,African-American,1,0,0,0,1,1,0,1
2064,53,African-American,1,0,0,0,8,1,1,1
2065,34,Caucasian,1,0,0,0,2,0,0,0
2066,36,Caucasian,1,0,0,0,6,1,0,0
2069,23,African-American,1,0,0,0,0,1,0,1
2070,32,African-American,1,0,0,0,2,0,0,1
2071,32,African-American,1,0,0,0,11,0,1,1
2075,24,Caucasian,0,0,0,0,0,0,0,0
2076,30,African-American,1,0,0,0,7,1,1,1
2077,28,African-American,1,0,0,0,1,0,0,1
2078,43,Caucasian,1,0,0,0,4,1,1,0
2079,35,African-American,1,0,0,0,3,0,0,1
2083,19,African-American,1,3,0,0,2,1,1,1
2087,22,African-American,1,0,0,0,1,0,1,1
2089,29,African-American,1,0,0,0,0,1,0,1
2090,23,African-American,0,0,0,0,0,0,0,1
2093,33,Caucasian,0,0,0,0,0,0,0,0
2094,35,African-American,1,0,0,0,1,0,0,1
2095,53,Caucasian,1,0,0,0,0,1,0,0
2096,59,Caucasian,1,0,0,0,17,1,1,0
2098,48,Caucasian,0,0,0,0,0,0,0,0
2099,33,African-American,0,0,0,0,1,1,0,1
2100,44,Caucasian,1,0,0,0,0,0,0,0
2101,31,Caucasian,1,0,0,0,10,1,1,0
2103,28,African-American,1,0,0,1,2,1,1,1
2107,23,African-American,1,0,0,0,0,1,1,1
2109,26,Caucasian,1,0,0,0,0,1,0,0
2110,22,African-American,1,0,3,0,3,1,0,1
2111,29,African-American,1,0,0,0,0,0,0,1
2113,20,African-American,1,0,1,1,2,1,1,1
2115,44,Caucasian,1,0,0,0,0,0,0,0
2116,41,African-American,1,0,0,0,2,1,0,1
2121,28,African-American,0,0,0,1,4,1,0,1
2123,27,Caucasian,1,0,0,0,1,0,1,0
2125,31,Caucasian,1,0,0,0,7,0,0,0
2128,26,African-American,1,0,0,0,3,1,1,1
2129,20,African-American,1,0,0,2,0,1,0,1
2130,55,Caucasian,1,0,0,0,2,0,1,0
2131,36,African-American,1,0,0,0,0,1,0,1
2134,23,African-American,1,1,0,0,1,0,0,1
2138,34,African-American,1,0,2,1,19,1,1,1
2140,59,Caucasian,0,0,0,0,1,1,0,0
2141,37,Caucasian,1,0,0,0,0,1,1,0
2143,28,Caucasian,0,0,0,0,0,1,1,0
2147,31,African-American,1,0,0,0,0,1,0,1
2148,38,African-American,0,0,0,0,14,1,1,1
2149,33,African-American,1,0,0,0,0,1,1,1
2150,27,African-American,1,0,0,0,3,1,1,1
2151,25,Caucasian,1,0,0,0,2,0,1,0
2152,42,African-American,0,0,0,0,2,1,0,1
2153,22,African-American,1,0,0,0,3,1,1,1
2156,45,Caucasian,1,0,0,0,1,1,1,0
2157,21,African-American,0,0,0,0,1,0,1,1
2159,52,Caucasian,1,0,0,0,2,0,0,0
2161,29,Caucasian,1,0,0,0,0,0,0,0
2162,37,African-American,0,0,0,0,0,0,0,1
2163,34,Caucasian,1,0,0,1,0,1,0,0
2165,53,African-American,1,0,0,0,0,0,1,1
2166,30,African-American,0,0,0,0,8,1,1,1
2169,28,Caucasian,1,0,0,0,1,1,0,0
2170,21,African-American,1,0,0,0,1,1,0,1
2171,22,African-American,1,0,0,0,1,1,0,1
2176,42,Caucasian,1,0,0,0,1,0,1,0
2178,26,African-American,1,0,0,0,3,1,1,1
2179,54,African-American,1,0,0,0,9,0,0,1
2181,30,African-American,1,2,0,0,20,1,1,1
2182,26,African-American,0,0,0,0,1,1,1,1
2183,41,African-American,1,0,0,0,0,0,0,1
2184,23,Caucasian,1,1,0,1,5,0,1,0
2186,43,Caucasian,1,0,0,0,1,1,1,0
2188,22,African-American,1,0,0,0,0,0,1,1
2193,27,Caucasian,0,0,0,0,6,1,1,0
2194,42,African-American,0,0,0,0,2,0,0,1
2195,25,African-American,1,0,0,0,8,1,1,1
2196,49,African-American,1,0,0,0,4,0,0,1
2198,52,Caucasian,1,0,0,0,1,1,0,0
2201,60,Caucasian,0,0,0,0,2,1,0,0
2205,23,African-American,0,0,0,0,0,0,0,1
2206,30,African-American,1,0,0,0,2,0,0,1
2207,48,African-American,1,0,0,0,9,1,1,1
2208,32,African-American,1,0,0,0,2,1,1,1
2211,24,African-American,1,0,0,0,5,1,1,1
2215,22,African-American,1,0,0,0,3,1,1,1
2216,44,African-American,1,0,0,0,2,1,0,1
2217,32,Caucasian,1,0,0,0,3,1,0,0
2218,27,African-American,0,0,0,0,1,0,0,1
2220,52,African-American,1,0,0,0,15,0,1,1
2221,61,Caucasian,1,0,0,0,3,0,1,0
2222,69,African-American,1,0,0,0,3,0,0,1
2224,21,Caucasian,0,0,0,0,1,1,0,0
2226,31,Caucasian,1,1,0,0,2,0,1,0
2228,19,African-American,1,0,2,0,3,1,1,1
2231,24,African-American,1,0,5,0,12,0,1,1
2233,24,Caucasian,1,0,0,0,3,1,1,0
2235,30,Caucasian,1,0,0,0,6,1,0,0
2236,43,African-American,1,0,0,0,4,1,1,1
2237,24,African-American,1,0,0,1,4,1,0,1
2239,30,Caucasian,0,0,0,0,7,0,0,0
2240,25,African-American,1,0,0,0,5,1,1,1
2245,56,Caucasian,0,0,0,0,1,1,0,0
2246,21,African-American,1,0,0,0,1,1,0,1
2247,31,African-American,1,3,0,0,6,1,1,1
2248,23,African-American,0,0,0,0,1,1,0,1
2250,30,African-American,1,1,0,2,15,1,1,1
2256,64,Caucasian,1,0,0,0,0,1,0,0
2258,21,Caucasian,0,0,0,0,0,1,1,0
2259,36,African-American,1,0,0,0,5,1,0,1
2261,50,African-American,0,0,0,0,1,1,0,1
2262,23,African-American,1,0,0,0,0,0,1,1
2268,25,Caucasian,0,0,0,0,5,1,0,0
2274,54,Caucasian,1,0,0,0,14,0,1,0
2277,25,Caucasian,1,0,0,1,5,0,1,0
2278,63,Caucasian,1,0,0,0,0,0,1,0
2279,35,African-American,1,0,0,0,2,0,0,1
2283,25,African-American,1,0,0,0,8,0,1,1
2284,33,Caucasian,1,0,0,0,0,0,0,0
2285,29,African-American,1,0,0,0,7,1,0,1
2287,37,African-American,1,1,0,1,12,0,1,1
2289,20,Caucasian,0,0,2,1,3,0,1,0
2290,32,African-American,1,0,0,0,1,1,1,1
2291,72,Caucasian,1,0,0,0,1,0,0,0
2292,38,Caucasian,1,0,0,0,0,1,0,0
2293,40,Caucasian,1,0,0,0,0,1,0,0
2294,23,Caucasian,1,0,0,0,0,1,0,0
2297,21,Caucasian,1,0,0,0,5,1,1,0
2299,27,Caucasian,1,0,0,0,4,1,1,0
2300,55,Caucasian,1,0,0,0,13,1,1,0
2303,41,Caucasian,0,0,0,0,0,0,0,0
2306,56,Caucasian,1,0,0,0,1,0,0,0
2307,55,Caucasian,1,0,0,0,11,0,0,0
2310,28,African-American,1,0,0,0,3,1,0,1
2316,53,Caucasian,1,0,0,0,0,0,0,0
2317,27,African-American,1,0,0,0,6,1,1,1
2318,22,Caucasian,1,0,0,0,0,1,1,0
2320,22,African-American,0,0,0,1,0,1,1,1
2321,33,African-American,1,0,0,0,7,0,1,1
2322,34,African-American,1,0,0,0,15,1,0,1
2326,32,African-American,1,0,0,0,12,1,0,1
2327,47,African-American,1,4,0,1,14,1,1,1
2329,25,African-American,1,0,4,4,14,1,1,1
2332,56,Caucasian,1,0,0,0,0,1,0,0
2335,28,African-American,1,0,0,0,4,1,1,1
2336,20,African-American,1,2,0,0,2,1,1,1
2342,29,African-American,0,0,0,0,11,1,0,1
2343,72,Caucasian,1,0,0,0,3,1,0,0
2344,24,African-American,0,0,0,0,2,0,1,1
2349,45,African-American,1,0,0,0,3,1,0,1
2350,30,African-American,1,0,0,0,7,0,1,1
2352,45,African-American,1,0,0,0,0,0,0,1
2353,47,Caucasian,1,0,0,0,0,0,0,0
2354,24,African-American,1,0,0,0,0,1,1,1
2355,20,African-American,1,0,0,0,0,0,1,1
2356,51,Caucasian,1,0,0,0,6,1,1,0
2361,49,Caucasian,0,0,0,0,2,0,1,0
2363,41,Caucasian,1,0,0,0,5,1,0,0
2365,49,Caucasian,1,0,0,0,1,1,0,0
2370,28,African-American,0,0,0,0,0,0,0,1
2371,33,Caucasian,1,0,0,0,2,0,0,0
2372,46,African-American,1,0,0,0,0,1,0,1
2374,21,African-American,1,0,0,0,0,0,0,1
2376,26,African-American,1,0,1,3,14,1,1,1
2382,58,African-American,1,0,0,0,24,1,1,1
2385,20,African-American,0,0,0,3,2,1,1,1
2386,28,African-American,1,0,0,0,0,0,1,1
2387,21,Caucasian,1,0,0,0,0,1,1,0
2389,34,African-American,1,0,0,0,3,0,0,1
2390,32,African-American,1,2,0,0,15,1,1,1
2392,38,African-American,1,0,0,1,10,1,1,1
2393,22,African-American,1,0,0,0,0,1,0,1
2394,42,Caucasian,1,0,0,0,2,1,1,0
2396,57,Caucasian,0,0,0,0,0,0,0,0
2398,56,Caucasian,0,0,0,0,1,1,0,0
2400,30,African-American,1,0,2,2,11,1,0,1
2401,29,African-American,1,0,0,0,2,0,0,1
2402,46,African-American,1,0,0,1,15,1,1,1
2405,24,African-American,0,0,0,0,0,1,0,1
2406,70,African-American,0,0,0,0,1,1,0,1
2408,45,Caucasian,0,0,0,0,1,0,0,0
2411,39,African-American,0,0,1,0,6,1,0,1
2412,25,Caucasian,1,0,1,0,6,1,0,0
2418,46,Caucasian,1,0,0,0,0,1,0,0
2420,28,Caucasian,1,0,0,0,0,0,1,0
2422,27,African-American,1,0,0,0,1,1,0,1
2425,43,Caucasian,1,0,0,0,11,1,1,0
2427,30,African-American,1,0,0,0,9,1,1,1
2429,29,Caucasian,1,0,0,0,1,1,0,0
2430,54,African-American,1,0,0,0,8,1,1,1
2431,20,Caucasian,0,0,0,0,0,1,0,0
2432,29,African-American,1,0,0,0,0,1,0,1
2442,24,African-American,1,0,2,1,8,1,1,1
2444,45,African-American,1,0,0,0,2,0,0,1
2445,31,African-American,1,0,0,0,5,1,1,1
2446,23,Caucasian,1,0,0,0,0,1,1,0
2448,21,African-American,1,0,0,0,0,1,1,1
2451,61,Caucasian,1,0,0,0,0,0,0,0
2453,51,Caucasian,0,0,0,0,5,0,1,0
2456,43,Caucasian,1,0,0,0,9,1,0,0
2459,36,African-American,1,0,0,0,0,1,0,1
2460,58,Caucasian,1,0,0,0,3,1,1,0
2464,57,African-American,1,0,0,0,12,1,0,1
2465,37,African-American,1,0,0,0,2,1,0,1
2467,44,African-American,1,0,0,0,6,1,0,1
2474,45,African-American,1,0,0,0,8,1,1,1
2476,26,African-American,1,0,1,1,13,1,1,1
2477,34,Caucasian,1,1,0,0,9,1,1,0
2478,25,African-American,1,0,0,0,0,1,0,1
2479,31,African-American,1,0,0,0,8,0,1,1
2480,43,African-American,1,0,0,0,1,1,0,1
2482,30,African-American,1,0,0,0,0,0,0,1
2484,50,Caucasian,1,0,0,0,0,0,0,0
2485,31,African-American,0,0,0,0,2,1,0,1
2486,33,Caucasian,0,0,0,0,7,0,0,0
2487,32,African-American,1,0,0,0,1,1,1,1
2488,46,Caucasian,0,0,0,0,0,0,1,0
2490,37,African-American,1,0,0,0,8,1,1,1
2493,32,Caucasian,0,0,0,0,6,1,1,0
2494,23,African-American,0,0,0,0,2,1,1,1
2495,21,Caucasian,1,0,0,0,0,1,0,0
2498,49,Caucasian,1,0,0,0,2,0,0,0
2499,55,Caucasian,1,0,0,0,3,1,1,0
2501,22,African-American,1,0,0,0,0,1,0,1
2503,31,African-American,0,0,0,0,7,1,1,1
2504,22,Caucasian,1,0,0,1,0,0,1,0
2507,28,African-American,1,0,0,0,5,0,0,1
2509,21,African-American,1,0,0,0,1,1,1,1
2512,30,African-American,1,0,2,0,21,1,1,1
2513,22,African-American,1,0,0,1,13,1,1,1
2514,35,African-American,1,0,1,0,23,1,1,1
2515,28,African-American,1,2,1,0,11,1,0,1
2516,24,African-American,1,0,0,0,1,1,0,1
2519,32,African-American,1,1,3,0,24,1,1,1
2521,24,African-American,0,0,0,0,1,1,0,1
2523,57,African-American,1,0,0,0,19,1,0,1
2525,28,Caucasian,1,0,0,0,0,1,0,0
2526,51,Caucasian,1,0,0,0,0,0,0,0
2529,26,African-American,1,0,0,0,0,0,1,1
2530,20,African-American,1,0,0,3,0,1,1,1
2532,25,African-American,1,0,1,0,6,0,0,1
2533,19,Caucasian,1,0,0,0,0,0,1,0
2534,49,Caucasian,1,0,0,0,1,1,1,0
2536,57,African-American,1,0,0,0,27,0,0,1
2537,27,African-American,0,0,0,0,0,0,0,1
2538,66,Caucasian,1,0,0,0,1,0,0,0
2540,21,Caucasian,1,0,0,0,0,1,0,0
2541,45,Caucasian,1,0,0,0,1,1,0,0
2543,37,African-American,1,2,3,0,24,1,0,1
2544,44,Caucasian,1,0,0,0,13,1,1,0
2546,64,African-American,1,0,0,0,0,1,0,1
2548,30,African-American,1,0,0,0,1,1,1,1
2549,61,African-American,1,0,0,0,1,0,0,1
2554,49,Caucasian,0,0,0,0,8,1,0,0
2556,23,African-American,1,0,0,0,0,1,0,1
2560,21,Caucasian,1,0,0,0,0,1,1,0
2561,30,Caucasian,0,0,0,0,2,1,1,0
2566,27,African-American,1,0,0,1,2,0,0,1
2567,38,Caucasian,1,0,0,0,1,0,0,0
2568,48,African-American,1,0,0,0,14,1,1,1
2569,26,Caucasian,1,0,0,0,0,0,0,0
2571,24,African-American,1,0,1,0,4,1,1,1
2572,28,African-American,0,0,0,0,2,1,1,1
2573,44,Caucasian,0,0,0,0,4,1,1,0
2574,23,Caucasian,1,0,0,1,2,1,0,0
2575,34,Caucasian,0,0,0,0,1,1,1,0
2576,20,Caucasian,1,0,1,0,1,1,1,0
2579,36,African-American,0,0,0,0,0,0,0,1
2580,58,Caucasian,1,0,0,0,1,1,0,0
2583,35,Caucasian,0,0,0,0,4,1,0,0
2584,23,African-American,1,0,0,0,3,1,0,1
2586,40,Caucasian,1,0,0,0,1,1,0,0
2591,23,African-American,1,0,0,0,3,0,1,1
2592,27,Caucasian,1,0,0,0,0,0,1,0
2593,26,African-American,0,0,0,0,3,1,0,1
2594,49,African-American,1,0,0,0,1,1,0,1
2602,47,African-American,1,0,0,0,6,1,0,1
2604,34,African-American,1,0,0,0,7,1,1,1
2606,27,African-American,1,0,0,0,10,1,0,1
2607,52,Caucasian,0,0,0,0,0,0,0,0
2608,26,African-American,1,0,0,0,0,0,1,1
2609,25,African-American,1,0,0,1,9,1,0,1
2610,51,African-American,1,0,0,0,1,1,0,1
2611,29,African-American,0,0,0,0,1,0,0,1
2613,46,Caucasian,1,0,0,0,0,1,0,0
2614,28,Caucasian,1,0,0,0,6,1,0,0
2615,57,African-American,1,0,0,0,0,1,0,1
2618,34,African-American,1,0,0,0,27,1,1,1
2619,27,African-American,1,0,0,0,3,1,0,1
2620,25,African-American,1,0,0,1,7,0,1,1
2621,31,Caucasian,1,0,0,0,1,1,1,0
2623,37,African-American,1,0,0,0,8,1,0,1
2624,51,African-American,1,0,0,0,0,1,1,1
2630,28,African-American,1,0,1,0,8,1,0,1
2632,56,Caucasian,1,0,0,0,4,1,0,0
2633,45,African-American,1,0,0,0,15,1,1,1
2634,26,Caucasian,1,0,0,0,7,1,1,0
2637,33,Caucasian,1,0,0,0,7,1,1,0
2638,23,Caucasian,1,0,0,3,0,0,0,0
2639,31,African-American,1,0,0,0,0,0,0,1
2643,32,Caucasian,1,0,0,0,0,1,0,0
2644,30,Caucasian,1,0,0,0,1,0,1,0
2649,66,Caucasian,1,0,0,0,1,1,0,0
2650,40,African-American,0,0,0,0,0,1,0,1
2651,59,African-American,1,0,0,0,4,0,0,1
2654,27,African-American,1,0,0,0,3,0,0,1
2655,22,African-American,1,0,0,0,0,1,0,1
2656,58,Caucasian,1,0,0,0,1,1,0,0
2658,29,Caucasian,1,0,0,0,2,1,0,0
2664,27,African-American,1,0,0,0,0,1,1,1
2667,24,Caucasian,1,0,0,0,0,1,0,0
2668,35,Caucasian,0,0,1,0,3,1,0,0
2671,29,African-American,1,0,2,1,7,1,1,1
2672,30,African-American,1,1,0,0,5,1,1,1
2673,23,African-American,1,0,1,1,1,1,0,1
2676,32,Caucasian,1,0,0,0,2,1,1,0
2677,22,Caucasian,1,0,0,0,2,1,0,0
2678,21,African-American,1,0,0,0,0,0,0,1
2679,43,Caucasian,0,0,0,0,0,0,0,0
2680,29,African-American,1,0,0,0,0,1,0,1
2681,43,African-American,1,0,0,0,1,1,0,1
2682,25,African-American,1,0,0,0,1,1,0,1
2683,47,Caucasian,1,0,0,0,0,0,0,0
2685,21,African-American,0,0,0,0,0,1,0,1
2687,54,Caucasian,1,0,0,0,0,0,0,0
2688,34,African-American,1,0,0,1,3,1,1,1
2689,28,African-American,0,0,0,0,2,0,0,1
2690,53,Caucasian,0,0,0,0,4,1,1,0
2691,54,African-American,1,0,0,0,0,0,0,1
2696,34,African-American,1,0,0,0,2,1,0,1
2698,60,Caucasian,0,0,0,0,0,1,1,0
2700,22,African-American,1,0,0,0,0,1,0,1
2703,51,African-American,1,0,0,0,3,1,0,1
2704,29,African-American,1,0,0,0,0,1,1,1
2708,28,African-American,1,0,0,1,5,0,0,1
2711,33,Caucasian,1,0,0,0,0,1,1,0
2713,43,Caucasian,1,0,0,0,4,0,0,0
2716,32,Caucasian,1,0,0,0,5,1,1,0
2718,35,African-American,0,0,0,0,0,1,1,1
2719,23,African-American,1,0,0,0,1,1,1,1
2723,25,African-American,1,0,0,0,4,1,1,1
2724,69,Caucasian,1,0,0,0,6,1,1,0
2732,47,African-American,1,0,0,0,23,1,1,1
2735,29,African-American,1,0,1,0,13,1,1,1
2737,26,African-American,1,0,0,0,9,1,1,1
2745,28,Caucasian,1,0,0,0,0,1,0,0
2746,48,Caucasian,1,0,0,0,1,0,1,0
2748,44,Caucasian,1,0,0,0,0,0,0,0
2749,42,African-American,1,0,0,0,7,0,0,1
2750,39,African-American,1,0,0,0,5,1,0,1
2752,55,Caucasian,1,0,0,0,0,0,0,0
2753,27,African-American,1,0,0,0,5,1,1,1
2754,31,Caucasian,0,0,0,0,0,0,0,0
2758,25,African-American,1,0,0,0,0,1,0,1
2759,32,Caucasian,1,0,0,2,6,0,0,0
2760,36,African-American,1,0,0,0,2,1,0,1
2762,21,African-American,1,0,0,0,3,1,1,1
2764,39,Caucasian,1,0,0,0,2,0,0,0
2765,26,African-American,0,0,0,0,0,0,0,1
2766,28,African-American,1,0,0,0,8,1,1,1
2767,67,Caucasian,1,0,0,0,2,0,1,0
2771,37,Caucasian,1,0,0,0,3,0,0,0
2772,23,African-American,1,0,0,0,2,0,1,1
2773,49,African-American,0,0,0,0,14,0,1,1
2775,32,Caucasian,1,0,0,0,9,0,1,0
2776,41,Caucasian,1,0,0,0,9,0,0,0
2777,25,African-American,1,0,0,0,1,0,0,1
2780,58,Caucasian,1,0,0,0,0,0,0,0
2782,44,African-American,1,2,0,0,19,0,1,1
2786,28,African-American,1,0,0,0,1,1,0,1
2787,39,African-American,0,0,0,0,0,1,1,1
2788,54,Caucasian,1,0,0,0,0,1,0,0
2790,43,Caucasian,1,0,0,0,0,0,0,0
2792,31,African-American,1,0,0,0,5,0,0,1
2793,30,African-American,1,4,1,0,11,1,0,1
2794,27,Caucasian,1,0,1,3,4,0,1,0
2797,28,African-American,1,0,0,0,0,0,1,1
2800,24,African-American,1,0,0,0,0,0,0,1
2802,43,Caucasian,1,0,0,0,0,0,0,0
2804,44,African-American,1,0,0,0,10,0,1,1
2809,23,African-American,1,0,0,0,0,1,0,1
2814,36,Caucasian,1,0,0,0,5,0,1,0
2817,27,Caucasian,1,0,0,0,1,1,0,0
2819,24,African-American,1,0,0,0,0,1,1,1
2820,66,Caucasian,1,0,0,0,0,0,0,0
2821,36,Caucasian,0,0,0,1,3,1,0,0
2825,23,Caucasian,1,0,0,0,1,1,1,0
2828,22,African-American,0,0,0,0,0,0,1,1
2830,56,African-American,1,0,0,0,4,1,0,1
2837,58,African-American,0,0,0,0,3,0,0,1
2841,24,Caucasian,1,0,1,2,3,0,0,0
2842,22,African-American,1,0,0,0,0,1,1,1
2843,39,Caucasian,1,0,0,0,0,0,0,0
2845,46,Caucasian,1,0,0,0,10,1,1,0
2846,38,Caucasian,1,0,0,0,1,1,1,0
2848,23,Caucasian,1,0,0,0,0,0,1,0
2852,25,African-American,1,0,0,0,0,1,0,1
2854,31,African-American,1,0,0,0,19,1,1,1
2855,25,African-American,0,0,0,0,1,0,1,1
2856,26,African-American,1,0,0,0,6,1,0,1
2857,25,African-American,1,0,0,1,2,1,0,1
2859,37,Caucasian,1,0,0,0,11,1,1,0
2860,36,African-American,1,0,0,0,0,1,0,1
2862,26,African-American,1,0,0,0,1,1,1,1
2864,35,African-American,1,0,0,0,7,1,1,1
2865,22,African-American,1,0,0,0,2,1,1,1
2867,25,Caucasian,1,0,0,0,0,1,0,0
2870,24,African-American,1,0,0,0,2,0,1,1
2871,21,African-American,1,0,0,1,0,1,1,1
2873,32,Caucasian,1,2,0,1,15,1,1,0
2874,33,African-American,1,0,0,0,2,0,1,1
2875,33,African-American,1,0,0,0,10,1,1,1
2879,29,Caucasian,1,0,0,0,0,0,0,0
2880,50,Caucasian,1,0,0,0,8,1,0,0
2883,33,African-American,1,0,0,0,14,1,1,1
2885,37,African-American,1,0,1,0,13,1,1,1
2886,27,African-American,1,0,0,0,9,1,1,1
2887,27,African-American,1,0,0,0,0,0,0,1
2892,58,African-American,1,0,0,0,1,1,0,1
2893,27,African-American,1,0,0,0,4,1,0,1
2897,28,Caucasian,1,0,0,0,1,1,1,0
2898,31,Caucasian,0,0,0,0,0,0,0,0
2900,24,African-American,1,0,0,0,3,0,0,1
2901,26,African-American,1,0,0,0,6,1,1,1
2902,43,Caucasian,1,0,0,0,0,0,0,0
2907,22,African-American,1,0,0,0,3,1,1,1
2908,23,African-American,1,0,0,0,0,1,0,1
2910,42,Caucasian,1,0,0,0,0,0,0,0
2913,30,African-American,1,0,3,0,18,0,0,1
2914,29,African-American,1,0,0,0,1,1,0,1
2915,38,Caucasian,1,0,0,0,2,1,1,0
2917,26,Caucasian,1,0,0,1,3,0,0,0
2922,51,African-American,1,0,0,0,5,0,0,1
2926,23,African-American,1,0,0,0,0,1,1,1
2927,34,African-American,1,0,0,0,7,1,1,1
2928,35,African-American,1,0,0,0,1,0,0,1
2929,22,Caucasian,1,0,0,0,0,1,0,0
2930,29,African-American,1,0,0,0,10,0,1,1
2931,40,African-American,1,0,0,0,0,1,0,1
2932,36,African-American,1,0,0,0,2,1,0,1
2933,26,African-American,1,0,0,0,8,1,1,1
2934,25,African-American,1,0,0,0,1,1,1,1
2935,69,Caucasian,1,0,0,0,0,0,0,0
2936,27,African-American,1,0,1,0,1,1,0,1
2937,20,Caucasian,1,0,0,0,0,1,1,0
2938,27,African-American,1,0,0,0,1,1,0,1
2939,24,African-American,0,0,0,0,6,0,0,1
2943,42,Caucasian,1,0,0,0,0,1,0,0
2946,25,Caucasian,1,0,0,0,1,1,0,0
2951,25,African-American,1,0,0,0,0,1,0,1
2952,22,African-American,1,0,0,0,0,1,0,1
2954,21,Caucasian,1,0,0,0,0,1,0,0
2955,30,African-American,1,0,0,0,1,0,0,1
2956,46,Caucasian,1,0,0,0,9,0,0,0
2959,26,African-American,1,0,0,0,2,0,0,1
2961,33,African-American,1,0,0,0,0,1,1,1
2962,40,African-American,1,0,0,0,1,0,0,1
2963,34,Caucasian,1,0,0,0,0,1,0,0
2964,22,Caucasian,1,0,0,0,1,1,1,0
2968,31,African-American,1,0,0,0,4,0,1,1
2969,59,Caucasian,1,0,0,0,3,0,1,0
2972,50,African-American,1,0,0,0,0,1,0,1
2974,57,African-American,1,0,0,0,8,1,1,1
2976,31,African-American,1,0,0,0,5,0,0,1
2979,44,African-American,1,0,0,0,9,1,0,1
2982,48,African-American,1,0,0,0,5,1,1,1
2983,25,Caucasian,0,0,0,0,0,1,0,0
2984,51,African-American,1,0,0,0,5,0,0,1
2985,50,Caucasian,1,0,0,0,0,1,1,0
2988,57,Caucasian,1,0,0,0,2,1,0,0
2990,55,Caucasian,1,0,0,0,0,0,0,0
2991,59,African-American,1,0,0,0,4,1,1,1
2992,42,African-American,0,0,0,0,0,1,0,1
2997,32,African-American,1,0,0,0,21,1,1,1
3003,42,African-American,1,0,0,0,1,1,0,1
3004,29,African-American,1,0,0,0,8,1,1,1
3005,21,African-American,1,0,0,0,1,1,0,1
3010,58,Caucasian,1,0,0,0,0,0,0,0
3014,22,African-American,1,0,0,1,1,1,1,1
3015,46,Caucasian,1,0,0,0,1,0,1,0
3019,50,Caucasian,1,0,0,0,0,0,1,0
3020,46,African-American,1,0,0,0,2,1,0,1
3021,44,African-American,0,0,1,0,11,1,1,1
3022,35,African-American,1,0,0,0,4,0,0,1
3023,30,African-American,1,0,1,0,14,1,1,1
3025,42,African-American,1,0,0,0,2,1,0,1
3027,46,African-American,1,0,0,0,5,1,1,1
3029,42,African-American,1,0,0,0,0,1,1,1
3031,29,Caucasian,1,0,0,0,7,1,1,0
3032,32,African-American,1,0,0,1,8,1,0,1
3034,33,African-American,0,0,0,0,1,0,0,1
3035,25,Caucasian,1,0,0,0,4,1,0,0
3036,33,African-American,0,0,0,0,0,0,0,1
3039,35,Caucasian,1,0,0,0,1,1,1,0
3040,56,African-American,1,0,0,0,1,1,0,1
3041,38,Caucasian,1,0,0,0,0,0,1,0
3042,40,African-American,0,0,0,0,4,0,0,1
3046,28,African-American,1,0,0,1,4,1,0,1
3051,51,African-American,1,0,0,0,0,0,0,1
3053,35,African-American,1,0,0,0,2,0,0,1
3055,61,African-American,1,0,0,0,5,1,0,1
3056,25,African-American,1,0,0,0,0,1,0,1
3057,25,African-American,1,0,0,0,4,1,1,1
3058,26,African-American,1,0,0,0,0,0,0,1
3064,42,Caucasian,1,0,0,0,1,0,0,0
3066,25,African-American,0,0,0,0,1,1,0,1
3067,26,African-American,1,0,1,0,13,0,1,1
3068,31,African-American,1,0,0,0,9,1,0,1
3069,35,Caucasian,1,0,0,1,1,1,0,0
3074,34,Caucasian,1,0,0,0,0,1,0,0
3078,33,Caucasian,0,0,0,0,1,0,0,0
3081,30,African-American,1,0,0,1,3,1,0,1
3084,50,African-American,0,0,0,0,7,0,0,1
3085,21,African-American,1,0,0,0,0,1,0,1
3087,31,African-American,1,0,0,0,2,1,1,1
3089,23,African-American,0,0,0,0,0,0,0,1
3090,25,African-American,1,0,0,0,1,1,0,1
3093,24,Caucasian,0,0,0,0,1,1,0,0
3094,31,African-American,1,0,0,0,13,0,1,1
3096,60,African-American,1,0,0,0,0,1,0,1
3101,30,African-American,1,0,0,0,2,1,0,1
3107,46,Caucasian,1,0,0,0,0,0,0,0
3110,21,Caucasian,1,0,0,1,0,0,1,0
3112,35,African-American,1,0,0,0,0,1,0,1
3116,23,African-American,1,0,0,0,1,1,1,1
3117,23,African-American,1,0,0,0,3,1,1,1
3118,28,African-American,1,0,0,0,2,0,0,1
3122,46,Caucasian,1,0,0,1,2,0,0,0
3129,56,African-American,1,0,0,0,1,1,0,1
3134,24,African-American,1,0,0,0,1,0,1,1
3136,33,Caucasian,0,0,0,0,0,0,0,0
3137,48,Caucasian,1,0,0,0,2,0,0,0
3138,33,African-American,1,0,0,0,11,1,1,1
3145,30,African-American,1,0,1,1,7,1,1,1
3152,43,Caucasian,0,0,0,0,7,1,0,0
3153,32,Caucasian,1,0,0,0,0,1,0,0
3156,49,Caucasian,1,0,0,0,4,1,0,0
3157,24,Caucasian,1,0,0,0,0,1,0,0
3158,26,African-American,1,0,0,0,1,1,0,1
3159,42,Caucasian,1,0,0,0,0,1,0,0
3160,22,African-American,1,0,0,0,1,1,1,1
3162,29,Caucasian,1,0,0,1,7,0,1,0
3163,39,Caucasian,1,0,0,0,0,0,0,0
3164,27,African-American,1,0,2,1,13,1,1,1
3165,38,Caucasian,1,0,0,0,2,1,1,0
3166,20,Caucasian,1,0,0,0,0,1,1,0
3168,25,African-American,1,2,0,0,4,1,1,1
3169,53,Caucasian,1,0,0,0,0,0,0,0
3170,27,African-American,0,0,0,0,0,0,1,1
3175,50,Caucasian,1,0,0,0,1,0,1,0
3176,41,African-American,1,0,0,0,4,1,0,1
3178,22,Caucasian,1,0,0,2,5,1,1,0
3181,22,Caucasian,1,0,0,2,0,1,1,0
3182,25,African-American,1,0,0,0,2,1,0,1
3183,42,African-American,1,0,0,0,1,1,1,1
3190,24,African-American,1,0,0,1,0,1,0,1
3191,37,African-American,1,0,0,0,4,1,0,1
3192,37,Caucasian,1,0,0,0,0,0,0,0
3200,35,African-American,1,0,0,0,1,1,1,1
3203,24,Caucasian,0,0,0,0,0,1,0,0
3205,49,Caucasian,1,0,0,0,2,0,0,0
3206,38,African-American,1,0,0,0,9,1,0,1
3208,30,African-American,0,0,0,0,0,0,0,1
3209,22,African-American,1,0,0,0,3,1,0,1
3212,25,African-American,1,0,0,0,0,1,1,1
3215,52,Caucasian,1,0,0,0,0,0,0,0
3217,26,Caucasian,1,0,0,0,0,1,0,0
3223,45,Caucasian,1,0,0,0,9,1,1,0
3225,20,African-American,1,0,0,0,0,1,1,1
3226,29,African-American,1,0,0,0,4,1,0,1
3227,43,Caucasian,1,0,0,0,1,1,1,0
3229,26,Caucasian,1,0,0,0,2,1,0,0
3230,46,African-American,0,0,0,0,4,1,0,1
3232,46,African-American,0,0,0,0,0,1,0,1
3236,29,African-American,1,0,0,0,12,1,1,1
3237,41,Caucasian,1,0,0,0,0,0,0,0
3240,25,African-American,0,0,0,0,5,1,0,1
3242,23,African-American,1,1,0,0,2,1,0,1
3246,30,Caucasian,1,0,0,0,0,0,0,0
3247,34,Caucasian,1,0,0,0,1,1,0,0
3248,70,Caucasian,1,0,0,0,11,1,1,0
3250,52,Caucasian,1,0,0,0,2,1,0,0
3255,51,African-American,1,0,0,0,4,0,0,1
3260,55,African-American,1,0,0,0,21,1,1,1
3261,49,Caucasian,0,0,0,0,1,1,0,0
3265,47,Caucasian,0,0,0,0,0,1,0,0
3267,27,African-American,1,0,0,0,0,0,0,1
3268,25,Caucasian,1,0,2,0,5,0,1,0
3270,21,African-American,1,0,1,0,1,1,1,1
3272,37,African-American,1,0,0,1,26,1,1,1
3273,21,African-American,1,0,0,0,1,1,1,1
3274,21,African-American,1,0,0,0,0,1,0,1
3278,25,African-American,1,0,0,0,4,1,1,1
3280,27,African-American,0,0,0,0,3,1,1,1
3281,30,Caucasian,1,0,0,0,3,1,1,0
3283,70,Caucasian,1,0,0,0,0,0,0,0
3284,37,Caucasian,1,0,0,0,11,1,1,0
3285,46,African-American,1,0,0,0,5,1,1,1
3288,43,African-American,1,0,0,0,18,1,1,1
3289,38,African-American,1,0,0,0,15,1,0,1
3290,29,African-American,1,0,0,0,0,1,0,1
3291,37,African-American,1,0,0,0,8,0,1,1
3293,27,Caucasian,0,0,0,0,0,1,0,0
3298,31,Caucasian,1,0,0,0,6,0,0,0
3299,29,African-American,1,0,0,0,3,1,1,1
3301,30,African-American,0,0,0,0,0,0,0,1
3302,25,Caucasian,0,0,0,0,2,1,1,0
3304,40,African-American,1,0,0,0,3,1,0,1
3306,33,Caucasian,1,0,0,0,1,0,0,0
3309,26,Caucasian,1,0,0,0,5,1,1,0
3312,61,Caucasian,1,0,0,0,1,0,0,0
3314,30,Caucasian,1,0,0,0,2,1,0,0
3315,62,Caucasian,1,0,0,0,0,0,0,0
3316,27,Caucasian,0,0,0,0,4,0,1,0
3318,48,Caucasian,1,0,0,0,9,1,0,0
3319,40,Caucasian,0,0,0,0,0,1,0,0
3320,24,Caucasian,1,0,0,0,0,1,0,0
3322,22,African-American,1,0,0,0,0,1,1,1
3323,30,African-American,1,0,0,0,4,0,1,1
3324,63,Caucasian,1,0,0,0,0,0,0,0
3326,33,African-American,1,0,0,0,4,1,0,1
3329,43,Caucasian,1,0,0,0,0,0,1,0
3331,26,African-American,1,0,0,0,3,1,1,1
3332,51,African-American,1,0,0,0,1,1,0,1
3333,39,Caucasian,1,0,0,0,3,1,1,0
3337,32,African-American,1,0,0,0,14,1,1,1
3338,22,African-American,1,0,0,0,0,0,0,1
3339,59,Caucasian,1,0,0,0,0,1,0,0
3340,38,African-American,1,0,5,0,37,0,1,1
3341,23,African-American,1,0,0,0,2,1,0,1
3342,42,African-American,1,0,0,0,0,0,1,1
3344,38,African-American,1,0,0,0,2,1,1,1
3345,34,Caucasian,0,0,0,0,2,1,0,0
3347,36,African-American,0,0,0,0,7,1,1,1
3349,36,African-American,1,0,0,0,0,0,1,1
3350,31,African-American,1,0,0,0,1,1,0,1
3351,28,African-American,0,0,0,0,3,1,1,1
3354,28,African-American,1,0,0,0,1,1,1,1
3357,43,African-American,1,0,0,0,0,1,0,1
3358,40,African-American,1,0,0,0,1,1,0,1
3359,31,African-American,1,0,2,0,15,1,1,1
3360,54,African-American,1,0,0,0,6,1,1,1
3362,24,African-American,1,0,0,0,17,1,1,1
3369,21,African-American,1,0,0,1,1,1,1,1
3371,22,African-American,1,0,0,1,0,1,0,1
3380,45,African-American,0,0,0,0,1,1,0,1
3381,29,African-American,1,0,0,0,1,0,1,1
3383,46,African-American,1,0,0,0,10,1,1,1
3384,21,Caucasian,1,0,1,2,1,1,0,0
3386,35,Caucasian,1,0,0,0,6,1,1,0
3387,52,African-American,1,0,0,0,1,0,1,1
3390,48,Caucasian,1,0,0,0,0,0,0,0
3391,29,African-American,0,0,0,3,9,0,1,1
3392,48,Caucasian,1,0,0,0,0,0,0,0
3393,31,African-American,1,0,0,0,10,1,1,1
3394,21,Caucasian,1,0,0,0,3,1,1,0
3396,47,African-American,1,0,0,0,0,0,0,1
3398,21,African-American,1,1,2,2,3,1,1,1
3399,35,African-American,1,3,0,0,13,1,0,1
3401,46,African-American,1,0,0,0,3,0,1,1
3403,34,African-American,1,0,0,0,5,1,1,1
3404,52,African-American,1,0,0,0,2,1,0,1
3406,21,Caucasian,1,0,0,0,0,0,1,0
3407,53,Caucasian,1,0,0,0,1,0,0,0
3408,19,Caucasian,0,0,0,0,0,1,1,0
3409,22,African-American,1,0,0,0,0,0,0,1
3410,45,African-American,1,0,0,0,1,1,0,1
3411,27,Caucasian,0,0,0,0,0,1,0,0
3412,25,Caucasian,1,0,0,0,0,0,0,0
3413,30,Caucasian,1,0,0,0,0,1,1,0
3415,31,African-American,1,0,0,0,2,1,1,1
3417,28,Caucasian,1,0,0,0,3,1,0,0
3418,36,African-American,1,0,0,0,3,0,1,1
3419,27,African-American,1,0,0,0,7,1,1,1
3420,42,African-American,1,0,0,0,1,1,0,1
3422,35,Caucasian,1,0,0,0,0,1,1,0
3423,33,Caucasian,0,0,0,0,2,1,0,0
3426,25,African-American,1,0,1,0,21,1,1,1
3427,42,Caucasian,0,0,0,0,0,0,0,0
3429,21,African-American,1,0,0,0,0,1,1,1
3431,28,African-American,0,0,0,0,0,0,0,1
3434,27,African-American,1,0,0,0,25,1,1,1
3437,21,Caucasian,0,0,0,0,0,1,0,0
3438,26,Caucasian,1,0,0,0,0,0,1,0
3439,36,Caucasian,1,0,0,0,0,1,0,0
3441,49,Caucasian,1,0,0,0,0,1,1,0
3444,44,Caucasian,1,0,0,0,0,1,1,0
3445,28,Caucasian,1,0,0,0,1,0,0,0
3448,35,African-American,0,0,0,0,12,1,1,1
3452,34,African-American,1,0,0,0,3,1,0,1
3453,45,African-American,1,0,0,0,15,1,1,1
3454,28,African-American,1,0,0,0,9,1,1,1
3455,25,African-American,0,0,0,0,1,1,0,1
3456,21,African-American,1,0,1,0,1,0,0,1
3457,48,African-American,1,0,0,0,1,1,0,1
3458,37,Caucasian,1,0,0,0,1,0,0,0
3460,24,African-American,1,0,0,0,3,1,1,1
3462,37,Caucasian,1,0,0,0,1,0,1,0
3463,39,Caucasian,1,0,0,0,1,1,0,0
3464,24,Caucasian,1,0,0,1,1,1,1,0
3470,23,African-American,1,0,0,0,1,1,1,1
3475,43,Caucasian,1,0,0,0,5,1,0,0
3476,28,African-American,1,0,0,0,6,0,1,1
3480,53,African-American,1,0,0,0,1,0,0,1
3481,27,African-American,0,0,0,0,2,0,1,1
3483,39,Caucasian,1,0,0,0,0,0,0,0
3484,47,African-American,1,0,0,0,22,1,1,1
3485,28,African-American,1,0,0,0,4,1,1,1
3488,36,Caucasian,1,0,0,0,2,1,0,0
3489,24,African-American,0,0,0,0,1,1,0,1
3492,23,African-American,1,0,0,0,3,1,0,1
3493,26,African-American,1,0,0,0,2,1,0,1
3498,31,African-American,1,0,0,0,7,1,1,1
3499,30,African-American,0,0,3,2,14,1,1,1
3500,25,Caucasian,1,0,0,0,2,0,0,0
3501,24,African-American,1,0,0,0,6,1,1,1
3504,26,African-American,1,0,0,0,2,0,0,1
3508,20,African-American,0,0,0,0,0,1,0,1
3511,23,Caucasian,1,0,0,0,0,1,0,0
3512,26,African-American,1,0,0,0,5,1,1,1
3515,40,Caucasian,1,0,0,0,4,0,0,0
3521,19,African-American,1,0,1,0,1,1,1,1
3523,53,Caucasian,1,0,0,0,1,1,0,0
3528,24,African-American,0,0,0,0,0,1,0,1
3531,33,Caucasian,0,0,0,0,2,1,0,0
3533,26,Caucasian,1,0,3,0,8,1,1,0
3535,32,Caucasian,1,0,0,0,2,1,0,0
3536,25,Caucasian,1,0,0,0,0,1,1,0
3538,21,African-American,1,0,0,0,1,1,0,1
3539,38,African-American,1,0,0,0,3,1,0,1
3540,23,Caucasian,1,0,0,0,0,1,0,0
3542,20,Caucasian,1,0,0,1,0,1,1,0
3543,39,Caucasian,0,0,0,0,4,1,1,0
3544,24,African-American,1,0,0,0,1,1,1,1
3547,49,African-American,1,0,0,0,3,1,0,1
3550,31,African-American,1,0,0,0,7,1,1,1
3551,20,African-American,1,0,0,0,1,1,1,1
3552,28,Caucasian,1,0,0,0,0,0,0,0
3554,67,Caucasian,1,0,0,0,3,1,0,0
3562,52,African-American,1,0,0,0,0,1,0,1
3563,45,African-American,1,0,0,0,17,1,1,1
3564,27,African-American,1,0,0,1,8,1,1,1
3566,22,Caucasian,1,0,0,0,1,1,0,0
3570,40,Caucasian,1,0,0,0,0,0,1,0
3571,30,Caucasian,1,0,0,0,1,0,1,0
3573,42,African-American,1,0,0,0,1,1,0,1
3574,24,African-American,1,0,0,1,2,1,1,1
3576,46,Caucasian,1,0,0,0,4,1,0,0
3577,38,African-American,1,0,0,0,4,1,0,1
3584,26,Caucasian,1,0,0,0,0,0,0,0
3585,54,Caucasian,1,0,0,0,1,0,1,0
3593,61,Caucasian,1,0,0,0,1,1,0,0
3594,51,African-American,1,0,0,0,1,0,1,1
3596,57,Caucasian,1,0,0,0,0,1,0,0
3597,24,Caucasian,1,0,0,3,3,0,1,0
3598,34,African-American,1,0,0,0,1,1,0,1
3601,28,African-American,0,0,0,0,10,0,1,1
3602,35,African-American,1,0,0,0,10,0,1,1
3603,30,African-American,1,0,0,0,6,1,1,1
3605,44,African-American,1,0,0,0,0,1,0,1
3611,61,Caucasian,1,0,0,0,10,1,0,0
3614,26,African-American,1,0,0,0,1,1,1,1
3616,48,African-American,1,1,0,0,10,1,1,1
3617,42,African-American,1,0,0,0,4,0,0,1
3618,38,Caucasian,1,0,0,0,10,1,1,0
3620,53,Caucasian,0,0,0,0,0,0,0,0
3622,26,African-American,1,0,0,0,3,0,0,1
3624,22,African-American,1,0,0,0,1,1,1,1
3626,50,Caucasian,1,0,0,0,0,1,0,0
3627,44,Caucasian,1,3,0,0,16,0,0,0
3628,24,African-American,1,0,1,3,4,1,1,1
3629,21,African-American,1,0,0,0,0,1,1,1
3630,50,Caucasian,1,0,0,0,0,1,0,0
3631,36,Caucasian,0,0,0,0,0,0,0,0
3634,39,Caucasian,1,0,0,0,0,1,0,0
3636,54,African-American,0,0,0,0,7,1,0,1
3639,29,African-American,1,0,0,0,0,0,0,1
3641,26,Caucasian,1,0,0,0,0,0,0,0
3642,41,African-American,1,0,0,0,3,1,1,1
3643,23,African-American,1,0,0,0,1,1,1,1
3645,34,Caucasian,1,0,0,0,0,0,0,0
3646,31,Caucasian,1,0,0,0,11,1,1,0
3647,20,African-American,1,0,0,0,0,1,0,1
3648,49,African-American,1,0,0,0,10,1,1,1
3649,26,African-American,1,0,0,0,4,1,1,1
3652,28,African-American,1,0,0,0,1,1,1,1
3653,26,African-American,1,0,0,0,0,1,0,1
3655,55,African-American,1,0,0,0,1,1,0,1
3656,22,African-American,1,0,0,0,0,0,0,1
3657,26,African-American,0,0,0,0,0,0,0,1
3661,58,African-American,1,0,0,0,16,1,1,1
3662,28,African-American,1,0,0,0,4,1,0,1
3663,33,African-American,1,0,0,0,8,1,0,1
3666,31,African-American,0,0,0,0,0,0,0,1
3667,26,African-American,1,0,0,0,1,0,0,1
3671,34,Caucasian,1,0,0,0,0,0,0,0
3674,32,African-American,0,0,0,0,0,1,0,1
3675,37,African-American,1,0,0,0,9,1,1,1
3676,50,African-American,1,0,0,0,1,1,0,1
3678,35,Caucasian,1,0,0,0,1,1,0,0
3679,47,Caucasian,0,0,0,0,0,0,1,0
3681,52,African-American,0,0,0,0,8,1,0,1
3684,26,African-American,1,0,1,2,5,1,1,1
3687,45,African-American,1,0,0,0,13,1,1,1
3692,41,African-American,1,0,0,0,8,1,1,1
3693,24,African-American,1,0,0,0,0,0,0,1
3696,21,African-American,1,0,1,0,1,1,0,1
3697,54,Caucasian,1,0,0,0,0,0,0,0
3698,49,Caucasian,1,0,0,0,0,1,0,0
3699,42,Caucasian,1,0,0,0,1,1,0,0
3700,21,African-American,1,0,0,0,1,1,1,1
3702,46,Caucasian,1,0,0,0,5,1,1,0
3703,74,Caucasian,1,0,0,0,0,0,0,0
3706,39,African-American,0,0,0,0,1,1,0,1
3709,38,African-American,0,0,0,0,0,1,0,1
3710,19,African-American,1,1,0,1,1,1,1,1
3711,28,Caucasian,1,0,0,0,0,1,1,0
3713,25,African-American,1,0,0,0,1,1,1,1
3714,53,Caucasian,1,0,0,0,1,0,0,0
3719,23,African-American,1,0,1,0,2,1,0,1
3720,55,Caucasian,1,0,0,0,33,1,1,0
3721,64,Caucasian,0,0,0,0,1,1,0,0
3722,23,African-American,1,0,0,0,1,0,1,1
3725,23,African-American,1,0,0,2,4,1,1,1
3729,34,African-American,1,0,0,0,0,1,0,1
3732,26,African-American,1,0,0,0,1,0,0,1
3736,44,Caucasian,1,0,0,0,4,1,0,0
3737,27,Caucasian,0,0,0,0,0,1,0,0
3738,28,Caucasian,1,0,0,0,14,1,0,0
3739,55,Caucasian,1,0,0,0,1,0,0,0
3741,36,African-American,1,0,0,0,15,1,0,1
3743,23,African-American,1,0,0,0,1,1,0,1
3744,56,African-American,1,0,0,0,1,0,0,1
3745,27,Caucasian,1,0,0,0,2,1,1,0
3747,37,Caucasian,1,0,0,0,1,0,0,0
3749,32,African-American,1,0,0,0,1,1,1,1
3751,41,African-American,1,2,0,0,18,0,1,1
3754,22,African-American,1,0,0,0,1,1,1,1
3757,37,Caucasian,1,0,0,0,1,1,1,0
3758,45,African-American,1,0,0,0,3,0,0,1
3759,31,African-American,0,0,0,0,14,1,0,1
3761,42,African-American,1,0,0,0,7,1,1,1
3763,26,African-American,1,0,2,2,20,1,1,1
3765,33,Caucasian,1,0,0,0,0,1,1,0
3766,22,Caucasian,1,0,0,0,0,0,1,0
3768,36,African-American,0,0,0,0,1,0,0,1
3769,54,Caucasian,1,0,0,0,0,0,0,0
3771,25,African-American,1,0,1,2,5,1,1,1
3772,24,Caucasian,1,0,0,0,3,1,1,0
3774,61,Caucasian,1,0,0,0,0,0,0,0
3776,42,Caucasian,0,0,0,0,0,0,0,0
3778,28,Caucasian,1,0,0,0,1,0,1,0
3779,27,African-American,1,0,0,0,1,0,0,1
3780,24,Caucasian,1,0,0,0,2,0,0,0
3782,32,African-American,1,0,0,0,16,1,1,1
3783,38,Caucasian,1,0,0,0,0,1,0,0
3785,21,Caucasian,1,0,1,1,1,0,0,0
3787,27,African-American,1,0,0,0,1,1,1,1
3788,39,Caucasian,1,0,0,0,0,1,0,0
3789,29,Caucasian,1,0,0,0,0,1,0,0
3790,29,Caucasian,1,0,0,0,1,1,0,0
3793,36,Caucasian,1,0,0,0,1,1,1,0
3794,46,African-American,1,0,0,0,0,1,1,1
3797,44,African-American,1,1,0,0,7,1,0,1
3799,27,African-American,1,0,0,0,0,0,0,1
3800,27,African-American,1,0,0,0,8,1,1,1
3801,61,Caucasian,1,0,0,0,0,0,0,0
3802,47,African-American,1,0,0,0,0,0,1,1
3804,27,African-American,1,0,0,0,1,0,0,1
3805,28,Caucasian,1,0,0,0,0,1,1,0
3807,31,Caucasian,0,0,0,0,1,0,1,0
3809,26,Caucasian,1,0,0,0,9,0,1,0
3811,53,African-American,1,0,0,0,2,1,1,1
3812,26,African-American,1,0,0,0,1,1,1,1
3814,25,African-American,1,0,0,0,2,1,0,1
3817,21,African-American,0,0,3,1,4,0,1,1
3818,23,African-American,1,0,0,0,1,0,0,1
3821,45,African-American,0,0,0,0,2,1,0,1
3824,27,African-American,1,0,0,0,2,0,1,1
3830,26,African-American,0,0,0,0,0,0,0,1
3831,21,Caucasian,1,0,0,0,0,1,1,0
3835,62,Caucasian,0,0,0,0,0,0,0,0
3836,48,Caucasian,1,0,0,0,0,1,0,0
3838,53,African-American,1,0,0,0,1,0,0,1
3839,62,African-American,1,0,0,0,3,0,1,1
3840,28,African-American,1,1,1,0,5,1,0,1
3841,56,Caucasian,1,0,0,0,1,1,0,0
3847,22,African-American,1,1,0,0,2,1,1,1
3848,26,African-American,1,0,0,0,5,1,1,1
3853,35,African-American,1,0,0,0,4,0,0,1
3854,22,African-American,1,0,0,0,1,1,1,1
3856,37,African-American,0,1,0,0,7,1,0,1
3857,32,African-American,0,0,0,0,0,1,0,1
3858,33,African-American,0,0,0,0,3,1,1,1
3860,53,Caucasian,1,0,0,0,0,0,0,0
3862,32,Caucasian,1,0,0,0,0,0,0,0
3863,26,Caucasian,1,0,0,0,0,0,0,0
3864,61,Caucasian,1,0,0,0,0,0,0,0
3865,21,African-American,1,0,0,0,0,0,0,1
3867,69,African-American,1,0,0,0,22,0,0,1
3869,26,African-American,1,0,0,0,0,0,0,1
3870,30,African-American,1,0,0,0,9,1,1,1
3872,21,Caucasian,1,0,0,0,1,1,0,0
3879,41,Caucasian,1,0,0,0,0,0,0,0
3880,45,African-American,1,0,0,0,0,1,1,1
3881,31,African-American,1,0,1,3,10,1,1,1
3882,22,Caucasian,1,0,0,0,0,1,0,0
3884,54,Caucasian,0,0,0,0,0,1,1,0
3885,50,Caucasian,1,0,0,0,2,0,1,0
3891,21,African-American,0,0,0,0,0,1,1,1
3897,30,Caucasian,1,0,0,0,0,1,1,0
3899,30,African-American,1,0,0,0,11,1,1,1
3902,26,Caucasian,1,0,0,0,5,0,0,0
3904,59,African-American,0,0,0,0,0,0,0,1
3906,29,African-American,1,0,0,0,13,1,1,1
3909,30,Caucasian,1,0,0,0,13,1,1,0
3910,25,African-American,1,0,0,0,5,0,1,1
3917,22,African-American,1,0,0,1,0,1,0,1
3918,41,African-American,1,0,0,0,8,1,1,1
3924,37,African-American,0,0,0,0,13,1,0,1
3925,22,African-American,1,0,0,2,0,1,1,1
3929,19,African-American,1,0,0,0,0,1,1,1
3930,45,Caucasian,1,0,0,0,2,0,0,0
3933,33,African-American,0,0,0,0,5,1,1,1
3934,52,African-American,1,0,0,0,7,1,0,1
3935,21,African-American,0,0,0,0,0,1,0,1
3936,43,African-American,1,0,0,0,6,0,1,1
3938,33,Caucasian,1,0,0,0,3,1,0,0
3939,26,African-American,1,1,0,0,3,1,1,1
3941,37,Caucasian,1,0,0,0,0,0,0,0
3942,38,African-American,1,0,0,0,1,1,1,1
3946,27,African-American,1,0,0,0,1,1,1,1
3948,21,African-American,1,1,0,0,1,1,0,1
3950,38,Caucasian,1,0,0,0,3,1,1,0
3952,37,Caucasian,1,0,0,0,0,0,0,0
3958,44,Caucasian,1,0,0,0,0,1,0,0
3960,30,African-American,1,0,0,0,0,1,0,1
3963,49,Caucasian,1,0,0,0,1,1,0,0
3965,67,Caucasian,1,0,0,0,0,0,0,0
3966,59,African-American,1,0,0,0,14,1,1,1
3969,21,African-American,1,1,0,0,1,1,1,1
3972,31,Caucasian,1,0,0,0,6,0,0,0
3973,50,Caucasian,0,0,0,0,2,1,1,0
3974,30,African-American,1,0,0,0,7,1,0,1
3975,28,Caucasian,1,0,0,0,1,0,0,0
3976,48,African-American,1,0,0,0,7,1,1,1
3977,55,Caucasian,1,0,0,0,0,0,0,0
3979,42,Caucasian,1,0,0,0,0,0,0,0
3980,34,African-American,1,0,0,0,0,0,1,1
3981,43,African-American,1,0,0,0,4,0,1,1
3982,44,African-American,1,0,0,0,0,1,0,1
3987,25,Caucasian,1,0,0,0,2,1,1,0
3988,32,African-American,0,0,0,0,0,0,1,1
3995,24,African-American,1,0,0,0,1,1,1,1
3997,34,African-American,1,0,0,0,0,1,1,1
3998,48,African-American,1,0,0,0,2,1,1,1
3999,41,African-American,1,0,0,0,1,1,0,1
4000,26,African-American,1,0,0,1,12,0,1,1
4001,42,African-American,1,0,0,0,0,1,1,1
4002,29,African-American,1,0,0,0,0,0,0,1
4003,26,Caucasian,1,0,0,0,0,0,0,0
4004,27,African-American,0,0,0,0,1,1,0,1
4005,35,Caucasian,1,0,0,0,4,0,0,0
4006,54,Caucasian,1,0,0,0,1,1,0,0
4010,20,African-American,1,0,0,0,0,1,0,1
4011,27,Caucasian,1,0,0,0,0,1,0,0
4012,21,African-American,1,0,0,0,1,1,0,1
4013,27,Caucasian,1,0,1,1,7,0,1,0
4014,34,African-American,1,1,0,0,11,1,1,1
4018,54,African-American,1,0,0,0,0,0,0,1
4021,39,African-American,1,0,0,0,1,1,0,1
4023,33,Caucasian,0,0,0,0,0,0,0,0
4028,35,African-American,0,0,0,0,0,0,0,1
4031,53,African-American,1,0,0,0,0,0,0,1
4032,28,Caucasian,1,0,0,1,2,0,0,0
4033,26,African-American,1,0,0,0,0,1,0,1
4036,31,African-American,1,0,1,0,3,1,0,1
4037,24,Caucasian,1,0,0,0,3,0,1,0
4038,45,Caucasian,1,0,0,0,19,1,1,0
4041,28,African-American,1,0,0,0,1,1,0,1
4045,45,Caucasian,0,0,0,0,1,1,1,0
4048,33,Caucasian,1,0,0,0,3,1,1,0
4049,23,Caucasian,1,0,0,4,4,1,1,0
4052,36,African-American,1,0,0,0,6,1,0,1
4054,22,African-American,1,0,0,0,0,1,0,1
4059,28,African-American,1,0,0,0,2,1,1,1
4060,37,African-American,1,0,0,0,3,0,0,1
4061,52,Caucasian,0,0,0,0,0,0,0,0
4062,26,Caucasian,1,0,0,0,0,1,0,0
4063,28,Caucasian,1,0,0,0,4,1,1,0
4064,33,Caucasian,0,0,0,0,2,1,0,0
4065,23,Caucasian,1,0,0,1,3,1,1,0
4067,31,Caucasian,1,0,0,1,3,0,1,0
4068,55,Caucasian,0,0,0,0,0,0,0,0
4069,24,Caucasian,1,0,0,2,3,1,1,0
4070,37,African-American,1,0,0,0,2,0,0,1
4072,41,African-American,1,0,0,0,0,1,0,1
4073,26,Caucasian,1,0,0,0,0,0,0,0
4075,41,African-American,1,0,0,0,13,1,0,1
4076,33,African-American,1,0,0,0,6,1,0,1
4080,23,African-American,1,0,0,0,0,1,0,1
4081,27,Caucasian,1,0,0,0,1,1,0,0
4082,24,Caucasian,1,0,0,0,0,1,1,0
4084,30,African-American,1,0,1,0,10,1,0,1
4085,55,Caucasian,1,0,0,0,1,1,0,0
4086,26,African-American,1,0,0,0,13,0,1,1
4088,35,African-American,1,0,0,0,0,1,0,1
4099,20,African-American,1,0,0,0,1,0,0,1
4100,24,Caucasian,1,0,0,0,3,0,1,0
4101,31,African-American,1,0,2,0,8,0,1,1
4104,55,African-American,1,0,0,0,0,1,1,1
4105,33,Caucasian,1,0,0,0,7,1,1,0
4106,44,Caucasian,1,0,0,0,6,1,1,0
4108,41,African-American,1,0,0,0,25,1,1,1
4111,56,African-American,1,0,0,0,9,0,0,1
4112,21,African-American,1,0,0,0,1,1,0,1
4117,48,Caucasian,0,0,0,0,1,0,0,0
4119,56,Caucasian,1,0,0,0,7,1,1,0
4120,39,Caucasian,1,0,0,0,2,0,0,0
4122,25,Caucasian,0,0,0,0,0,1,0,0
4125,28,African-American,0,0,0,0,3,1,0,1
4126,30,African-American,1,0,0,0,0,1,1,1
4127,19,African-American,0,0,0,0,0,0,1,1
4128,20,African-American,1,0,0,0,0,0,1,1
4130,57,Caucasian,1,0,0,0,0,1,0,0
4134,51,African-American,1,0,0,0,8,0,1,1
4135,27,African-American,1,0,0,0,5,1,1,1
4136,26,African-American,1,0,0,2,0,1,0,1
4137,23,Caucasian,1,0,0,0,3,0,1,0
4139,35,African-American,1,0,1,0,14,0,1,1
4141,37,African-American,1,0,0,0,5,1,0,1
4143,48,African-American,1,0,0,0,0,1,0,1
4144,21,African-American,1,0,0,1,0,1,0,1
4154,52,African-American,1,0,0,0,1,0,0,1
4157,22,African-American,1,0,0,0,0,1,1,1
4159,41,Caucasian,1,0,0,0,1,1,1,0
4160,25,Caucasian,0,0,0,0,1,0,1,0
4161,54,African-American,1,0,0,0,0,0,1,1
4162,25,African-American,1,4,0,0,13,1,1,1
4164,40,Caucasian,0,0,0,0,4,1,0,0
4165,22,African-American,1,0,0,0,0,1,0,1
4168,50,Caucasian,1,0,0,0,10,1,0,0
4169,35,Caucasian,1,0,0,0,2,0,0,0
4170,28,Caucasian,1,0,0,0,7,1,1,0
4171,21,African-American,1,0,0,0,0,1,0,1
4178,27,Caucasian,1,0,0,0,0,1,0,0
4179,22,African-American,1,0,0,0,0,1,1,1
4182,32,Caucasian,1,0,0,0,0,1,0,0
4183,59,Caucasian,1,0,0,0,0,1,0,0
4186,59,Caucasian,1,0,0,0,0,1,0,0
4187,44,Caucasian,0,0,0,0,1,1,1,0
4189,26,African-American,1,0,1,1,9,0,1,1
4190,30,African-American,1,0,1,0,9,1,1,1
4192,25,African-American,1,0,1,1,3,0,1,1
4195,31,African-American,0,0,0,0,0,0,1,1
4196,32,African-American,0,0,0,0,0,1,0,1
4198,37,African-American,1,0,0,0,22,1,1,1
4199,22,Caucasian,1,1,0,0,2,1,0,0
4202,38,African-American,1,0,0,0,8,0,1,1
4203,34,Caucasian,1,0,0,0,2,1,0,0
4204,30,African-American,1,0,1,0,7,1,0,1
4205,38,Caucasian,0,0,0,0,0,1,1,0
4207,36,African-American,1,0,0,0,10,1,1,1
4217,35,Caucasian,1,0,0,0,2,1,1,0
4219,35,African-American,1,0,0,0,0,1,0,1
4223,30,African-American,0,0,0,0,9,1,1,1
4225,34,African-American,1,0,0,0,16,1,1,1
4226,31,Caucasian,1,0,0,0,3,1,1,0
4228,31,Caucasian,1,0,1,1,4,1,1,0
4229,22,Caucasian,1,0,1,1,2,1,1,0
4232,36,African-American,1,0,0,0,5,0,1,1
4233,39,African-American,1,0,0,0,2,0,0,1
4235,51,African-American,1,0,0,0,9,1,1,1
4236,35,African-American,1,0,0,0,7,1,1,1
4245,37,African-American,1,0,0,0,0,0,0,1
4247,25,African-American,1,0,0,2,3,0,0,1
4250,27,African-American,0,0,0,0,0,1,0,1
4252,47,Caucasian,1,0,0,0,2,0,0,0
4254,46,African-American,1,0,0,0,12,0,0,1
4255,27,Caucasian,1,0,0,0,0,1,0,0
4256,34,African-American,1,0,0,0,0,1,1,1
4258,25,Caucasian,1,0,0,0,0,0,0,0
4260,26,African-American,1,0,1,0,5,0,0,1
4262,25,African-American,1,0,0,0,1,1,1,1
4265,60,African-American,1,0,0,0,9,1,0,1
4269,30,African-American,1,0,0,0,12,1,1,1
4270,21,African-American,1,0,0,0,0,1,0,1
4274,25,African-American,1,0,0,0,4,1,1,1
4276,21,African-American,1,0,0,0,0,1,1,1
4281,29,African-American,1,0,0,0,4,0,0,1
4288,51,Caucasian,1,0,0,0,2,1,0,0
4290,29,African-American,1,0,0,0,1,0,0,1
4297,20,Caucasian,1,0,0,0,0,1,1,0
4300,53,Caucasian,1,0,0,0,1,1,0,0
4303,25,African-American,1,0,0,0,5,1,0,1
4306,22,African-American,1,0,1,1,3,1,1,1
4307,21,African-American,1,0,0,0,1,1,0,1
4310,21,Caucasian,1,0,0,0,1,1,1,0
4311,27,African-American,1,2,0,0,6,0,1,1
4314,28,African-American,1,0,1,0,14,0,1,1
4315,49,African-American,1,0,0,0,6,0,1,1
4316,52,African-American,1,0,0,0,7,1,1,1
4317,25,African-American,1,0,0,0,1,0,0,1
4319,56,Caucasian,1,0,0,0,2,1,0,0
4320,34,African-American,1,0,0,0,22,1,0,1
4323,23,African-American,1,0,0,0,1,0,1,1
4324,22,Caucasian,1,0,0,2,0,1,0,0
4328,23,African-American,1,0,0,0,0,1,1,1
4329,30,African-American,1,0,0,0,4,0,0,1
4330,42,African-American,1,0,0,0,1,0,1,1
4331,50,African-American,1,0,0,2,24,0,1,1
4335,37,African-American,1,0,0,0,0,1,0,1
4336,23,African-American,1,0,0,0,1,1,0,1
4337,41,Caucasian,1,0,0,0,0,1,0,0
4338,50,African-American,1,1,0,0,5,1,0,1
4340,26,African-American,1,0,0,0,2,1,1,1
4342,23,African-American,1,0,0,0,2,1,1,1
4346,55,Caucasian,1,0,0,0,1,1,1,0
4348,24,African-American,1,0,0,0,0,1,1,1
4353,33,Caucasian,1,0,1,0,5,0,1,0
4356,23,Caucasian,1,0,0,0,0,1,0,0
4357,37,African-American,1,0,0,0,1,0,1,1
4360,51,Caucasian,1,0,0,0,0,0,0,0
4367,35,African-American,0,0,0,0,3,0,1,1
4370,29,African-American,1,0,0,0,2,1,0,1
4371,57,Caucasian,1,0,0,0,0,0,0,0
4372,20,African-American,1,0,1,2,1,0,1,1
4377,23,African-American,1,0,0,0,3,1,1,1
4378,36,Caucasian,1,0,0,0,9,0,1,0
4381,55,Caucasian,1,0,0,0,1,0,0,0
4383,53,African-American,1,0,0,0,18,0,1,1
4384,21,African-American,1,0,0,0,1,1,1,1
4385,27,African-American,1,0,0,0,3,0,1,1
4387,28,African-American,1,0,1,0,6,1,1,1
4388,26,Caucasian,1,0,0,0,1,1,1,0
4389,25,Caucasian,1,0,0,0,1,1,0,0
4390,66,Caucasian,1,0,0,0,0,1,0,0
4391,28,African-American,1,0,0,0,3,0,0,1
4394,24,African-American,1,0,0,0,0,0,0,1
4396,60,Caucasian,1,0,0,0,18,0,1,0
4397,37,African-American,1,0,0,0,2,1,1,1
4400,73,Caucasian,1,0,0,0,0,0,0,0
4401,44,African-American,1,0,0,0,0,1,0,1
4403,40,African-American,1,0,0,0,6,1,0,1
4407,56,Caucasian,1,0,0,0,0,0,1,0
4408,42,African-American,1,0,0,0,3,1,0,1
4411,50,Caucasian,1,0,0,0,1,1,0,0
4414,34,Caucasian,1,0,0,0,0,0,0,0
4415,47,African-American,1,0,0,0,1,0,1,1
4416,58,Caucasian,1,0,0,0,3,1,0,0
4418,48,Caucasian,1,0,0,0,3,1,0,0
4419,20,Caucasian,0,0,0,0,0,1,0,0
4421,53,African-American,0,0,0,0,10,1,1,1
4422,29,African-American,1,0,0,0,0,1,0,1
4426,43,Caucasian,0,0,0,0,0,0,0,0
4431,53,Caucasian,1,0,0,0,1,0,1,0
4432,22,Caucasian,1,0,0,3,0,0,0,0
4434,26,Caucasian,1,0,0,0,9,0,1,0
4436,23,African-American,1,0,0,0,4,1,1,1
4437,71,Caucasian,1,0,0,0,1,0,0,0
4438,61,Caucasian,0,0,0,0,0,0,0,0
4439,22,Caucasian,0,0,0,0,2,0,0,0
4441,54,Caucasian,0,0,0,0,1,0,0,0
4442,24,Caucasian,1,0,2,0,6,1,0,0
4443,28,Caucasian,0,0,0,0,0,1,0,0
4444,25,Caucasian,0,0,0,0,2,1,0,0
4445,22,African-American,0,0,0,0,1,1,0,1
4447,24,African-American,1,0,0,0,2,1,1,1
4448,35,African-American,1,0,0,0,0,1,0,1
4450,21,African-American,1,0,0,0,0,1,0,1
4451,49,Caucasian,1,0,0,0,1,0,0,0
4452,26,African-American,1,0,0,0,6,1,1,1
4453,30,African-American,1,0,1,0,7,1,1,1
4457,30,African-American,1,0,0,0,5,1,1,1
4461,64,Caucasian,1,0,0,0,8,1,0,0
4463,45,Caucasian,0,0,1,0,7,1,1,0
4464,37,African-American,1,0,0,0,3,0,0,1
4466,34,African-American,0,0,0,0,1,1,1,1
4469,58,Caucasian,1,0,0,0,0,0,0,0
4471,27,Caucasian,1,0,0,0,0,1,0,0
4473,30,African-American,1,0,0,0,0,0,1,1
4475,25,African-American,1,0,0,2,0,0,0,1
4476,60,African-American,1,0,0,0,19,1,1,1
4478,56,African-American,1,0,0,0,24,1,0,1
4479,33,African-American,1,0,0,0,2,0,0,1
4480,25,Caucasian,1,0,1,0,9,1,1,0
4483,32,African-American,1,0,0,0,6,1,1,1
4485,24,African-American,1,0,0,0,3,1,1,1
4486,23,Caucasian,1,0,1,0,2,1,1,0
4491,25,African-American,1,0,0,0,1,1,1,1
4492,20,African-American,0,0,0,0,0,1,0,1
4493,32,African-American,1,0,0,4,9,1,0,1
4494,49,African-American,0,0,0,0,0,1,0,1
4495,22,African-American,1,0,0,0,1,1,0,1
4496,24,African-American,1,0,0,0,0,1,0,1
4498,26,Caucasian,1,0,0,0,10,1,1,0
4503,29,African-American,1,0,0,0,1,0,1,1
4505,22,Caucasian,1,0,0,0,0,1,0,0
4508,26,African-American,0,0,0,0,3,1,0,1
4509,21,African-American,1,0,0,0,0,1,1,1
4510,54,Caucasian,1,0,0,0,2,0,0,0
4511,59,African-American,1,0,0,0,1,1,0,1
4512,22,African-American,1,0,0,1,0,1,1,1
4514,64,African-American,1,0,0,0,20,1,0,1
4516,45,Caucasian,1,0,0,0,1,0,1,0
4517,22,African-American,0,0,0,0,0,1,0,1
4518,24,African-American,1,0,0,0,5,1,1,1
4520,30,African-American,0,0,0,0,3,1,1,1
4521,27,Caucasian,0,0,0,0,0,1,0,0
4524,20,Caucasian,1,0,0,2,0,1,0,0
4526,28,Caucasian,1,0,0,0,5,1,1,0
4533,23,Caucasian,1,0,0,1,3,1,1,0
4534,32,African-American,0,0,0,0,0,0,0,1
4536,44,Caucasian,0,0,0,0,1,1,0,0
4537,41,African-American,1,0,0,0,8,1,0,1
4541,30,Caucasian,1,0,0,0,3,1,0,0
4544,27,African-American,1,0,0,0,2,0,1,1
4546,32,African-American,1,0,0,0,0,1,1,1
4550,40,African-American,1,0,1,1,24,0,1,1
4556,33,African-American,0,0,0,0,3,0,0,1
4558,33,Caucasian,1,0,0,0,0,1,0,0
4562,28,African-American,1,0,0,0,9,0,0,1
4563,25,African-American,0,0,0,0,0,1,1,1
4566,30,African-American,0,0,0,0,1,0,0,1
4567,47,African-American,0,0,0,0,0,0,0,1
4568,24,Caucasian,1,0,0,0,0,1,1,0
4574,31,Caucasian,1,0,0,0,9,1,1,0
4579,52,African-American,1,0,0,0,0,1,1,1
4580,25,African-American,1,0,0,1,5,1,1,1
4582,46,African-American,0,0,0,0,7,0,0,1
4584,62,Caucasian,1,0,0,0,3,0,0,0
4587,36,Caucasian,1,0,0,0,0,0,1,0
4588,24,African-American,1,0,0,1,2,1,1,1
4591,25,Caucasian,1,0,2,1,9,1,0,0
4592,21,African-American,1,0,0,1,0,0,1,1
4595,29,African-American,1,0,0,0,5,1,1,1
4596,52,African-American,1,0,0,0,0,0,1,1
4598,29,African-American,1,0,0,0,5,1,0,1
4599,59,African-American,1,0,0,0,13,1,1,1
4603,39,African-American,1,0,0,0,2,1,0,1
4608,20,African-American,1,0,1,1,1,1,1,1
4609,50,Caucasian,1,0,0,0,0,0,0,0
4610,27,African-American,1,0,0,0,7,1,1,1
4611,27,African-American,1,0,0,0,0,0,0,1
4612,31,Caucasian,1,0,0,0,4,1,1,0
4615,24,African-American,0,0,0,0,2,0,0,1
4616,24,African-American,1,0,0,0,4,1,1,1
4617,30,Caucasian,1,0,0,0,0,0,1,0
4620,41,Caucasian,1,0,0,0,0,1,0,0
4624,32,African-American,1,0,0,0,2,1,1,1
4627,69,Caucasian,1,0,0,0,0,0,1,0
4628,25,Caucasian,1,0,0,0,1,1,0,0
4629,55,Caucasian,1,0,0,0,0,0,1,0
4631,28,African-American,1,1,0,0,7,1,1,1
4634,27,Caucasian,1,0,0,0,0,0,1,0
4636,20,African-American,0,0,0,0,1,1,1,1
4637,36,African-American,1,0,0,0,2,1,1,1
4640,25,African-American,1,0,1,1,10,1,1,1
4641,35,Caucasian,0,0,0,0,1,0,0,0
4643,32,African-American,1,0,1,3,12,0,1,1
4647,21,Caucasian,1,0,0,1,1,0,0,0
4648,41,Caucasian,1,0,0,0,1,1,0,0
4651,38,African-American,1,0,0,0,0,1,0,1
4652,21,African-American,1,0,0,0,1,1,1,1
4657,35,Caucasian,1,0,0,0,2,0,1,0
4658,34,African-American,1,0,0,0,5,0,0,1
4659,52,Caucasian,1,0,0,0,0,0,0,0
4660,21,African-American,1,0,0,0,0,1,0,1
4661,43,African-American,1,0,0,0,8,0,0,1
4662,32,Caucasian,0,0,0,0,0,1,0,0
4663,49,Caucasian,1,0,0,0,5,1,1,0
4665,21,African-American,0,0,0,0,0,0,0,1
4667,28,African-American,1,0,0,0,5,1,1,1
4668,65,Caucasian,0,0,0,0,1,1,0,0
4670,27,Caucasian,0,0,0,0,0,0,0,0
4672,48,Caucasian,1,0,0,0,20,1,1,0
4674,20,African-American,1,0,0,0,0,0,1,1
4678,63,African-American,1,0,0,0,6,1,0,1
4679,40,Caucasian,1,0,0,0,0,0,0,0
4681,21,African-American,1,0,0,0,1,1,1,1
4682,27,Caucasian,1,0,0,0,1,0,0,0
4684,35,Caucasian,1,0,0,0,0,0,1,0
4686,50,African-American,0,0,0,0,0,0,0,1
4692,47,Caucasian,1,0,0,0,0,0,0,0
4694,44,Caucasian,1,0,0,0,2,0,0,0
4697,23,African-American,1,0,0,0,0,0,0,1
4698,54,African-American,1,0,0,0,10,1,0,1
4701,38,Caucasian,1,0,0,0,17,1,0,0
4704,44,Caucasian,1,0,0,0,2,1,1,0
4705,52,African-American,1,0,0,0,3,0,1,1
4706,52,Caucasian,0,0,0,0,0,1,1,0
4707,21,African-American,1,0,0,0,0,0,1,1
4710,30,Caucasian,0,0,0,0,9,1,1,0
4712,56,African-American,1,0,0,0,6,1,0,1
4715,35,African-American,1,0,0,0,12,1,1,1
4718,39,Caucasian,1,0,0,0,1,1,0,0
4719,29,Caucasian,1,0,0,0,0,0,0,0
4721,23,African-American,1,0,0,0,2,1,1,1
4722,26,Caucasian,1,0,0,0,0,0,0,0
4724,64,African-American,0,0,0,0,1,0,1,1
4730,20,Caucasian,1,0,0,2,1,1,1,0
4731,21,African-American,1,0,0,0,0,1,1,1
4732,21,African-American,1,0,0,0,0,1,0,1
4735,23,African-American,1,0,0,0,0,1,0,1
4737,46,African-American,1,0,0,0,3,1,0,1
4739,25,African-American,1,0,13,1,21,1,1,1
4748,30,African-American,0,0,0,0,0,0,0,1
4749,47,Caucasian,1,0,0,0,1,1,0,0
4750,30,Caucasian,1,0,0,0,4,1,0,0
4754,47,African-American,1,0,0,0,1,1,0,1
4757,39,African-American,1,0,0,0,1,1,1,1
4763,24,Caucasian,1,0,0,2,1,1,0,0
4765,45,Caucasian,1,0,0,0,3,1,0,0
4766,26,Caucasian,1,0,0,0,2,1,1,0
4767,39,Caucasian,1,0,0,0,3,1,0,0
4769,40,Caucasian,1,0,0,0,1,1,0,0
4772,24,African-American,1,0,0,0,0,1,0,1
4773,23,African-American,1,0,0,1,1,1,0,1
4774,61,Caucasian,1,0,0,0,0,0,0,0
4775,42,Caucasian,1,0,0,0,3,1,1,0
4776,38,African-American,1,0,0,0,3,1,1,1
4778,67,Caucasian,1,0,0,0,0,1,1,0
4780,23,Caucasian,1,0,0,0,2,1,0,0
4783,31,Caucasian,1,0,0,0,1,1,1,0
4784,40,African-American,1,1,0,0,15,1,0,1
4787,44,African-American,1,0,0,0,0,1,0,1
4789,37,African-American,1,0,0,0,10,1,1,1
4792,22,African-American,0,0,1,0,3,0,0,1
4793,31,Caucasian,1,0,0,0,6,0,1,0
4794,28,African-American,1,0,0,0,9,1,1,1
4797,33,Caucasian,1,0,0,0,9,1,0,0
4800,30,African-American,0,0,3,2,10,1,1,1
4805,35,African-American,1,0,0,0,0,1,1,1
4808,57,African-American,1,0,0,0,23,1,1,1
4809,39,Caucasian,0,0,0,0,8,1,1,0
4811,65,Caucasian,1,0,0,0,3,1,0,0
4812,22,Caucasian,0,0,0,0,0,0,0,0
4815,35,African-American,0,0,0,0,2,1,0,1
4817,29,African-American,1,0,1,0,2,0,1,1
4820,62,African-American,1,0,0,0,13,1,1,1
4825,22,African-American,1,0,0,0,0,0,1,1
4827,56,African-American,0,0,0,0,1,1,0,1
4828,25,Caucasian,1,0,0,0,2,1,0,0
4831,33,Caucasian,1,0,0,0,10,0,0,0
4833,25,Caucasian,1,0,0,0,2,1,0,0
4834,27,African-American,0,0,0,0,3,1,0,1
4835,37,African-American,1,0,0,0,1,1,0,1
4837,41,Caucasian,1,0,0,0,2,0,0,0
4839,35,African-American,1,0,0,1,5,1,0,1
4841,55,Caucasian,1,0,0,0,0,0,0,0
4845,26,African-American,1,0,0,0,2,1,1,1
4846,35,African-American,1,0,0,0,7,1,0,1
4847,50,Caucasian,1,0,0,0,3,0,1,0
4851,25,African-American,1,0,0,0,3,1,1,1
4853,65,Caucasian,0,0,0,0,1,0,1,0
4857,31,African-American,0,0,0,0,0,1,1,1
4860,24,African-American,0,0,0,0,0,0,0,1
4861,34,African-American,1,0,0,0,6,1,1,1
4864,30,African-American,0,0,1,0,4,1,0,1
4866,30,African-American,1,0,0,0,14,1,1,1
4870,24,Caucasian,1,0,0,0,1,0,0,0
4871,51,Caucasian,1,0,0,0,3,1,1,0
4872,28,African-American,0,0,0,0,3,1,0,1
4873,27,African-American,0,0,0,0,4,1,1,1
4877,22,Caucasian,1,0,0,0,2,1,1,0
4879,29,African-American,1,0,0,0,2,1,1,1
4881,31,African-American,1,0,0,0,0,1,0,1
4884,31,Caucasian,1,0,0,0,0,0,0,0
4885,32,African-American,0,0,0,0,3,1,0,1
4886,27,African-American,1,0,0,0,1,1,1,1
4887,29,Caucasian,1,0,0,0,6,1,1,0
4888,59,African-American,1,0,0,0,3,1,0,1
4890,24,African-American,1,0,0,0,1,0,1,1
4893,33,African-American,1,0,0,0,0,1,0,1
4897,28,Caucasian,1,0,0,0,9,1,1,0
4906,24,African-American,1,1,0,1,9,0,1,1
4907,31,African-American,1,2,1,1,16,1,1,1
4911,24,African-American,1,0,0,0,0,1,0,1
4914,23,African-American,1,0,1,0,7,1,1,1
4925,62,Caucasian,1,0,0,0,0,1,0,0
4927,25,African-American,0,0,0,0,4,1,1,1
4929,49,African-American,1,0,0,0,1,0,0,1
4931,50,Caucasian,1,0,0,0,0,1,1,0
4932,47,African-American,1,0,0,0,3,1,1,1
4933,37,African-American,1,0,0,0,14,1,0,1
4934,26,Caucasian,1,0,0,0,0,0,0,0
4935,28,African-American,1,0,2,0,21,1,0,1
4936,26,African-American,0,0,0,0,3,1,1,1
4939,20,African-American,1,0,1,0,1,1,1,1
4940,34,African-American,1,0,0,0,9,1,1,1
4943,46,African-American,1,1,0,1,9,1,1,1
4944,21,African-American,1,0,0,1,0,1,1,1
4945,27,Caucasian,0,0,0,0,2,1,1,0
4947,21,African-American,1,0,1,1,3,0,1,1
4948,29,Caucasian,1,0,0,0,1,1,0,0
4949,46,Caucasian,1,0,0,0,4,1,0,0
4950,24,African-American,1,0,0,0,0,1,0,1
4952,57,African-American,1,0,0,0,8,0,1,1
4953,33,African-American,1,0,0,0,4,1,1,1
4955,23,African-American,1,0,1,0,4,1,1,1
4956,29,African-American,1,0,0,0,5,1,0,1
4958,22,Caucasian,1,0,0,0,0,0,1,0
4960,33,Caucasian,0,0,0,0,1,0,1,0
4964,40,African-American,1,0,0,0,3,1,1,1
4967,32,African-American,1,0,3,0,10,1,1,1
4969,24,African-American,1,0,0,0,1,0,0,1
4970,32,African-American,1,0,0,0,1,1,0,1
4971,19,African-American,1,0,1,0,2,1,1,1
4973,23,African-American,1,0,0,0,6,1,1,1
4977,39,Caucasian,1,6,1,0,17,1,1,0
4978,25,African-American,1,0,0,0,1,1,0,1
4979,42,African-American,1,0,0,0,6,1,1,1
4980,29,Caucasian,1,0,0,0,1,0,0,0
4982,38,Caucasian,1,0,0,0,2,0,0,0
4983,32,Caucasian,1,0,2,1,10,1,1,0
4990,23,Caucasian,1,0,0,0,4,0,1,0
4991,58,African-American,1,0,0,0,10,1,1,1
4992,42,African-American,1,0,0,0,9,1,1,1
4994,26,Caucasian,1,0,0,0,1,1,1,0
4996,27,Caucasian,1,0,0,0,1,1,0,0
4998,33,Caucasian,1,0,0,0,1,1,0,0
4999,33,African-American,1,0,0,0,2,1,1,1
5001,23,African-American,1,0,0,0,0,0,1,1
5003,25,African-American,1,0,1,0,4,1,1,1
5004,32,African-American,1,0,0,0,0,1,1,1
5009,29,Caucasian,0,0,0,0,0,0,0,0
5010,38,African-American,1,0,0,0,19,1,1,1
5012,29,Caucasian,1,0,0,0,0,0,0,0
5014,27,African-American,1,0,0,0,6,1,1,1
5015,25,Caucasian,1,0,0,0,0,0,1,0
5017,31,Caucasian,0,0,0,2,2,1,1,0
5019,30,African-American,1,0,0,0,8,1,1,1
5020,41,African-American,1,0,0,0,0,1,0,1
5022,59,African-American,1,0,0,0,8,1,0,1
5023,21,Caucasian,1,0,0,0,1,0,1,0
5027,27,African-American,1,0,0,0,6,1,1,1
5033,30,African-American,1,0,0,0,0,1,0,1
5035,43,Caucasian,1,0,0,0,4,1,0,0
5037,24,Caucasian,0,0,0,1,2,1,0,0
5042,45,African-American,1,0,0,0,13,0,1,1
5043,23,Caucasian,1,0,0,1,0,1,1,0
5045,40,Caucasian,0,0,0,0,5,1,0,0
5046,23,African-American,0,0,0,0,0,1,0,1
5047,39,African-American,1,0,0,0,3,1,0,1
5048,26,African-American,0,0,0,0,5,1,1,1
5049,26,Caucasian,0,0,0,0,0,0,0,0
5050,21,African-American,1,0,0,0,0,0,0,1
5051,30,Caucasian,1,0,1,1,3,1,0,0
5052,44,Caucasian,1,0,0,0,0,1,0,0
5053,21,African-American,1,0,0,0,1,1,1,1
5054,23,African-American,1,0,0,0,0,0,0,1
5057,49,African-American,0,0,0,0,1,1,0,1
5058,23,African-American,1,0,0,0,3,1,1,1
5060,24,African-American,1,0,0,0,1,1,1,1
5061,21,African-American,0,0,0,0,1,1,1,1
5062,37,Caucasian,0,0,0,0,7,1,1,0
5064,28,Caucasian,1,0,0,0,2,1,1,0
5067,24,African-American,0,0,0,0,2,1,1,1
5068,31,Caucasian,1,0,0,0,0,1,0,0
5069,24,African-American,1,1,0,0,2,0,1,1
5071,25,African-American,1,0,0,0,1,1,0,1
5074,33,African-American,1,0,0,0,1,0,1,1
5075,26,African-American,1,1,3,0,24,0,1,1
5078,27,African-American,1,0,0,0,1,1,0,1
5086,46,Caucasian,1,0,0,0,0,1,0,0
5088,38,Caucasian,0,0,0,0,1,0,1,0
5094,24,African-American,0,0,0,0,0,0,0,1
5096,38,African-American,0,0,0,0,0,0,0,1
5098,27,African-American,1,0,0,0,7,1,1,1
5099,48,African-American,1,0,0,0,6,1,0,1
5100,31,Caucasian,0,0,0,0,2,1,1,0
5101,28,African-American,1,0,0,0,5,0,1,1
5106,25,Caucasian,1,0,0,1,6,0,1,0
5108,55,Caucasian,1,0,0,0,0,0,0,0
5112,40,African-American,1,0,0,0,5,1,1,1
5113,21,African-American,1,0,0,0,0,1,1,1
5116,28,African-American,1,0,1,0,10,1,1,1
5117,20,African-American,1,0,1,0,2,1,1,1
5119,31,African-American,1,5,0,0,10,1,1,1
5120,57,African-American,0,0,0,0,0,0,0,1
5121,25,African-American,1,0,0,0,0,0,0,1
5122,22,African-American,1,0,4,0,7,1,1,1
5123,31,African-American,1,0,0,0,3,1,1,1
5126,43,African-American,1,0,0,0,7,1,0,1
5127,25,Caucasian,0,0,0,0,0,0,0,0
5130,40,African-American,1,0,0,0,1,1,0,1
5131,20,African-American,1,0,0,0,0,1,1,1
5132,35,African-American,1,0,0,0,2,0,0,1
5133,34,African-American,1,0,0,0,1,0,1,1
5134,27,Caucasian,1,0,0,1,18,1,1,0
5137,38,African-American,0,0,0,0,3,1,1,1
5138,21,Caucasian,1,0,0,0,0,1,1,0
5140,25,African-American,1,0,0,0,0,0,1,1
5141,53,African-American,1,0,0,0,6,0,1,1
5142,50,African-American,0,0,0,0,4,1,0,1
5143,23,Caucasian,0,0,0,0,1,0,0,0
5148,27,Caucasian,1,0,0,0,0,0,1,0
5149,29,African-American,1,0,0,0,5,1,1,1
5150,38,African-American,1,0,0,0,1,0,0,1
5151,54,Caucasian,0,0,0,0,2,1,0,0
5152,26,African-American,1,0,0,0,1,1,1,1
5153,37,African-American,1,1,8,5,23,1,1,1
5154,36,African-American,1,0,2,1,25,0,1,1
5155,28,African-American,1,0,0,0,18,1,1,1
5158,49,African-American,1,0,0,0,1,0,0,1
5160,36,African-American,1,0,0,0,11,1,0,1
5162,41,Caucasian,0,0,0,0,0,1,0,0
5166,40,Caucasian,1,1,0,0,9,1,0,0
5168,21,African-American,1,1,0,0,7,1,1,1
5171,33,Caucasian,1,0,0,0,0,1,0,0
5172,26,African-American,1,0,0,0,7,1,0,1
5173,27,African-American,0,0,0,0,0,0,1,1
5174,35,African-American,1,0,0,0,1,1,0,1
5176,27,African-American,1,0,0,0,3,0,0,1
5178,31,African-American,0,0,0,0,3,1,0,1
5179,36,African-American,1,1,0,0,26,1,1,1
5181,50,Caucasian,1,0,0,0,1,1,0,0
5182,52,Caucasian,1,0,0,0,1,1,0,0
5183,24,African-American,1,0,0,0,1,0,0,1
5184,38,African-American,1,0,0,0,0,1,0,1
5186,54,African-American,1,0,0,0,11,1,0,1
5187,71,Caucasian,1,0,0,0,13,1,0,0
5188,27,African-American,1,0,4,4,9,1,1,1
5189,39,Caucasian,0,0,0,0,1,1,0,0
5193,36,African-American,0,0,0,0,5,1,1,1
5194,55,African-American,1,0,0,0,0,1,0,1
5198,27,Caucasian,1,0,0,0,0,1,0,0
5201,23,African-American,1,0,0,3,2,1,1,1
5203,20,African-American,1,1,0,0,1,1,1,1
5204,31,African-American,0,0,2,0,10,1,0,1
5205,24,Caucasian,1,0,0,0,8,1,0,0
5207,37,Caucasian,0,0,0,0,2,1,1,0
5209,26,Caucasian,1,0,0,0,0,1,0,0
5215,29,Caucasian,1,0,0,0,0,1,0,0
5216,41,African-American,1,0,0,0,4,0,1,1
5217,37,African-American,1,0,0,0,0,1,1,1
5218,46,Caucasian,1,0,0,0,2,1,0,0
5219,56,Caucasian,0,0,0,0,10,1,1,0
5222,23,African-American,1,0,0,0,0,1,1,1
5223,23,African-American,0,0,0,0,1,1,1,1
5224,25,African-American,1,0,0,0,0,1,1,1
5225,24,African-American,1,0,0,0,1,1,1,1
5232,24,Caucasian,1,0,0,0,2,1,1,0
5243,23,African-American,1,0,0,0,0,1,1,1
5244,43,Caucasian,1,0,0,0,2,1,0,0
5246,53,Caucasian,0,0,0,0,0,0,0,0
5247,24,African-American,1,0,0,0,1,1,1,1
5249,28,African-American,1,0,0,0,0,1,0,1
5251,21,Caucasian,1,0,0,0,1,1,0,0
5253,33,Caucasian,1,0,0,0,3,1,1,0
5255,35,African-American,0,0,0,0,1,1,0,1
5258,55,Caucasian,1,0,0,0,3,0,0,0
5260,28,African-American,1,0,0,0,0,0,0,1
5261,44,Caucasian,1,0,0,0,0,0,1,0
5263,19,African-American,1,2,1,1,3,1,1,1
5265,24,African-American,1,0,0,1,3,1,1,1
5266,50,Caucasian,1,0,0,0,2,1,0,0
5270,31,African-American,1,0,0,0,0,0,0,1
5271,28,Caucasian,0,0,0,0,0,1,1,0
5272,42,Caucasian,1,0,0,0,0,1,0,0
5274,21,African-American,1,0,0,0,0,0,1,1
5278,21,Caucasian,1,0,0,0,0,1,1,0
5280,31,Caucasian,1,0,0,0,3,1,1,0
5282,27,Caucasian,1,0,0,0,0,1,1,0
5289,28,African-American,1,0,0,0,7,1,1,1
5290,67,Caucasian,1,0,0,0,0,0,0,0
5293,32,African-American,0,0,0,0,11,1,0,1
5294,44,African-American,1,0,0,0,7,1,0,1
5295,25,African-American,1,0,0,0,1,1,1,1
5297,30,African-American,0,0,0,0,15,0,1,1
5298,28,Caucasian,1,0,1,0,9,0,0,0
5301,27,African-American,1,0,0,0,0,1,1,1
5309,25,Caucasian,0,0,0,0,0,0,0,0
5312,31,Caucasian,1,0,0,0,5,1,1,0
5313,30,Caucasian,1,0,0,0,0,0,1,0
5314,33,African-American,1,0,0,0,4,1,0,1
5316,26,African-American,1,0,0,0,1,0,1,1
5321,22,Caucasian,0,0,0,0,2,0,1,0
5322,50,Caucasian,1,0,0,0,0,1,0,0
5324,58,Caucasian,1,0,0,0,1,1,1,0
5326,34,Caucasian,1,0,0,0,3,0,1,0
5327,32,Caucasian,1,0,0,0,1,1,1,0
5330,29,African-American,1,0,0,0,0,0,1,1
5331,27,African-American,1,0,0,0,0,0,0,1
5332,39,Caucasian,1,0,0,0,5,1,0,0
5333,24,African-American,1,0,0,0,0,1,0,1
5334,38,African-American,1,1,0,0,8,0,0,1
5335,52,Caucasian,1,0,0,0,7,1,0,0
5337,56,African-American,1,0,0,0,3,0,1,1
5339,46,Caucasian,1,0,0,0,7,1,1,0
5341,38,Caucasian,1,0,0,0,5,1,1,0
5342,47,Caucasian,1,0,0,0,3,0,0,0
5344,32,Caucasian,1,0,0,0,0,1,0,0
5346,34,African-American,1,0,1,0,27,0,0,1
5347,42,African-American,1,0,0,0,5,1,0,1
5348,35,African-American,0,0,0,0,0,0,1,1
5349,20,Caucasian,1,0,0,0,0,1,1,0
5350,32,Caucasian,0,0,0,0,2,1,1,0
5351,21,Caucasian,1,0,0,1,0,0,0,0
5352,24,African-American,1,0,0,0,0,0,1,1
5354,24,African-American,1,0,0,0,1,0,1,1
5358,26,African-American,1,0,0,0,0,0,1,1
5360,52,Caucasian,1,0,0,0,8,1,0,0
5363,27,African-American,1,0,0,0,1,0,0,1
5364,27,Caucasian,0,0,0,0,0,0,0,0
5365,56,Caucasian,1,0,0,0,0,1,0,0
5366,52,Caucasian,1,0,0,0,16,1,1,0
5367,37,African-American,1,0,0,0,3,1,1,1
5369,45,African-American,1,0,0,0,0,0,0,1
5371,36,Caucasian,0,0,0,0,3,1,1,0
5372,29,African-American,0,0,0,0,0,1,0,1
5379,27,African-American,1,0,1,0,11,1,0,1
5380,28,African-American,1,1,0,1,11,1,1,1
5381,38,African-American,1,0,0,0,4,0,0,1
5383,19,African-American,0,0,0,0,1,1,1,1
5386,37,Caucasian,0,0,0,0,1,1,0,0
5387,34,African-American,1,0,0,0,0,0,1,1
5388,37,Caucasian,1,0,0,0,7,1,1,0
5389,21,African-American,1,0,0,1,1,1,0,1
5390,21,African-American,1,0,0,0,0,1,1,1
5391,38,Caucasian,0,0,0,0,3,1,0,0
5392,47,African-American,1,0,0,0,1,0,0,1
5394,56,Caucasian,1,0,0,0,3,1,0,0
5395,27,African-American,1,0,0,0,2,1,1,1
5398,23,African-American,1,0,0,0,0,0,0,1
5399,57,Caucasian,1,0,0,0,0,1,0,0
5400,25,African-American,1,0,1,0,9,1,0,1
5402,23,African-American,0,0,0,0,2,1,1,1
5403,32,African-American,1,0,0,0,8,1,1,1
5404,36,African-American,0,0,0,0,2,0,0,1
5405,41,African-American,1,0,0,0,5,0,0,1
5411,21,African-American,1,0,0,0,1,1,1,1
5416,31,African-American,1,0,0,0,2,0,0,1
5417,37,Caucasian,1,0,0,0,0,0,0,0
5418,27,African-American,1,0,0,0,0,1,0,1
5420,22,African-American,1,0,0,0,2,1,1,1
5423,59,Caucasian,1,0,0,0,2,1,0,0
5425,33,African-American,0,0,0,0,0,1,1,1
5427,43,African-American,0,0,0,0,2,1,0,1
5428,25,Caucasian,1,0,0,0,5,1,1,0
5430,23,African-American,1,0,0,0,3,1,1,1
5431,43,Caucasian,0,0,0,0,3,0,1,0
5432,56,Caucasian,1,0,0,0,9,0,1,0
5433,20,African-American,0,0,0,0,1,1,1,1
5434,50,African-American,1,0,0,0,2,0,1,1
5436,54,Caucasian,0,0,0,0,1,0,0,0
5438,20,African-American,1,0,0,0,1,1,1,1
5440,36,African-American,0,0,0,0,3,1,1,1
5441,56,African-American,1,0,0,0,0,0,0,1
5443,25,African-American,1,1,0,0,2,1,0,1
5444,42,Caucasian,0,0,0,0,1,1,1,0
5446,48,African-American,1,0,0,0,4,1,0,1
5447,34,African-American,1,1,0,0,21,0,1,1
5448,28,Caucasian,1,0,0,0,0,1,0,0
5449,32,Caucasian,1,0,0,0,1,1,0,0
5451,31,Caucasian,0,0,0,0,2,1,0,0
5453,24,African-American,0,0,0,0,4,1,1,1
5454,25,Caucasian,0,0,0,0,0,1,1,0
5455,32,Caucasian,0,0,0,1,4,1,0,0
5456,37,African-American,1,0,0,0,20,1,1,1
5458,24,African-American,1,0,0,0,1,1,1,1
5459,48,African-American,1,0,0,0,0,0,0,1
5461,35,African-American,1,0,0,0,1,1,0,1
5463,21,African-American,1,0,0,0,1,1,1,1
5465,21,African-American,0,0,0,0,0,1,1,1
5472,27,Caucasian,0,0,0,0,0,1,1,0
5473,22,African-American,1,0,0,0,0,1,0,1
5474,28,African-American,1,0,0,0,4,1,0,1
5475,26,African-American,1,0,0,0,0,0,0,1
5477,34,Caucasian,1,0,0,0,0,1,0,0
5479,22,African-American,1,0,0,0,3,1,0,1
5483,44,Caucasian,1,0,0,0,5,1,0,0
5484,57,Caucasian,1,0,0,0,1,1,0,0
5485,22,African-American,1,0,0,1,0,1,1,1
5489,24,African-American,1,0,0,0,7,1,1,1
5491,20,Caucasian,1,0,0,0,0,1,0,0
5495,60,African-American,1,0,0,0,13,1,0,1
5496,22,African-American,0,0,0,0,2,1,0,1
5500,72,Caucasian,1,0,0,0,7,1,0,0
5501,33,African-American,1,0,0,0,3,1,1,1
5502,24,African-American,1,0,0,0,1,1,1,1
5505,60,African-American,1,0,0,0,0,1,0,1
5506,24,Caucasian,1,0,0,0,3,1,1,0
5508,30,African-American,1,0,0,0,1,0,0,1
5511,43,Caucasian,0,0,0,0,0,0,0,0
5515,45,African-American,1,0,0,0,1,0,0,1
5518,31,Caucasian,1,0,0,0,1,0,0,0
5519,40,African-American,1,0,0,0,0,0,0,1
5520,50,Caucasian,1,0,0,0,1,1,0,0
5524,41,African-American,1,0,0,0,7,1,0,1
5525,34,Caucasian,1,0,0,1,5,1,1,0
5528,28,Caucasian,0,0,0,0,0,1,0,0
5531,23,Caucasian,1,0,0,2,2,1,1,0
5535,21,Caucasian,1,0,0,1,1,1,1,0
5537,22,African-American,0,0,1,0,2,0,1,1
5539,29,African-American,1,0,0,0,6,1,1,1
5542,30,African-American,0,0,0,0,0,0,0,1
5543,45,Caucasian,1,0,0,0,3,0,1,0
5544,24,African-American,0,0,0,0,2,1,0,1
5545,31,Caucasian,1,0,0,0,4,1,1,0
5546,56,Caucasian,1,0,0,0,0,0,0,0
5550,24,African-American,1,0,4,0,14,1,1,1
5551,38,African-American,1,0,0,0,11,1,0,1
5552,51,African-American,1,0,0,0,22,1,1,1
5553,22,Caucasian,1,0,0,0,0,1,0,0
5554,28,African-American,1,0,0,0,5,0,0,1
5556,47,African-American,1,0,0,1,19,1,1,1
5557,51,African-American,1,0,0,0,0,0,1,1
5558,25,Caucasian,1,0,0,0,1,0,0,0
5561,30,African-American,1,0,0,0,0,1,0,1
5563,33,Caucasian,1,0,0,0,0,1,1,0
5564,35,African-American,1,0,0,0,5,1,1,1
5567,33,African-American,0,0,0,0,0,1,0,1
5573,33,Caucasian,0,0,0,0,1,1,0,0
5574,27,African-American,1,0,0,0,2,1,1,1
5575,29,African-American,0,0,0,0,9,1,1,1
5578,24,African-American,1,0,0,3,3,1,1,1
5579,43,African-American,1,0,0,0,5,1,0,1
5583,37,African-American,1,0,0,0,11,0,1,1
5584,53,African-American,1,0,0,0,13,1,0,1
5586,26,African-American,1,0,0,0,4,1,1,1
5590,30,Caucasian,0,0,0,0,1,0,0,0
5591,27,African-American,1,0,0,0,6,1,1,1
5592,39,Caucasian,1,0,0,0,9,1,1,0
5593,37,Caucasian,1,0,0,0,4,0,1,0
5594,22,Caucasian,1,0,0,0,3,0,1,0
5596,25,Caucasian,1,0,0,0,0,1,0,0
5599,28,Caucasian,0,0,0,0,0,0,0,0
5600,25,African-American,1,0,0,0,0,0,1,1
5601,58,Caucasian,1,0,0,0,1,1,0,0
5603,29,Caucasian,0,0,0,0,1,0,1,0
5604,33,African-American,1,0,0,0,8,1,0,1
5605,38,African-American,1,0,0,0,0,1,0,1
5607,38,Caucasian,1,0,0,0,2,1,0,0
5609,59,African-American,1,0,0,0,22,1,1,1
5613,53,Caucasian,1,0,0,0,0,0,1,0
5614,33,African-American,1,0,0,0,2,1,1,1
5617,58,Caucasian,1,0,0,0,1,0,0,0
5621,53,Caucasian,1,0,0,0,2,1,0,0
5623,32,Caucasian,1,0,0,0,0,0,1,0
5627,35,African-American,1,0,0,0,6,1,1,1
5628,39,Caucasian,1,0,0,0,1,1,0,0
5632,42,Caucasian,0,0,0,0,5,0,1,0
5633,37,African-American,1,0,0,0,0,0,0,1
5634,39,Caucasian,1,0,0,0,0,1,0,0
5635,52,Caucasian,0,0,0,0,3,0,0,0
5639,42,Caucasian,1,0,0,0,4,1,1,0
5646,23,African-American,1,0,0,0,6,1,1,1
5647,42,African-American,0,0,0,0,0,0,1,1
5650,28,African-American,1,0,0,0,5,1,0,1
5651,38,Caucasian,1,0,0,0,12,1,0,0
5652,43,African-American,0,0,0,0,2,1,1,1
5654,42,African-American,1,0,0,0,0,1,0,1
5655,25,Caucasian,0,0,0,0,0,0,0,0
5657,32,African-American,1,0,0,0,7,1,1,1
5658,21,African-American,1,0,0,0,0,1,1,1
5659,35,Caucasian,0,0,0,0,1,0,0,0
5660,37,Caucasian,1,0,0,0,0,1,0,0
5664,33,African-American,0,0,0,0,2,1,0,1
5665,51,Caucasian,0,0,0,0,4,1,0,0
5666,39,Caucasian,1,0,0,0,3,1,0,0
5668,40,African-American,1,0,0,0,3,1,0,1
5669,32,African-American,1,0,0,0,17,1,1,1
5671,32,Caucasian,1,0,0,0,3,1,1,0
5673,32,African-American,1,0,0,0,10,1,1,1
5675,47,Caucasian,1,0,0,0,5,0,1,0
5676,23,Caucasian,0,0,0,0,0,0,0,0
5677,63,Caucasian,1,0,0,0,10,1,1,0
5678,38,African-American,1,0,1,0,16,1,1,1
5680,32,African-American,1,0,0,0,6,0,1,1
5681,31,African-American,1,0,0,0,4,1,1,1
5684,23,African-American,1,0,0,0,0,1,0,1
5686,47,Caucasian,0,0,0,0,0,0,0,0
5687,33,Caucasian,1,0,0,0,1,1,1,0
5689,22,Caucasian,1,0,0,0,1,1,0,0
5692,40,Caucasian,1,0,0,0,0,0,1,0
5693,36,African-American,1,10,0,0,14,1,1,1
5695,65,Caucasian,0,0,0,0,0,0,0,0
5697,22,African-American,0,0,0,0,0,0,0,1
5700,26,Caucasian,0,0,0,0,4,1,1,0
5711,52,Caucasian,1,0,0,0,2,1,1,0
5716,34,African-American,1,0,0,0,5,1,0,1
5717,33,African-American,1,0,0,0,1,0,1,1
5719,21,African-American,1,0,1,2,1,1,0,1
5722,46,African-American,1,0,0,0,9,1,0,1
5724,57,Caucasian,1,0,0,0,1,0,0,0
5725,22,African-American,1,0,0,1,2,1,1,1
5726,48,Caucasian,0,0,0,0,1,0,1,0
5727,40,African-American,1,0,0,0,21,1,0,1
5728,30,African-American,0,0,0,0,1,1,0,1
5729,21,Caucasian,1,0,1,0,4,0,1,0
5730,39,African-American,0,0,2,0,22,1,1,1
5732,33,Caucasian,0,0,0,0,0,0,1,0
5733,24,African-American,1,0,0,0,0,1,0,1
5735,43,African-American,1,0,0,0,0,1,1,1
5736,45,Caucasian,0,0,0,0,0,0,0,0
5738,51,African-American,1,0,0,0,3,1,0,1
5740,31,African-American,1,0,0,0,9,0,1,1
5741,27,Caucasian,1,0,0,0,0,0,0,0
5742,32,African-American,1,0,0,0,1,1,0,1
5743,49,Caucasian,1,0,0,0,0,0,0,0
5745,29,African-American,1,0,0,0,2,1,0,1
5748,23,African-American,1,0,1,0,2,1,1,1
5753,30,Caucasian,1,0,0,0,0,0,0,0
5754,34,African-American,1,0,0,0,13,1,1,1
5756,33,African-American,1,0,0,0,4,1,0,1
5757,28,African-American,1,0,0,0,1,0,0,1
5759,29,African-American,1,0,0,0,1,1,0,1
5760,38,Caucasian,1,0,0,0,0,0,0,0
5761,37,Caucasian,1,0,0,0,0,1,0,0
5762,33,Caucasian,0,0,0,0,0,0,1,0
5765,51,African-American,1,1,0,1,19,1,0,1
5768,65,African-American,1,0,0,0,7,0,0,1
5769,32,African-American,0,0,0,0,1,0,0,1
5772,38,Caucasian,1,0,0,0,5,1,1,0
5773,35,African-American,1,0,0,0,1,1,0,1
5774,57,Caucasian,1,0,0,0,1,1,0,0
5776,26,Caucasian,1,0,0,0,1,1,0,0
5779,36,African-American,0,2,0,0,4,0,1,1
5784,35,Caucasian,1,0,0,0,3,1,1,0
5785,33,African-American,1,0,0,0,0,1,0,1
5787,47,Caucasian,1,0,0,0,0,0,0,0
5792,35,Caucasian,1,0,0,0,1,0,1,0
5793,36,African-American,0,0,0,0,1,1,1,1
5795,25,Caucasian,0,0,0,0,0,0,0,0
5801,51,Caucasian,1,0,0,0,6,1,1,0
5804,24,African-American,1,0,0,4,8,1,1,1
5806,32,Caucasian,1,0,0,0,0,1,1,0
5808,43,African-American,1,0,0,0,8,1,1,1
5809,45,African-American,1,1,0,1,20,0,0,1
5810,42,African-American,1,0,0,0,10,0,1,1
5811,22,African-American,1,0,0,0,1,1,1,1
5812,49,African-American,1,0,0,0,4,1,0,1
5813,42,African-American,1,0,0,0,0,1,1,1
5814,40,Caucasian,1,0,0,0,0,0,1,0
5816,25,African-American,1,0,1,0,2,1,1,1
5817,25,Caucasian,1,0,0,0,0,0,1,0
5818,23,African-American,1,0,0,0,0,1,0,1
5820,21,Caucasian,1,0,0,0,2,1,1,0
5821,31,Caucasian,1,0,0,0,3,0,0,0
5824,28,African-American,0,0,0,0,0,0,0,1
5825,24,African-American,1,0,0,0,11,1,1,1
5826,45,Caucasian,1,0,0,0,0,1,0,0
5827,23,African-American,1,0,0,0,2,0,1,1
5828,39,African-American,1,0,0,0,7,1,1,1
5831,24,African-American,1,0,1,0,1,1,0,1
5832,46,Caucasian,1,0,0,0,1,1,0,0
5833,47,Caucasian,1,0,0,0,3,1,0,0
5836,22,African-American,1,0,0,1,1,0,1,1
5837,34,Caucasian,0,0,0,0,0,0,0,0
5838,33,Caucasian,1,0,0,0,0,0,1,0
5842,29,African-American,1,0,0,1,16,1,1,1
5849,29,African-American,1,0,0,0,0,0,0,1
5850,25,Caucasian,0,0,0,0,2,0,1,0
5851,34,Caucasian,1,0,0,0,16,1,1,0
5852,55,African-American,0,0,0,0,1,1,0,1
5853,27,African-American,1,0,0,0,0,1,1,1
5854,26,African-American,1,0,0,0,0,0,0,1
5856,39,African-American,1,2,2,1,19,1,1,1
5857,24,African-American,1,0,0,0,1,1,0,1
5858,29,Caucasian,1,0,0,0,0,0,0,0
5863,50,African-American,1,0,0,0,13,1,1,1
5865,31,African-American,1,0,0,0,4,1,1,1
5869,26,Caucasian,1,1,0,0,2,1,0,0
5871,54,Caucasian,1,0,0,0,2,1,0,0
5873,33,African-American,1,0,0,0,14,1,1,1
5875,22,African-American,1,0,0,0,0,0,1,1
5877,35,African-American,1,0,1,0,8,1,0,1
5880,25,African-American,1,0,0,0,0,1,0,1
5881,25,African-American,1,0,0,0,0,1,0,1
5882,44,African-American,1,0,0,0,0,1,1,1
5883,29,Caucasian,0,0,0,0,2,1,1,0
5885,46,Caucasian,1,0,0,0,2,1,1,0
5886,53,Caucasian,1,0,0,0,0,0,0,0
5887,24,African-American,1,0,0,0,2,1,1,1
5889,52,African-American,0,0,0,0,2,1,1,1
5890,27,African-American,1,0,0,0,0,0,1,1
5891,41,Caucasian,1,0,0,0,0,1,0,0
5892,21,African-American,0,0,0,0,0,1,1,1
5895,24,Caucasian,1,0,0,0,1,1,0,0
5898,23,Caucasian,1,0,0,0,0,0,0,0
5899,42,African-American,1,0,0,0,0,1,0,1
5902,24,African-American,1,5,0,0,5,1,1,1
5904,26,African-American,1,0,0,0,4,1,1,1
5905,50,Caucasian,1,0,0,0,9,1,1,0
5906,32,African-American,0,0,0,0,3,0,0,1
5907,40,African-American,1,0,0,0,13,1,0,1
5914,27,African-American,1,0,0,0,2,1,0,1
5915,23,Caucasian,1,0,0,0,0,1,1,0
5916,37,African-American,1,0,0,0,22,0,1,1
5917,32,African-American,1,0,0,0,1,0,1,1
5921,52,Caucasian,1,0,0,0,4,0,1,0
5923,29,Caucasian,1,0,0,0,2,1,0,0
5926,49,African-American,1,0,0,0,0,0,0,1
5928,50,Caucasian,1,0,0,0,0,1,0,0
5929,26,Caucasian,1,0,0,0,2,1,1,0
5930,34,Caucasian,0,0,0,0,0,1,1,0
5931,28,Caucasian,0,0,0,0,1,1,0,0
5934,30,African-American,1,0,0,0,0,1,1,1
5935,24,African-American,1,0,0,0,3,1,1,1
5937,25,African-American,1,0,0,0,0,0,1,1
5938,25,African-American,1,0,0,0,4,0,1,1
5939,45,Caucasian,1,0,0,0,2,1,0,0
5942,26,Caucasian,1,0,0,0,1,1,1,0
5947,40,Caucasian,1,0,0,0,2,0,0,0
5958,21,African-American,1,0,0,0,1,1,1,1
5960,55,Caucasian,1,0,0,0,0,0,0,0
5963,22,Caucasian,1,0,0,0,1,1,1,0
5964,23,African-American,0,0,0,0,1,1,0,1
5968,57,Caucasian,1,0,0,0,9,1,1,0
5969,33,Caucasian,1,0,0,0,0,0,1,0
5970,32,Caucasian,1,0,0,0,2,1,0,0
5971,47,Caucasian,1,0,0,0,3,1,0,0
5973,51,Caucasian,1,0,0,0,6,0,1,0
5974,22,African-American,1,0,1,0,1,1,0,1
5975,47,Caucasian,1,0,0,0,2,1,0,0
5976,28,Caucasian,1,0,0,0,1,1,1,0
5978,28,African-American,1,0,0,0,5,1,0,1
5981,44,Caucasian,0,0,0,0,1,0,1,0
5982,25,African-American,1,0,0,0,0,1,1,1
5984,34,African-American,1,0,0,0,4,0,0,1
5985,65,Caucasian,1,0,0,0,0,0,0,0
5987,33,Caucasian,1,0,0,0,5,1,1,0
5988,23,Caucasian,0,0,0,0,0,0,0,0
5989,44,Caucasian,0,0,0,0,0,0,0,0
5992,24,African-American,1,0,0,0,1,0,0,1
5993,51,Caucasian,1,0,0,0,1,0,0,0
5994,21,African-American,0,0,0,0,0,1,1,1
5995,39,Caucasian,1,0,0,0,6,1,0,0
5996,29,African-American,1,0,0,0,29,1,1,1
5997,24,Caucasian,1,0,0,0,1,1,0,0
6000,23,African-American,0,0,0,0,0,1,1,1
6001,31,African-American,1,0,0,2,11,1,1,1
6002,35,African-American,0,0,0,0,0,0,0,1
6006,39,African-American,0,0,0,0,4,1,0,1
6010,51,Caucasian,1,0,0,0,0,0,0,0
6011,22,Caucasian,1,0,0,1,1,1,0,0
6013,29,Caucasian,1,0,0,0,2,1,0,0
6019,32,Caucasian,1,0,0,0,6,1,1,0
6021,33,Caucasian,1,0,0,0,3,0,1,0
6022,58,Caucasian,1,0,0,0,5,1,1,0
6027,33,African-American,1,0,0,0,2,1,1,1
6030,48,African-American,1,0,0,0,10,1,0,1
6032,23,African-American,1,0,0,0,0,0,0,1
6034,23,Caucasian,1,0,0,0,2,1,1,0
6040,29,African-American,1,0,0,0,0,0,1,1
6041,48,Caucasian,1,0,0,0,2,1,0,0
6042,37,Caucasian,1,0,0,0,4,0,1,0
6043,50,Caucasian,1,0,0,0,3,1,0,0
6044,19,African-American,1,0,0,0,3,1,1,1
6046,49,African-American,1,2,0,0,13,1,0,1
6047,58,Caucasian,1,0,0,0,2,1,0,0
6048,31,African-American,1,0,0,0,6,1,0,1
6051,23,African-American,1,0,0,2,1,0,0,1
6055,23,African-American,0,0,0,0,0,1,1,1
6056,31,Caucasian,1,0,0,0,17,1,1,0
6062,57,Caucasian,1,0,0,0,6,1,0,0
6064,31,Caucasian,0,0,0,0,0,0,0,0
6065,57,African-American,1,0,0,0,19,1,0,1
6066,57,Caucasian,1,0,0,0,12,0,0,0
6067,29,African-American,1,0,0,0,6,0,1,1
6070,30,African-American,1,0,0,0,0,0,1,1
6071,45,African-American,1,0,0,0,11,1,0,1
6073,42,Caucasian,1,0,0,0,0,1,0,0
6075,29,African-American,1,0,2,0,12,1,1,1
6078,28,Caucasian,0,0,0,0,0,1,0,0
6080,25,African-American,1,0,0,0,1,0,1,1
6081,34,Caucasian,0,0,0,0,3,0,0,0
6084,27,African-American,1,0,0,0,0,1,0,1
6085,39,African-American,1,0,0,0,4,1,0,1
6089,27,African-American,1,0,0,0,4,1,1,1
6094,30,Caucasian,1,0,0,1,7,1,1,0
6095,31,African-American,1,3,0,1,15,0,1,1
6096,20,African-American,1,0,0,1,1,0,1,1
6097,26,Caucasian,1,0,0,0,2,1,1,0
6100,34,Caucasian,1,0,0,0,0,1,1,0
6101,27,Caucasian,1,0,0,0,0,0,0,0
6105,29,African-American,1,0,0,0,4,1,0,1
6106,27,African-American,1,0,0,0,7,1,0,1
6107,24,Caucasian,0,0,0,0,0,1,0,0
6108,29,African-American,1,0,0,0,0,1,1,1
6109,20,Caucasian,1,0,0,0,0,1,0,0
6110,23,Caucasian,0,0,0,0,0,1,0,0
6111,48,African-American,0,0,0,0,0,0,0,1
6112,34,African-American,1,0,0,0,0,0,1,1
6113,46,African-American,1,0,0,0,1,0,1,1
6114,41,Caucasian,0,0,0,0,3,1,0,0
6116,26,African-American,1,0,0,0,3,1,1,1
6117,37,African-American,1,0,0,0,11,1,1,1
6123,22,Caucasian,0,0,0,0,2,1,0,0
6125,32,African-American,1,0,0,0,7,1,0,1
6127,44,African-American,1,0,0,0,0,0,0,1
6131,60,African-American,1,0,0,0,3,0,0,1
6133,49,Caucasian,1,0,0,0,0,1,0,0
6135,30,African-American,1,0,0,0,10,0,1,1
6137,52,Caucasian,1,0,0,0,0,1,0,0
6140,34,African-American,1,0,0,0,0,1,0,1
6143,55,African-American,1,0,0,0,5,1,1,1
6146,33,African-American,1,0,0,0,0,0,0,1
6147,22,African-American,1,0,0,0,0,1,1,1
6148,27,African-American,0,0,0,0,0,0,0,1
6149,20,African-American,1,0,0,2,0,1,1,1
6150,33,Caucasian,1,0,0,0,0,1,0,0
6152,26,African-American,1,0,0,0,0,0,0,1
6153,29,African-American,1,0,0,0,0,0,0,1
6154,32,African-American,1,0,0,0,1,0,0,1
6156,37,Caucasian,1,0,0,0,4,0,0,0
6159,31,African-American,1,0,0,0,15,1,0,1
6160,29,African-American,1,0,0,0,6,1,1,1
6161,31,African-American,1,0,0,0,6,1,0,1
6162,36,Caucasian,0,0,0,0,2,1,0,0
6164,37,African-American,0,0,0,0,1,1,0,1
6165,34,Caucasian,1,0,0,0,5,0,1,0
6166,20,Caucasian,1,0,0,0,1,0,1,0
6169,24,Caucasian,1,0,0,2,8,1,1,0
6170,29,African-American,1,0,1,0,8,0,1,1
6171,45,African-American,0,0,0,0,1,1,0,1
6172,34,Caucasian,1,0,0,0,2,1,1,0
6173,70,African-American,1,0,0,0,0,0,0,1
6177,23,African-American,1,1,0,0,4,1,0,1
6178,27,Caucasian,1,0,0,0,5,0,0,0
6179,44,Caucasian,1,0,0,0,6,1,1,0
6182,26,African-American,1,0,0,0,0,0,0,1
6183,23,Caucasian,0,0,0,0,2,0,0,0
6185,27,African-American,1,0,0,0,3,1,1,1
6189,46,Caucasian,0,0,0,0,1,1,0,0
6191,27,African-American,0,1,0,0,1,1,0,1
6192,45,Caucasian,1,0,0,0,7,1,0,0
6193,42,African-American,1,0,0,0,1,0,0,1
6195,24,Caucasian,0,0,1,0,3,0,1,0
6196,20,African-American,1,1,1,1,2,1,1,1
6198,49,Caucasian,1,0,0,0,3,1,0,0
6201,52,Caucasian,0,0,0,0,1,1,0,0
6203,26,African-American,1,0,0,0,1,0,0,1
6205,53,African-American,1,0,0,0,15,1,1,1
6207,38,African-American,1,0,0,0,0,0,1,1
6208,25,African-American,1,0,0,0,1,1,0,1
6210,21,African-American,1,1,0,0,1,1,1,1
6212,48,African-American,1,0,0,0,0,0,0,1
6216,22,African-American,1,0,0,0,0,1,1,1
6221,38,Caucasian,1,0,0,0,2,0,0,0
6226,44,Caucasian,0,0,0,0,0,0,1,0
6228,64,Caucasian,1,0,0,0,0,0,0,0
6229,38,Caucasian,1,0,0,0,5,0,1,0
6231,49,African-American,1,0,0,0,1,1,0,1
6239,51,African-American,1,0,0,0,3,1,0,1
6240,50,African-American,1,0,0,0,0,1,0,1
6241,33,Caucasian,1,0,2,0,2,0,0,0
6242,54,Caucasian,0,0,0,0,0,0,0,0
6247,42,African-American,1,0,0,0,17,0,1,1
6248,34,Caucasian,1,0,0,0,3,1,0,0
6249,38,Caucasian,1,0,0,0,2,1,1,0
6250,21,African-American,1,0,0,0,1,1,1,1
6251,33,African-American,1,0,0,0,5,1,0,1
6256,32,African-American,1,0,0,1,9,0,1,1
6259,45,Caucasian,1,0,0,0,1,0,0,0
6260,30,Caucasian,1,0,0,0,1,1,1,0
6264,29,African-American,0,0,0,0,0,1,0,1
6267,51,Caucasian,0,0,0,0,0,0,1,0
6268,28,African-American,0,0,0,0,0,1,0,1
6271,27,Caucasian,1,0,0,0,1,1,0,0
6278,30,African-American,0,0,0,0,0,1,0,1
6280,32,African-American,1,0,0,0,0,0,0,1
6281,27,Caucasian,1,0,0,0,5,1,0,0
6284,21,African-American,1,0,0,0,0,1,0,1
6285,34,Caucasian,0,0,0,0,0,1,1,0
6286,24,African-American,1,0,0,0,7,1,1,1
6287,32,Caucasian,1,0,0,0,0,0,0,0
6289,38,Caucasian,0,0,0,0,5,1,1,0
6292,56,African-American,1,0,0,0,3,0,0,1
6293,44,African-American,0,0,0,0,0,0,0,1
6296,31,African-American,1,0,0,0,1,0,1,1
6297,25,Caucasian,0,0,0,0,6,1,0,0
6299,20,African-American,0,0,0,0,0,0,0,1
6300,35,African-American,1,0,0,0,1,0,0,1
6301,33,African-American,1,0,0,0,1,1,1,1
6302,24,African-American,1,0,0,0,0,0,0,1
6304,27,African-American,1,0,0,0,9,1,1,1
6312,38,African-American,1,0,0,0,9,1,1,1
6314,20,Caucasian,1,0,0,1,0,1,1,0
6315,30,African-American,1,0,0,0,9,1,1,1
6317,36,Caucasian,1,0,0,0,9,1,1,0
6319,23,African-American,1,0,0,0,2,0,1,1
6320,39,African-American,1,0,0,0,21,1,1,1
6322,29,Caucasian,1,0,0,0,3,1,1,0
6323,58,Caucasian,1,0,0,0,2,0,1,0
6326,23,Caucasian,1,0,0,0,3,0,1,0
6328,68,African-American,0,0,0,0,5,1,0,1
6330,26,Caucasian,0,0,0,0,2,0,0,0
6332,51,African-American,1,0,0,0,0,1,1,1
6335,25,African-American,1,0,0,0,0,0,0,1
6336,40,African-American,1,0,0,0,5,1,1,1
6337,51,African-American,1,0,0,0,14,1,0,1
6338,27,African-American,1,0,0,0,2,0,1,1
6339,49,African-American,1,0,0,0,11,0,1,1
6345,20,African-American,1,0,0,0,0,1,0,1
6347,21,African-American,1,0,0,0,2,1,1,1
6349,31,African-American,0,0,0,0,0,1,0,1
6353,57,African-American,1,0,0,0,0,0,0,1
6354,61,Caucasian,0,0,0,0,8,1,1,0
6359,54,African-American,1,0,0,0,3,1,1,1
6360,39,Caucasian,1,0,0,0,0,1,0,0
6361,24,African-American,1,0,1,0,1,1,0,1
6365,48,African-American,1,0,0,1,8,1,1,1
6367,30,African-American,1,0,0,1,6,0,1,1
6368,26,African-American,1,0,1,0,10,1,1,1
6371,37,African-American,1,0,0,0,12,1,1,1
6372,26,African-American,1,0,0,0,4,1,1,1
6373,29,African-American,1,0,0,0,7,0,1,1
6375,26,African-American,1,0,0,0,1,0,1,1
6376,60,African-American,1,0,0,0,2,1,0,1
6377,27,Caucasian,1,0,0,0,2,1,1,0
6379,22,Caucasian,1,0,0,1,1,1,0,0
6380,28,African-American,1,0,0,0,3,1,0,1
6381,33,African-American,1,0,0,0,13,1,1,1
6382,28,African-American,1,0,0,0,2,1,0,1
6383,55,Caucasian,1,0,0,0,0,0,1,0
6384,21,African-American,1,0,1,0,6,1,1,1
6389,29,Caucasian,0,0,0,0,6,1,1,0
6391,24,African-American,1,0,0,0,2,0,1,1
6392,50,African-American,1,0,0,0,12,1,1,1
6393,24,African-American,1,0,0,0,1,0,1,1
6394,47,African-American,1,0,0,0,1,1,0,1
6396,54,Caucasian,1,0,0,0,6,1,0,0
6398,42,Caucasian,0,0,0,0,0,0,0,0
6399,35,Caucasian,1,0,0,0,5,1,0,0
6400,30,African-American,1,0,0,0,0,1,1,1
6401,53,Caucasian,1,0,0,0,1,1,0,0
6402,31,African-American,0,0,0,0,2,0,0,1
6409,31,African-American,1,0,0,0,0,1,1,1
6413,47,African-American,1,0,0,0,9,1,0,1
6420,24,African-American,1,0,1,0,9,0,1,1
6422,22,African-American,0,0,1,0,2,1,0,1
6425,30,African-American,0,0,0,0,2,1,0,1
6428,43,Caucasian,0,0,0,0,22,0,1,0
6430,50,African-American,1,0,0,0,0,0,0,1
6432,42,Caucasian,0,0,0,0,3,1,0,0
6433,29,Caucasian,0,0,0,0,1,1,1,0
6439,25,African-American,1,0,0,0,5,1,1,1
6441,36,African-American,1,0,0,0,4,1,0,1
6442,24,African-American,1,0,0,0,1,0,1,1
6443,28,Caucasian,1,0,0,0,5,1,0,0
6446,31,Caucasian,1,0,0,0,0,0,1,0
6447,23,African-American,1,0,0,0,0,1,0,1
6448,29,Caucasian,1,0,0,0,4,0,1,0
6449,51,African-American,1,0,0,0,11,0,1,1
6450,34,African-American,1,0,0,0,1,1,0,1
6451,29,African-American,1,0,0,0,12,1,1,1
6453,39,African-American,1,0,1,0,13,1,1,1
6459,59,African-American,1,0,0,0,15,0,1,1
6462,23,African-American,1,0,0,2,3,1,1,1
6463,31,African-American,1,0,0,0,15,1,0,1
6466,53,Caucasian,1,0,0,0,0,0,0,0
6467,34,African-American,1,0,0,0,12,1,0,1
6468,63,African-American,0,0,0,0,1,1,0,1
6470,21,African-American,0,0,0,0,0,1,1,1
6471,47,Caucasian,1,0,0,0,28,1,1,0
6473,34,African-American,1,0,0,0,7,1,1,1
6477,58,Caucasian,1,0,0,0,4,1,1,0
6480,36,African-American,1,3,0,0,16,1,1,1
6481,23,African-American,0,0,0,0,0,0,0,1
6482,34,African-American,1,0,0,0,5,1,1,1
6483,56,Caucasian,1,0,0,0,13,1,0,0
6484,52,Caucasian,0,0,0,0,0,1,0,0
6485,56,African-American,1,0,0,0,0,1,0,1
6487,37,African-American,0,0,0,0,0,0,0,1
6488,50,Caucasian,0,0,0,0,0,0,0,0
6489,25,African-American,1,0,0,0,1,1,1,1
6490,22,African-American,1,0,0,0,0,1,1,1
6491,43,Caucasian,0,0,0,0,0,0,1,0
6492,30,Caucasian,1,0,0,0,1,0,0,0
6496,24,Caucasian,1,0,0,0,0,1,0,0
6497,29,African-American,1,0,0,0,7,0,1,1
6500,24,Caucasian,0,0,0,0,0,1,0,0
6501,74,African-American,0,0,0,0,0,1,0,1
6502,27,African-American,1,0,0,1,8,0,1,1
6505,29,Caucasian,1,0,0,0,5,1,0,0
6508,35,African-American,0,0,0,0,5,1,0,1
6511,29,African-American,1,0,0,0,1,0,1,1
6512,36,Caucasian,1,0,0,0,1,1,0,0
6514,26,Caucasian,1,0,0,0,2,1,0,0
6520,26,African-American,0,0,0,0,1,1,0,1
6521,39,Caucasian,0,0,1,0,11,1,1,0
6522,22,African-American,1,0,1,0,3,1,1,1
6524,28,Caucasian,1,0,0,0,0,1,0,0
6525,51,Caucasian,1,0,0,0,1,1,1,0
6527,23,African-American,0,0,0,0,0,0,0,1
6528,29,African-American,1,1,2,0,6,1,1,1
6531,24,African-American,1,0,0,2,1,0,1,1
6534,33,African-American,0,0,0,0,5,1,0,1
6535,21,Caucasian,1,1,0,0,1,1,1,0
6536,59,Caucasian,1,0,0,0,3,0,0,0
6537,26,Caucasian,1,0,0,0,4,1,1,0
6548,21,African-American,1,0,0,2,1,1,1,1
6549,52,African-American,1,0,0,0,0,0,1,1
6550,56,African-American,1,0,0,0,12,1,1,1
6551,40,Caucasian,1,0,0,0,1,0,0,0
6552,48,Caucasian,0,0,0,0,8,0,1,0
6554,26,African-American,0,0,0,0,0,1,0,1
6558,66,Caucasian,1,0,0,0,1,1,1,0
6560,54,African-American,0,0,0,0,6,1,0,1
6563,31,Caucasian,1,0,0,0,4,0,1,0
6564,34,Caucasian,1,0,0,0,0,1,0,0
6566,25,African-American,1,0,0,0,9,1,1,1
6570,47,Caucasian,1,0,0,0,2,1,0,0
6571,51,African-American,1,0,0,1,12,1,1,1
6572,25,Caucasian,1,0,0,0,1,1,0,0
6574,31,African-American,0,0,0,0,2,1,1,1
6577,36,Caucasian,1,0,0,0,1,1,0,0
6580,49,Caucasian,1,0,0,0,0,0,0,0
6583,31,African-American,1,0,0,0,0,1,0,1
6584,30,Caucasian,1,0,0,1,1,1,0,0
6585,29,African-American,1,1,0,0,3,1,1,1
6586,53,Caucasian,0,0,0,0,6,1,1,0
6587,21,African-American,1,0,1,0,1,1,1,1
6588,21,African-American,1,0,0,0,0,1,0,1
6589,27,African-American,0,0,0,0,1,1,1,1
6591,65,African-American,0,0,0,0,0,1,0,1
6592,59,Caucasian,0,0,0,0,0,0,0,0
6593,59,African-American,1,0,0,0,0,0,0,1
6594,24,African-American,1,0,0,0,0,0,0,1
6595,40,African-American,1,0,0,0,0,1,0,1
6596,51,African-American,1,0,0,0,0,1,1,1
6597,34,African-American,1,1,0,0,10,1,1,1
6601,52,African-American,1,0,0,0,1,1,0,1
6604,38,African-American,1,0,0,0,2,1,1,1
6605,22,African-American,0,0,0,0,0,1,0,1
6606,43,African-American,1,0,0,0,0,1,0,1
6608,32,Caucasian,1,0,0,0,5,1,1,0
6611,55,African-American,1,0,0,0,0,1,0,1
6613,26,African-American,1,0,0,0,2,1,0,1
6614,23,Caucasian,1,0,0,1,1,0,0,0
6616,28,Caucasian,1,0,0,0,1,0,1,0
6626,26,African-American,1,0,0,0,0,1,0,1
6629,28,Caucasian,0,0,0,0,1,0,1,0
6631,43,African-American,1,0,0,0,0,1,1,1
6634,33,African-American,1,0,0,0,21,0,1,1
6636,21,Caucasian,1,0,0,1,0,0,0,0
6637,32,Caucasian,0,0,0,1,0,0,0,0
6638,22,African-American,1,0,0,0,1,1,1,1
6639,51,African-American,1,0,0,0,3,1,0,1
6641,20,African-American,1,0,0,1,2,1,1,1
6642,35,Caucasian,1,0,0,0,2,1,0,0
6645,37,African-American,0,0,0,0,3,1,0,1
6646,28,African-American,1,0,0,0,0,0,1,1
6649,41,Caucasian,1,0,0,0,3,0,1,0
6650,24,African-American,1,0,0,0,0,0,1,1
6651,33,African-American,0,0,0,0,3,0,0,1
6653,30,Caucasian,0,0,0,0,4,1,0,0
6654,20,African-American,1,0,0,0,1,1,1,1
6655,42,African-American,0,0,0,0,1,1,0,1
6657,40,African-American,0,0,0,0,15,1,1,1
6658,39,African-American,1,0,0,0,0,1,1,1
6659,21,African-American,1,0,0,0,0,1,0,1
6660,39,Caucasian,1,0,0,0,2,1,1,0
6661,24,Caucasian,1,0,0,0,0,1,0,0
6662,41,African-American,1,0,0,0,0,1,0,1
6663,39,African-American,1,0,0,0,1,1,0,1
6665,24,African-American,0,0,0,0,3,1,0,1
6667,24,African-American,0,0,0,0,1,1,0,1
6668,29,African-American,1,0,0,0,0,0,1,1
6670,25,Caucasian,1,0,0,0,2,0,1,0
6671,23,Caucasian,0,0,0,0,0,1,1,0
6672,22,African-American,1,0,0,1,1,1,1,1
6681,26,African-American,1,0,3,0,3,0,1,1
6683,24,African-American,0,0,0,0,3,0,1,1
6685,44,African-American,1,0,0,0,0,0,0,1
6686,36,Caucasian,1,0,0,0,1,1,1,0
6687,39,Caucasian,1,0,0,0,10,1,1,0
6688,42,Caucasian,1,0,0,0,0,1,0,0
6689,45,Caucasian,1,0,0,0,1,0,0,0
6690,25,African-American,1,0,1,0,7,1,1,1
6692,33,Caucasian,1,0,0,0,0,1,0,0
6693,25,Caucasian,1,0,0,0,0,0,0,0
6695,32,African-American,1,0,1,0,5,1,0,1
6696,23,African-American,1,0,0,0,0,1,0,1
6697,39,Caucasian,1,0,0,0,0,0,0,0
6698,27,African-American,1,0,0,0,12,1,1,1
6699,35,Caucasian,0,0,0,0,4,0,0,0
6702,38,African-American,0,0,0,0,0,0,0,1
6703,30,African-American,1,0,0,0,4,1,0,1
6704,30,Caucasian,1,0,0,0,1,1,0,0
6705,30,Caucasian,0,0,0,0,0,0,0,0
6706,26,African-American,1,1,1,0,18,1,1,1
6708,31,African-American,1,0,0,0,2,1,0,1
6715,25,African-American,0,0,0,0,0,0,0,1
6717,26,Caucasian,0,0,0,0,1,1,0,0
6719,38,African-American,1,0,0,0,2,1,1,1
6721,37,African-American,0,0,0,0,0,0,0,1
6722,34,Caucasian,1,0,0,1,3,0,0,0
6730,31,African-American,0,0,0,0,0,0,0,1
6731,29,Caucasian,0,0,0,0,0,0,0,0
6732,20,Caucasian,1,1,0,0,1,1,1,0
6733,22,African-American,1,0,0,0,0,1,0,1
6737,24,African-American,1,0,0,0,2,0,1,1
6739,47,African-American,1,0,0,0,0,1,1,1
6740,36,African-American,0,0,0,0,1,1,1,1
6741,21,African-American,1,0,0,0,1,0,0,1
6744,25,African-American,1,0,1,0,3,0,1,1
6747,23,African-American,1,0,0,1,5,1,1,1
6749,24,Caucasian,0,0,0,0,0,0,0,0
6751,35,Caucasian,1,0,0,0,2,1,1,0
6755,19,African-American,0,0,0,0,0,0,1,1
6756,32,Caucasian,1,0,0,0,0,1,1,0
6758,39,Caucasian,0,0,0,0,0,0,1,0
6759,30,African-American,1,4,0,0,12,1,1,1
6760,33,African-American,1,0,0,0,2,1,0,1
6763,36,Caucasian,0,0,0,0,0,0,0,0
6766,29,African-American,1,0,1,1,8,1,1,1
6769,40,Caucasian,0,0,0,0,0,1,0,0
6771,53,African-American,1,0,0,0,4,1,0,1
6773,28,Caucasian,0,0,0,0,0,0,0,0
6775,27,African-American,1,0,1,0,9,1,1,1
6776,55,Caucasian,1,0,0,0,0,1,0,0
6778,22,African-American,1,1,0,0,1,0,0,1
6780,34,African-American,0,0,0,0,1,1,0,1
6781,55,Caucasian,1,0,0,0,1,0,0,0
6783,47,African-American,0,0,1,1,21,0,1,1
6788,61,African-American,1,0,0,0,12,1,0,1
6791,57,African-American,1,0,0,0,3,1,0,1
6793,38,Caucasian,0,0,0,0,2,0,0,0
6794,25,Caucasian,1,4,0,1,13,1,1,0
6796,23,African-American,1,0,0,0,0,1,1,1
6798,23,Caucasian,1,0,0,0,3,1,0,0
6800,20,African-American,1,0,0,0,0,1,0,1
6801,44,Caucasian,1,0,0,0,1,1,0,0
6802,38,Caucasian,0,0,0,0,1,0,0,0
6803,56,African-American,1,0,0,0,5,1,1,1
6804,43,Caucasian,1,0,0,0,2,1,1,0
6805,22,African-American,1,0,0,0,0,1,1,1
6809,29,African-American,1,0,0,0,0,1,0,1
6810,22,African-American,1,0,0,0,1,1,1,1
6811,23,African-American,1,0,0,0,3,1,1,1
6812,24,Caucasian,1,0,0,1,1,1,0,0
6815,21,African-American,1,0,1,0,2,1,0,1
6816,29,African-American,0,0,0,0,0,0,0,1
6818,51,Caucasian,0,0,0,0,0,0,1,0
6820,25,African-American,1,0,0,0,1,1,0,1
6825,62,African-American,1,0,0,0,22,1,1,1
6827,25,African-American,1,0,0,0,0,1,1,1
6828,27,Caucasian,1,0,0,0,2,1,0,0
6830,22,Caucasian,0,0,0,0,3,1,1,0
6836,21,Caucasian,1,0,0,0,0,1,1,0
6838,39,Caucasian,0,0,0,0,2,1,1,0
6840,43,African-American,1,0,0,0,8,1,1,1
6846,22,African-American,1,0,0,0,0,0,1,1
6847,28,African-American,0,0,0,0,4,1,0,1
6850,43,Caucasian,1,0,0,0,0,1,1,0
6851,27,Caucasian,1,0,0,0,7,1,1,0
6855,31,Caucasian,1,0,0,0,1,1,1,0
6857,28,African-American,0,0,0,0,0,0,0,1
6858,58,Caucasian,1,0,0,0,3,0,0,0
6859,22,Caucasian,1,0,0,0,0,1,1,0
6862,31,African-American,1,0,0,0,5,1,0,1
6863,33,African-American,1,0,0,0,0,1,0,1
6864,26,African-American,1,0,0,0,6,0,1,1
6866,23,African-American,0,0,1,0,1,0,0,1
6870,32,Caucasian,1,0,0,0,11,1,0,0
6875,22,Caucasian,1,0,0,0,0,1,0,0
6877,35,African-American,0,0,0,0,2,1,0,1
6878,47,Caucasian,1,0,0,0,1,1,1,0
6882,29,African-American,1,0,0,1,17,1,1,1
6883,54,Caucasian,0,0,0,0,1,0,0,0
6884,29,Caucasian,1,0,0,0,0,1,0,0
6886,51,African-American,1,0,0,0,17,1,1,1
6888,36,African-American,0,0,0,0,0,0,0,1
6889,35,Caucasian,1,0,0,0,3,0,1,0
6892,20,African-American,1,0,0,1,1,1,1,1
6893,25,African-American,1,0,0,0,0,1,0,1
6894,29,African-American,1,0,0,0,2,0,0,1
6899,39,Caucasian,1,0,0,0,0,0,0,0
6900,30,African-American,1,0,0,0,1,1,1,1
6901,23,African-American,0,0,0,0,0,1,0,1
6904,23,African-American,0,0,0,0,1,1,0,1
6908,30,African-American,1,0,0,0,21,1,1,1
6910,33,African-American,1,0,0,3,18,1,1,1
6915,30,African-American,1,0,1,0,9,1,1,1
6916,23,African-American,1,0,0,0,1,1,0,1
6919,27,African-American,0,0,0,0,0,1,1,1
6920,38,African-American,1,0,1,0,10,0,0,1
6921,42,African-American,1,0,0,0,1,1,0,1
6923,31,African-American,1,0,0,0,0,1,0,1
6924,23,African-American,1,0,0,0,2,1,1,1
6926,31,Caucasian,1,0,0,0,1,1,1,0
6927,43,African-American,1,0,0,0,1,0,1,1
6929,39,Caucasian,1,0,0,0,0,1,0,0
6931,31,African-American,1,0,0,0,0,0,0,1
6932,22,Caucasian,1,0,0,0,3,1,1,0
6934,33,African-American,0,0,0,0,0,1,0,1
6936,23,African-American,1,0,0,0,1,1,1,1
6937,29,Caucasian,0,0,0,0,0,1,0,0
6939,62,Caucasian,1,0,0,0,2,1,0,0
6941,56,African-American,0,0,0,0,1,1,1,1
6943,24,African-American,0,0,0,0,4,1,1,1
6944,44,Caucasian,0,0,0,0,0,0,0,0
6946,22,African-American,1,0,1,0,2,1,1,1
6947,28,African-American,0,0,0,0,4,1,1,1
6948,30,African-American,1,0,0,0,0,1,0,1
6949,32,Caucasian,1,0,0,0,1,0,1,0
6950,51,Caucasian,1,0,0,0,3,1,0,0
6952,21,African-American,1,0,0,0,0,1,0,1
6955,21,African-American,1,0,0,0,2,1,1,1
6957,27,African-American,1,0,0,0,3,1,1,1
6960,31,African-American,0,0,0,0,0,1,0,1
6961,33,African-American,1,0,0,0,0,0,1,1
6963,49,Caucasian,0,0,0,0,2,1,0,0
6967,20,Caucasian,1,0,0,5,0,0,0,0
6968,31,African-American,1,0,0,1,10,1,1,1
6971,25,African-American,1,0,0,0,5,1,1,1
6975,23,African-American,1,0,1,0,4,1,1,1
6976,26,Caucasian,1,0,0,0,0,0,0,0
6979,28,Caucasian,1,0,0,0,1,0,0,0
6980,28,African-American,0,0,0,0,13,1,1,1
6981,39,Caucasian,1,0,0,0,0,1,1,0
6983,52,African-American,1,0,0,0,4,0,0,1
6991,30,African-American,1,0,0,0,2,1,1,1
6996,21,African-American,0,0,0,0,0,0,1,1
6997,25,African-American,1,0,0,0,2,0,1,1
6999,22,African-American,1,0,0,0,0,1,0,1
7003,61,African-American,1,0,0,0,20,0,1,1
7004,24,Caucasian,1,0,0,2,2,1,0,0
7006,26,Caucasian,0,0,0,0,2,1,1,0
7007,34,African-American,0,0,0,0,6,1,0,1
7008,45,African-American,1,1,0,0,12,0,1,1
7010,54,African-American,1,0,0,0,4,1,1,1
7011,51,African-American,1,0,0,0,8,0,0,1
7012,28,African-American,1,0,0,0,0,1,0,1
7015,23,Caucasian,1,0,0,0,0,1,0,0
7020,30,Caucasian,1,0,0,0,0,1,1,0
7022,25,African-American,1,0,0,0,0,0,1,1
7023,25,Caucasian,1,0,0,0,2,1,0,0
7024,28,Caucasian,1,0,0,0,2,1,0,0
7025,32,African-American,0,0,0,0,0,0,1,1
7026,35,African-American,1,0,0,0,7,1,0,1
7027,49,African-American,1,0,0,0,0,0,1,1
7028,36,Caucasian,1,0,0,0,5,1,1,0
7029,33,African-American,1,0,0,0,16,0,1,1
7032,58,Caucasian,0,0,0,0,1,0,0,0
7033,22,African-American,1,0,0,0,2,1,0,1
7034,28,Caucasian,1,0,0,0,2,1,1,0
7037,26,African-American,1,0,1,0,6,1,1,1
7039,36,Caucasian,0,0,0,0,3,1,1,0
7040,23,Caucasian,1,0,0,0,0,1,0,0
7041,22,African-American,1,0,0,0,0,1,1,1
7043,26,African-American,1,0,0,0,0,1,0,1
7044,25,African-American,1,0,0,0,1,1,0,1
7048,28,African-American,1,0,0,0,0,0,1,1
7051,56,African-American,1,0,0,0,1,1,0,1
7053,36,African-American,1,0,0,0,0,1,0,1
7054,51,Caucasian,1,0,0,0,0,0,0,0
7060,35,African-American,0,2,0,0,9,1,0,1
7061,24,Caucasian,1,0,0,0,0,0,1,0
7064,27,African-American,1,0,0,0,6,0,1,1
7067,22,Caucasian,1,0,1,0,2,1,1,0
7074,23,Caucasian,0,0,0,0,4,0,1,0
7076,27,Caucasian,0,0,0,0,0,0,1,0
7077,31,African-American,1,0,0,0,8,1,1,1
7079,25,Caucasian,1,0,0,1,3,1,0,0
7080,52,Caucasian,0,0,0,0,0,0,0,0
7084,24,Caucasian,0,0,0,0,0,1,0,0
7092,38,Caucasian,1,0,0,0,2,1,0,0
7098,20,African-American,1,0,0,0,3,1,1,1
7099,34,African-American,1,0,0,0,2,1,0,1
7100,25,African-American,1,0,0,0,11,0,1,1
7101,24,Caucasian,0,0,0,0,0,1,0,0
7104,49,Caucasian,1,0,0,0,4,0,1,0
7105,27,African-American,1,0,0,0,15,1,1,1
7107,28,African-American,1,0,0,0,10,1,1,1
7109,55,Caucasian,1,0,0,0,0,1,0,0
7111,47,Caucasian,1,0,0,0,3,0,1,0
7112,55,African-American,1,0,0,0,10,0,1,1
7114,22,African-American,1,0,0,0,0,1,1,1
7116,32,African-American,1,0,0,0,9,1,0,1
7117,55,Caucasian,1,0,0,0,0,1,0,0
7119,23,African-American,1,0,0,0,3,0,0,1
7120,54,Caucasian,1,0,0,0,2,1,1,0
7123,27,African-American,1,0,0,0,0,0,1,1
7125,29,African-American,0,0,0,0,5,1,0,1
7126,45,Caucasian,0,0,0,0,0,0,0,0
7130,40,Caucasian,1,0,0,0,4,1,1,0
7131,38,African-American,1,0,0,0,7,1,1,1
7136,26,African-American,1,0,0,0,3,1,1,1
7139,37,African-American,0,0,0,0,0,1,0,1
7141,41,Caucasian,1,0,0,0,1,1,0,0
7143,57,African-American,1,0,0,0,1,1,0,1
7144,34,African-American,1,0,0,0,3,0,0,1
7145,29,African-American,1,0,0,0,1,1,1,1
7149,22,Caucasian,1,0,0,0,1,1,0,0
7150,22,African-American,0,0,0,0,0,0,1,1
7153,21,African-American,1,0,0,0,0,0,0,1
7154,56,Caucasian,1,0,0,0,1,0,0,0
7156,48,African-American,1,0,0,0,4,1,0,1
7158,27,Caucasian,1,0,0,0,2,1,1,0
7160,23,African-American,1,0,0,1,5,1,1,1
7162,47,African-American,1,0,0,0,3,1,1,1
7163,33,African-American,1,0,1,0,6,0,1,1
7164,58,Caucasian,1,0,0,0,1,1,0,0
7166,33,African-American,0,0,0,0,1,1,0,1
7167,40,African-American,0,0,0,0,2,0,0,1
7170,22,Caucasian,1,0,0,0,0,1,0,0
7171,39,Caucasian,1,0,0,0,2,1,0,0
7176,35,Caucasian,1,0,0,1,1,1,0,0
7178,43,African-American,1,0,0,0,7,1,1,1
7184,26,African-American,1,0,0,0,2,1,1,1
7186,39,Caucasian,0,0,0,0,1,1,0,0
7187,36,African-American,1,0,0,1,16,0,1,1
7189,21,Caucasian,1,0,0,0,0,0,1,0
7196,53,African-American,1,0,0,0,6,1,0,1
7197,37,Caucasian,1,0,0,0,0,1,0,0
7198,21,African-American,1,0,0,0,1,1,1,1
7199,28,African-American,1,0,0,0,1,1,0,1
7200,21,African-American,1,0,0,0,1,1,0,1
7203,56,African-American,1,0,0,0,0,1,0,1
7204,30,Caucasian,1,0,0,0,3,0,0,0
7205,27,Caucasian,1,0,0,0,0,1,1,0
7210,27,African-American,1,0,0,0,1,1,0,1
7211,41,African-American,1,0,0,1,7,0,1,1
7214,30,African-American,0,0,0,0,7,0,1,1
7216,32,African-American,1,0,1,3,7,1,1,1
7219,32,African-American,1,0,0,0,3,1,0,1
7222,34,Caucasian,0,0,0,0,5,1,1,0
7223,46,African-American,1,0,0,0,3,1,0,1
7224,24,African-American,1,0,0,0,1,1,1,1
7225,32,African-American,1,0,0,1,7,1,1,1
7226,43,Caucasian,1,0,0,0,6,1,1,0
7227,50,Caucasian,1,0,0,0,3,1,0,0
7228,30,Caucasian,1,3,0,0,4,1,1,0
7231,37,African-American,1,0,0,0,3,0,0,1
7237,40,Caucasian,1,0,0,0,3,0,0,0
7238,53,Caucasian,0,0,0,0,0,0,0,0
7240,33,African-American,1,0,0,0,4,0,0,1
7242,22,African-American,0,0,0,0,0,0,0,1
7243,27,African-American,1,0,0,0,2,0,1,1
7245,25,African-American,1,0,0,0,5,0,1,1
7246,24,Caucasian,1,0,0,0,2,1,0,0
7247,24,African-American,0,0,0,0,2,1,1,1
7249,26,African-American,0,0,0,0,1,1,0,1
7252,26,African-American,0,0,0,0,3,1,1,1
7254,20,Caucasian,1,0,0,0,0,1,1,0
7255,27,African-American,1,0,0,0,4,0,1,1
7257,24,Caucasian,1,0,0,0,1,1,1,0
7258,26,African-American,1,0,0,0,8,1,1,1
7259,26,Caucasian,1,0,0,0,5,0,0,0
7265,64,African-American,1,0,0,0,13,0,0,1
7266,24,Caucasian,1,0,0,0,0,1,0,0
7269,57,Caucasian,0,0,0,0,0,0,0,0
7271,46,Caucasian,0,0,0,0,0,0,0,0
7272,56,African-American,1,0,0,0,16,1,0,1
7275,39,Caucasian,0,0,0,0,0,0,0,0
7276,68,Caucasian,1,0,0,0,4,0,0,0
7279,28,African-American,1,0,0,0,1,0,1,1
7280,39,African-American,1,0,0,0,19,0,1,1
7281,38,Caucasian,1,0,0,0,0,0,0,0
7283,25,African-American,0,0,0,0,3,0,0,1
7284,25,Caucasian,1,0,0,1,2,1,0,0
7285,21,African-American,1,0,0,0,3,1,1,1
7286,31,Caucasian,1,0,0,0,2,1,0,0
7288,33,African-American,1,0,0,0,3,1,1,1
7289,26,African-American,1,0,0,0,20,1,1,1
7292,35,African-American,0,0,0,0,13,1,0,1
7293,34,African-American,1,0,6,1,19,0,0,1
7298,42,African-American,0,0,0,0,1,1,0,1
7299,26,African-American,1,1,2,0,9,1,1,1
7301,36,African-American,1,0,0,0,2,1,1,1
7302,41,African-American,1,1,1,0,24,1,1,1
7304,27,Caucasian,1,0,0,0,0,1,0,0
7308,45,Caucasian,1,0,0,0,3,1,1,0
7310,34,Caucasian,1,0,0,0,5,1,0,0
7312,25,Caucasian,1,0,1,0,6,1,1,0
7315,24,African-American,1,0,0,0,2,0,1,1
7317,27,African-American,1,0,0,0,2,1,0,1
7319,30,Caucasian,1,0,0,1,2,0,1,0
7320,22,Caucasian,1,0,2,0,3,1,1,0
7321,27,African-American,1,0,0,0,0,1,0,1
7323,41,African-American,1,0,0,0,19,1,1,1
7324,30,Caucasian,1,0,0,0,0,1,0,0
7326,24,African-American,1,0,0,0,3,1,0,1
7327,39,African-American,1,0,0,0,0,0,0,1
7330,32,African-American,0,0,0,0,3,1,1,1
7331,29,Caucasian,0,0,0,0,0,1,1,0
7334,26,African-American,1,0,1,0,24,1,1,1
7335,24,African-American,1,0,0,0,2,1,1,1
7338,20,African-American,1,1,1,1,4,1,1,1
7339,25,African-American,1,0,0,1,1,0,1,1
7340,31,Caucasian,0,0,0,0,0,1,1,0
7341,25,African-American,1,0,0,0,0,0,1,1
7342,41,Caucasian,1,0,0,0,0,1,1,0
7343,25,Caucasian,1,0,0,0,0,1,0,0
7344,25,African-American,1,0,0,0,2,1,1,1
7345,22,African-American,1,0,0,0,1,1,1,1
7347,25,African-American,0,0,0,0,0,1,0,1
7348,38,African-American,1,0,0,0,0,0,0,1
7354,49,Caucasian,0,0,0,0,4,0,0,0
7355,35,Caucasian,0,0,0,0,2,0,0,0
7359,21,Caucasian,1,0,0,0,1,1,0,0
7362,24,African-American,0,0,0,1,11,0,1,1
7365,28,Caucasian,1,0,0,0,3,1,0,0
7369,34,African-American,1,0,0,0,4,1,1,1
7370,57,African-American,1,0,0,0,8,0,0,1
7373,40,African-American,1,0,0,0,15,1,1,1
7375,22,African-American,1,0,0,0,2,0,1,1
7380,37,African-American,1,0,0,0,3,0,1,1
7381,43,African-American,0,0,0,0,0,1,0,1
7382,26,African-American,1,0,0,0,5,1,1,1
7383,24,Caucasian,1,0,0,0,2,1,1,0
7385,56,Caucasian,1,0,0,0,1,1,1,0
7386,23,African-American,1,0,0,1,2,1,1,1
7387,43,Caucasian,1,0,0,0,12,1,0,0
7391,21,African-American,1,0,0,0,0,1,1,1
7392,51,African-American,1,0,0,0,2,1,0,1
7393,20,African-American,1,0,0,0,0,0,1,1
7395,42,African-American,1,0,0,0,17,1,1,1
7400,30,African-American,0,0,0,0,2,0,0,1
7402,28,Caucasian,1,1,1,1,4,0,1,0
7405,24,Caucasian,0,0,0,0,9,0,1,0
7406,22,African-American,1,0,0,0,1,1,1,1
7410,50,Caucasian,1,0,0,0,1,1,0,0
7411,30,African-American,1,0,0,0,5,0,0,1
7412,28,Caucasian,1,0,0,0,0,1,1,0
7413,21,African-American,1,0,0,0,3,1,1,1
7417,51,Caucasian,0,0,0,0,0,1,0,0
7419,21,African-American,1,0,0,0,1,1,0,1
7420,29,Caucasian,1,0,0,0,0,1,1,0
7421,43,Caucasian,1,0,0,0,0,0,0,0
7422,22,African-American,1,0,0,0,1,1,0,1
7423,52,African-American,1,0,0,0,0,1,1,1
7424,36,African-American,1,0,0,0,0,1,0,1
7425,24,African-American,1,0,0,0,0,1,0,1
7426,26,African-American,1,0,1,0,5,1,0,1
7427,27,African-American,1,0,0,0,8,0,0,1
7429,19,Caucasian,1,0,0,0,0,0,1,0
7432,26,Caucasian,1,0,0,0,2,1,0,0
7435,29,African-American,0,0,0,0,0,1,0,1
7437,29,Caucasian,0,0,0,0,20,1,1,0
7439,38,African-American,1,0,0,0,1,1,1,1
7440,34,African-American,1,1,0,0,5,1,0,1
7443,29,African-American,0,0,0,0,1,0,0,1
7444,24,African-American,1,0,0,0,1,1,0,1
7446,50,Caucasian,1,0,0,0,0,1,0,0
7447,24,African-American,0,0,0,0,0,0,0,1
7448,31,African-American,0,0,0,0,0,1,0,1
7449,36,African-American,1,0,0,0,13,1,1,1
7450,32,African-American,1,0,0,0,13,0,1,1
7454,42,African-American,1,0,0,0,1,0,1,1
7455,22,African-American,1,0,0,0,0,1,0,1
7457,26,African-American,1,0,0,0,5,1,1,1
7459,26,African-American,1,0,0,0,10,1,1,1
7462,53,Caucasian,1,0,0,0,3,0,1,0
7464,23,African-American,1,0,1,2,2,1,1,1
7465,22,Caucasian,1,0,0,0,0,1,0,0
7466,27,Caucasian,1,0,0,0,0,0,0,0
7468,42,Caucasian,1,0,0,0,2,1,1,0
7469,31,African-American,1,0,0,0,4,1,1,1
7472,80,Caucasian,1,0,0,0,0,0,0,0
7476,68,African-American,1,0,0,0,6,0,0,1
7477,23,African-American,1,0,0,0,1,1,0,1
7478,36,African-American,1,0,0,0,4,1,1,1
7479,24,Caucasian,1,0,0,0,0,1,0,0
7481,21,Caucasian,1,0,0,1,0,1,1,0
7482,26,African-American,1,0,0,0,3,0,1,1
7484,30,African-American,0,0,0,0,8,1,1,1
7487,36,Caucasian,1,0,0,0,1,1,0,0
7488,21,African-American,1,0,0,0,0,1,1,1
7490,31,African-American,0,0,0,0,1,0,0,1
7493,20,African-American,0,0,0,0,0,1,1,1
7495,49,Caucasian,1,0,0,0,4,0,0,0
7496,24,Caucasian,1,0,0,0,0,1,0,0
7497,20,African-American,1,0,0,0,0,1,1,1
7499,44,Caucasian,1,0,0,0,1,0,0,0
7500,25,African-American,0,0,0,0,1,1,0,1
7502,41,Caucasian,1,0,0,0,11,1,1,0
7503,25,African-American,1,0,0,0,1,1,0,1
7510,33,African-American,1,0,0,0,0,1,0,1
7511,20,African-American,1,0,0,0,0,1,1,1
7513,21,African-American,1,0,0,0,1,1,1,1
7514,44,Caucasian,1,0,0,0,3,1,0,0
7515,23,African-American,1,0,0,1,1,1,1,1
7516,35,African-American,1,0,0,0,0,0,1,1
7517,41,African-American,0,0,0,0,0,0,0,1
7519,30,African-American,1,0,0,0,1,1,0,1
7522,36,African-American,1,0,0,0,7,1,1,1
7523,26,African-American,1,0,0,0,1,1,1,1
7526,23,Caucasian,1,0,0,0,0,0,1,0
7530,43,African-American,0,0,0,1,9,0,0,1
7531,30,African-American,1,0,0,0,3,1,1,1
7534,44,Caucasian,1,0,0,0,1,1,1,0
7536,39,Caucasian,1,0,0,0,1,1,0,0
7540,31,African-American,1,0,0,0,6,1,1,1
7541,63,Caucasian,1,0,0,0,5,0,0,0
7542,66,African-American,0,0,0,0,11,1,1,1
7545,24,Caucasian,1,0,0,2,3,1,0,0
7546,21,Caucasian,1,1,0,3,2,0,0,0
7547,48,Caucasian,0,0,0,0,0,1,0,0
7548,37,African-American,1,0,0,0,0,1,0,1
7551,21,African-American,1,0,0,0,0,0,1,1
7555,64,Caucasian,0,0,0,0,0,0,0,0
7556,22,Caucasian,1,0,0,0,0,0,0,0
7559,43,Caucasian,1,0,0,0,8,1,0,0
7560,25,Caucasian,1,0,0,0,3,1,1,0
7561,33,Caucasian,1,0,0,0,10,1,0,0
7562,26,African-American,1,0,0,0,1,1,0,1
7563,33,Caucasian,0,0,0,0,1,0,0,0
7570,44,African-American,1,0,0,0,0,1,0,1
7571,31,African-American,1,0,0,0,0,1,0,1
7572,50,Caucasian,1,0,0,0,9,0,1,0
7573,33,African-American,1,0,2,2,16,1,1,1
7576,31,African-American,1,0,0,0,1,1,1,1
7578,43,African-American,0,0,0,0,2,0,0,1
7581,27,African-American,1,0,0,0,0,0,1,1
7587,31,African-American,1,0,0,0,6,0,1,1
7589,26,African-American,1,0,0,0,2,1,1,1
7591,20,African-American,1,2,2,0,4,1,1,1
7596,29,African-American,1,3,0,0,6,1,0,1
7602,31,African-American,1,0,0,1,11,1,1,1
7604,59,Caucasian,1,0,0,0,0,0,0,0
7605,49,African-American,1,0,0,0,1,0,1,1
7606,36,Caucasian,1,0,0,0,11,0,1,0
7607,23,African-American,0,0,0,0,1,1,0,1
7611,46,Caucasian,1,0,0,0,26,1,1,0
7612,59,Caucasian,1,0,0,0,2,0,1,0
7615,34,African-American,1,0,0,0,0,1,0,1
7620,54,African-American,1,0,0,0,1,1,0,1
7622,24,African-American,1,0,1,0,3,1,1,1
7631,22,Caucasian,1,0,0,0,0,1,1,0
7634,36,African-American,1,0,0,0,0,1,0,1
7635,61,Caucasian,1,0,0,0,0,0,0,0
7636,38,African-American,0,0,0,0,0,0,0,1
7639,32,African-American,1,0,0,0,0,1,0,1
7640,37,Caucasian,1,0,0,0,1,1,1,0
7644,21,African-American,1,0,0,0,4,1,0,1
7645,57,African-American,1,0,0,0,0,1,1,1
7647,68,African-American,1,0,0,0,2,1,0,1
7648,24,African-American,1,0,0,0,0,0,0,1
7649,46,African-American,1,0,0,0,3,1,1,1
7650,41,Caucasian,1,0,0,0,1,1,1,0
7652,25,African-American,1,0,0,2,8,1,1,1
7653,24,African-American,1,0,0,0,7,1,1,1
7654,41,African-American,1,0,0,0,1,1,0,1
7659,33,Caucasian,1,0,0,0,1,1,0,0
7660,23,African-American,1,0,0,0,0,1,0,1
7661,47,Caucasian,0,0,0,0,28,1,1,0
7663,51,Caucasian,0,0,0,0,0,1,0,0
7667,36,Caucasian,1,0,0,0,1,0,0,0
7669,43,African-American,1,0,0,0,0,0,0,1
7670,26,African-American,1,0,0,0,4,1,1,1
7673,60,African-American,1,0,0,0,1,1,0,1
7674,24,African-American,1,0,0,0,0,0,1,1
7675,20,Caucasian,1,0,0,0,0,1,1,0
7677,28,Caucasian,0,0,0,0,0,0,0,0
7678,28,African-American,1,0,2,0,7,1,1,1
7679,58,Caucasian,1,0,0,0,2,0,1,0
7683,24,African-American,0,0,0,0,2,1,1,1
7688,37,African-American,1,0,0,0,0,1,0,1
7689,28,African-American,1,0,0,0,8,1,1,1
7690,46,Caucasian,1,0,0,0,14,1,1,0
7692,45,Caucasian,1,0,0,0,2,0,0,0
7693,20,African-American,1,0,0,1,2,1,1,1
7694,52,African-American,1,0,0,0,0,0,0,1
7697,29,African-American,1,0,0,0,0,0,0,1
7698,34,African-American,1,0,0,4,11,1,1,1
7699,24,African-American,1,0,0,0,0,1,1,1
7700,28,African-American,1,0,0,0,6,1,1,1
7703,28,African-American,1,0,0,0,2,1,1,1
7704,29,African-American,1,0,0,0,0,1,0,1
7705,55,Caucasian,0,0,0,0,2,1,0,0
7710,24,Caucasian,1,0,0,0,3,1,1,0
7711,20,African-American,1,0,0,0,0,1,0,1
7712,23,African-American,1,0,0,0,0,0,0,1
7714,44,African-American,1,0,0,0,6,1,1,1
7717,34,African-American,1,2,0,1,8,1,1,1
7720,55,African-American,1,0,0,0,0,0,1,1
7721,23,African-American,0,0,0,0,0,1,1,1
7722,23,African-American,0,0,0,0,3,1,1,1
7725,77,African-American,1,0,0,0,0,0,0,1
7726,52,Caucasian,1,0,0,0,3,0,0,0
7728,34,African-American,1,2,0,0,8,1,1,1
7730,30,Caucasian,1,0,0,0,2,0,1,0
7733,30,African-American,1,0,0,0,3,0,1,1
7734,26,African-American,1,0,0,0,0,1,1,1
7735,51,Caucasian,0,0,0,0,1,0,0,0
7736,34,African-American,1,0,0,0,2,1,0,1
7737,23,Caucasian,1,0,0,0,0,1,0,0
7738,32,Caucasian,1,0,0,0,2,1,0,0
7740,38,African-American,1,1,5,0,8,0,0,1
7741,21,African-American,1,0,0,0,0,1,1,1
7744,53,Caucasian,1,0,0,0,8,0,1,0
7745,34,Caucasian,1,0,0,0,1,1,0,0
7752,25,Caucasian,1,0,0,0,5,1,1,0
7753,54,African-American,1,0,0,0,1,0,0,1
7754,25,Caucasian,1,0,0,0,2,0,1,0
7759,22,African-American,1,0,0,1,0,1,1,1
7760,23,African-American,0,0,0,0,2,1,1,1
7762,27,Caucasian,1,0,0,0,1,0,1,0
7763,45,African-American,1,0,0,0,7,1,0,1
7766,31,Caucasian,0,0,0,0,9,1,1,0
7768,45,Caucasian,1,0,0,0,1,0,0,0
7770,28,African-American,1,1,0,0,12,1,0,1
7772,24,African-American,1,0,0,1,1,1,1,1
7774,28,Caucasian,0,0,0,0,6,0,1,0
7775,41,African-American,1,0,0,0,2,1,0,1
7780,35,African-American,1,0,0,2,3,0,1,1
7781,20,African-American,1,1,0,0,1,1,1,1
7785,32,African-American,1,0,3,0,19,1,1,1
7786,28,African-American,1,0,0,0,2,1,0,1
7788,33,African-American,1,0,0,0,7,1,1,1
7790,26,African-American,1,0,1,1,8,1,1,1
7791,22,African-American,1,0,0,0,1,0,1,1
7792,25,African-American,0,0,0,0,4,1,0,1
7794,23,Caucasian,0,0,0,2,1,0,0,0
7796,30,African-American,1,0,0,0,2,1,1,1
7799,25,African-American,1,0,0,0,11,0,1,1
7804,33,African-American,1,0,0,0,3,1,1,1
7806,35,Caucasian,1,0,0,0,3,0,0,0
7807,34,Caucasian,1,0,0,0,13,1,1,0
7808,37,African-American,1,0,0,0,2,1,1,1
7809,55,Caucasian,0,0,0,0,0,1,1,0
7811,43,Caucasian,1,0,0,0,1,0,0,0
7812,27,African-American,1,0,5,1,27,0,1,1
7813,26,African-American,1,0,0,0,7,1,0,1
7815,42,Caucasian,0,0,0,0,4,0,1,0
7818,41,Caucasian,1,0,0,0,1,1,0,0
7819,21,African-American,1,0,1,0,2,0,1,1
7820,30,African-American,1,0,0,0,4,0,1,1
7821,30,Caucasian,1,0,0,0,1,1,0,0
7823,45,Caucasian,0,0,0,0,0,1,1,0
7825,23,African-American,1,0,0,0,2,1,1,1
7830,31,African-American,0,0,0,0,2,1,1,1
7832,40,African-American,1,0,0,0,8,0,1,1
7834,33,African-American,1,0,0,0,1,1,0,1
7835,40,African-American,1,0,0,0,11,0,1,1
7837,56,Caucasian,1,0,0,0,1,1,0,0
7838,21,African-American,1,0,0,0,0,0,1,1
7842,51,African-American,1,0,0,0,4,1,0,1
7843,36,Caucasian,1,0,0,0,0,0,0,0
7847,30,Caucasian,1,0,0,0,0,0,0,0
7848,21,Caucasian,0,0,0,0,0,1,0,0
7853,41,African-American,1,0,0,0,3,0,1,1
7856,22,Caucasian,0,0,0,0,0,1,1,0
7864,40,African-American,0,0,0,0,2,1,0,1
7867,37,African-American,1,0,0,0,2,1,0,1
7868,37,African-American,0,0,0,0,0,1,0,1
7869,23,African-American,0,0,0,0,2,1,1,1
7871,19,African-American,1,0,0,0,1,1,1,1
7874,26,Caucasian,1,0,0,0,1,1,1,0
7881,25,African-American,1,0,0,0,0,0,0,1
7884,39,Caucasian,1,0,0,0,17,1,1,0
7889,36,Caucasian,1,0,0,0,0,1,1,0
7890,26,African-American,1,0,0,0,6,0,0,1
7891,51,African-American,1,0,0,0,8,0,1,1
7894,20,African-American,1,0,0,0,0,1,0,1
7895,43,Caucasian,0,0,0,0,0,0,0,0
7896,22,African-American,1,0,0,0,0,1,1,1
7897,24,Caucasian,0,0,0,0,0,0,1,0
7898,35,African-American,1,0,0,0,2,1,0,1
7902,55,Caucasian,1,0,0,0,0,0,0,0
7903,52,African-American,0,0,0,0,0,0,0,1
7904,33,African-American,0,0,0,0,0,0,0,1
7906,32,African-American,1,0,0,0,3,1,1,1
7908,20,African-American,1,1,2,0,5,1,1,1
7909,67,African-American,1,0,0,0,8,1,0,1
7910,31,African-American,1,0,0,0,7,0,0,1
7912,21,Caucasian,1,0,0,0,0,1,1,0
7913,30,African-American,1,0,0,0,4,0,0,1
7914,55,Caucasian,1,0,0,0,0,0,0,0
7915,25,African-American,1,0,0,0,0,1,0,1
7916,25,African-American,1,0,0,0,0,1,0,1
7919,27,African-American,1,0,0,0,10,1,1,1
7920,22,African-American,1,0,0,0,0,1,0,1
7922,37,African-American,1,0,0,0,8,1,0,1
7923,68,Caucasian,1,0,0,0,7,1,1,0
7928,37,Caucasian,1,0,0,0,0,1,0,0
7930,22,Caucasian,1,0,0,0,5,0,1,0
7931,30,African-American,1,0,0,0,4,0,0,1
7932,34,African-American,1,0,0,0,1,0,0,1
7936,37,Caucasian,1,0,0,0,4,0,1,0
7942,41,African-American,0,0,0,0,8,1,1,1
7944,36,Caucasian,1,0,0,0,2,0,0,0
7945,26,Caucasian,1,0,0,0,2,1,0,0
7946,24,Caucasian,1,0,0,0,0,1,0,0
7948,27,African-American,1,0,0,0,0,1,0,1
7949,37,Caucasian,0,0,0,0,0,0,0,0
7955,23,African-American,1,0,0,0,3,1,1,1
7958,58,Caucasian,1,0,0,0,5,0,0,0
7960,62,Caucasian,0,0,0,0,1,0,1,0
7962,41,African-American,0,0,0,0,0,1,0,1
7964,33,African-American,1,0,0,0,0,0,0,1
7966,33,African-American,1,4,0,0,12,1,1,1
7968,41,African-American,1,0,0,0,14,1,1,1
7971,26,Caucasian,1,0,0,0,3,1,1,0
7972,33,Caucasian,0,0,0,0,0,1,0,0
7973,25,African-American,1,0,0,0,0,0,0,1
7974,37,African-American,1,0,0,0,0,0,1,1
7975,23,Caucasian,1,8,2,0,11,1,1,0
7977,21,African-American,1,0,0,0,0,0,0,1
7979,45,Caucasian,1,0,0,0,21,1,1,0
7981,37,Caucasian,1,1,6,0,13,1,0,0
7983,24,African-American,1,0,0,0,2,0,0,1
7985,35,African-American,1,0,0,0,0,1,0,1
7986,22,African-American,0,0,0,0,0,1,1,1
7987,29,Caucasian,1,4,1,0,10,1,1,0
7988,41,African-American,1,2,0,0,6,1,1,1
7997,51,African-American,1,1,0,0,19,1,1,1
8000,26,African-American,0,0,0,0,1,1,1,1
8002,46,African-American,1,0,0,0,2,0,0,1
8003,41,Caucasian,1,0,0,0,0,1,0,0
8004,31,Caucasian,1,0,0,3,9,1,1,0
8007,25,African-American,1,0,0,0,2,1,0,1
8008,27,African-American,1,0,0,0,1,0,0,1
8009,31,African-American,1,1,1,1,13,1,1,1
8010,23,Caucasian,1,0,0,0,0,0,0,0
8014,52,African-American,1,0,0,0,7,0,1,1
8016,29,African-American,1,0,0,0,6,1,1,1
8018,40,Caucasian,1,0,0,0,10,1,1,0
8019,49,Caucasian,0,0,0,0,0,1,0,0
8021,49,Caucasian,1,0,0,0,8,1,0,0
8022,24,African-American,1,0,0,0,3,1,1,1
8023,41,African-American,1,0,0,0,7,0,0,1
8024,27,African-American,0,0,0,0,3,0,1,1
8026,40,African-American,1,0,0,0,1,1,1,1
8027,47,Caucasian,1,0,0,0,0,0,1,0
8028,20,Caucasian,0,0,0,0,0,1,1,0
8030,21,African-American,1,0,0,0,2,0,1,1
8031,44,African-American,1,0,0,0,8,0,1,1
8032,41,Caucasian,1,0,0,0,0,0,0,0
8035,31,African-American,1,0,1,0,5,0,1,1
8038,67,African-American,0,0,0,0,0,1,0,1
8039,42,Caucasian,1,0,0,0,1,0,0,0
8040,25,African-American,1,0,0,0,0,1,0,1
8045,23,Caucasian,1,0,0,0,6,1,1,0
8046,27,African-American,1,0,0,1,13,1,1,1
8047,23,African-American,1,0,1,0,2,1,0,1
8048,33,Caucasian,1,0,0,0,2,1,0,0
8049,41,Caucasian,1,0,0,0,0,0,0,0
8050,31,Caucasian,0,0,0,0,1,1,0,0
8053,21,African-American,1,0,0,0,2,1,1,1
8054,53,African-American,1,0,0,0,5,1,0,1
8056,36,African-American,1,0,0,0,1,0,0,1
8059,58,Caucasian,1,0,0,0,10,0,0,0
8060,62,Caucasian,1,0,0,0,0,1,0,0
8061,25,Caucasian,1,0,0,0,4,1,0,0
8062,51,African-American,1,0,0,0,15,1,1,1
8063,46,Caucasian,1,0,0,0,2,1,0,0
8065,28,African-American,1,0,0,0,4,0,1,1
8066,24,Caucasian,1,0,0,0,2,1,1,0
8068,32,Caucasian,1,0,0,0,6,1,0,0
8072,23,African-American,1,1,0,0,2,1,1,1
8078,58,Caucasian,0,0,0,0,0,0,0,0
8082,59,African-American,1,0,0,0,8,1,1,1
8085,20,African-American,1,0,0,0,0,1,1,1
8087,57,Caucasian,1,0,0,0,0,0,1,0
8090,37,Caucasian,1,0,0,0,1,1,1,0
8091,43,African-American,1,0,0,0,0,1,1,1
8093,36,African-American,0,0,0,0,1,0,0,1
8094,59,Caucasian,1,0,0,0,0,0,0,0
8095,35,Caucasian,1,0,0,0,4,1,1,0
8097,29,African-American,1,0,0,0,5,1,1,1
8098,21,African-American,0,0,0,0,0,0,0,1
8099,28,Caucasian,1,0,0,0,0,0,0,0
8100,34,African-American,1,0,0,0,5,0,1,1
8104,42,African-American,0,0,0,0,16,1,0,1
8105,21,African-American,1,0,2,1,3,1,1,1
8106,69,African-American,1,0,0,0,1,1,1,1
8107,49,Caucasian,0,0,0,0,1,0,0,0
8110,24,Caucasian,0,0,0,0,0,0,0,0
8111,27,African-American,1,0,0,0,4,1,1,1
8112,55,African-American,0,0,0,0,1,0,0,1
8114,24,African-American,1,2,0,0,7,0,1,1
8116,21,Caucasian,1,0,0,0,1,1,0,0
8117,28,Caucasian,1,0,0,0,0,1,1,0
8118,34,African-American,1,0,0,0,4,0,0,1
8119,27,African-American,1,0,0,0,2,1,0,1
8120,37,African-American,1,3,0,0,12,0,0,1
8125,23,Caucasian,1,0,0,0,0,1,0,0
8129,27,African-American,1,0,0,1,5,1,1,1
8130,50,African-American,1,0,0,0,1,1,0,1
8132,22,African-American,1,0,1,2,1,1,0,1
8133,43,African-American,1,0,0,0,1,1,1,1
8134,29,Caucasian,1,0,0,0,0,0,1,0
8136,61,Caucasian,1,0,0,0,1,1,1,0
8137,34,African-American,1,0,0,0,1,1,0,1
8140,31,African-American,1,3,0,0,16,1,1,1
8141,21,Caucasian,1,0,0,0,0,1,0,0
8142,23,African-American,1,0,0,1,1,1,1,1
8145,24,African-American,1,0,0,0,1,0,1,1
8146,30,African-American,1,0,0,0,1,1,0,1
8147,32,African-American,1,0,6,5,17,1,1,1
8148,61,Caucasian,1,0,0,0,0,0,0,0
8149,27,Caucasian,1,0,0,0,3,0,0,0
8153,60,Caucasian,1,0,0,0,0,0,0,0
8154,23,African-American,1,0,0,0,1,0,0,1
8155,40,Caucasian,1,0,0,0,0,0,0,0
8157,30,Caucasian,1,0,0,0,0,1,0,0
8161,20,African-American,0,0,0,0,0,1,0,1
8163,24,African-American,1,0,0,0,0,0,1,1
8164,30,African-American,1,0,0,0,5,0,0,1
8168,20,African-American,0,0,0,0,0,0,1,1
8169,25,African-American,1,0,0,0,0,0,0,1
8171,38,Caucasian,1,0,0,0,0,0,0,0
8172,29,African-American,1,0,0,0,0,1,1,1
8173,38,Caucasian,0,0,0,0,1,0,1,0
8174,27,African-American,1,0,0,0,1,1,0,1
8179,21,Caucasian,1,0,0,0,0,0,1,0
8182,24,African-American,1,0,0,0,1,1,0,1
8183,53,Caucasian,1,0,0,0,3,1,1,0
8184,36,Caucasian,1,0,0,0,4,1,1,0
8185,64,African-American,1,0,0,0,8,0,1,1
8187,23,African-American,1,0,0,0,0,0,1,1
8188,26,Caucasian,1,0,0,0,3,0,0,0
8189,48,Caucasian,1,0,0,0,0,1,0,0
8191,21,African-American,1,0,0,0,0,1,0,1
8193,20,African-American,1,0,0,0,0,1,1,1
8195,37,African-American,1,0,0,0,17,0,0,1
8196,51,Caucasian,1,0,0,0,8,1,1,0
8197,47,Caucasian,1,0,0,0,2,1,1,0
8203,27,African-American,1,0,0,1,2,1,1,1
8204,45,African-American,1,1,0,0,16,1,0,1
8205,41,Caucasian,1,0,0,0,0,1,1,0
8207,31,Caucasian,1,0,0,0,3,0,1,0
8211,39,Caucasian,1,0,0,0,1,1,0,0
8212,33,Caucasian,1,0,0,0,0,1,0,0
8214,21,African-American,0,0,1,0,1,1,1,1
8216,27,African-American,1,0,0,0,3,0,0,1
8218,24,Caucasian,0,0,0,0,0,0,0,0
8219,29,African-American,1,0,0,0,3,0,1,1
8222,21,Caucasian,1,0,0,0,0,1,1,0
8223,31,Caucasian,0,0,0,2,14,1,0,0
8225,62,Caucasian,1,0,0,0,0,0,0,0
8226,39,Caucasian,1,0,0,0,3,1,1,0
8230,56,Caucasian,1,0,0,0,2,0,0,0
8231,28,African-American,1,0,0,0,6,1,0,1
8232,26,African-American,0,0,0,0,6,1,1,1
8235,24,African-American,1,0,0,0,5,1,1,1
8239,28,African-American,1,0,0,1,7,1,0,1
8240,36,African-American,0,0,0,0,1,0,0,1
8245,38,Caucasian,0,0,0,0,0,0,0,0
8247,23,African-American,1,0,0,0,1,1,0,1
8248,28,Caucasian,1,0,0,0,5,0,1,0
8249,29,Caucasian,0,0,0,0,7,1,1,0
8253,29,African-American,1,0,0,0,0,0,0,1
8256,29,African-American,1,0,0,0,11,1,1,1
8257,34,African-American,1,0,0,0,8,0,0,1
8258,26,African-American,1,0,0,0,6,1,1,1
8259,58,African-American,1,0,0,0,0,1,0,1
8262,48,Caucasian,1,0,0,0,0,0,1,0
8264,30,African-American,1,0,0,0,1,1,1,1
8265,44,African-American,1,0,0,0,0,1,0,1
8268,36,Caucasian,1,0,0,0,5,1,0,0
8269,29,African-American,0,0,1,0,11,1,1,1
8278,53,African-American,1,0,0,0,3,1,1,1
8280,35,African-American,1,0,0,0,8,0,0,1
8281,39,Caucasian,0,0,0,0,3,1,0,0
8283,26,Caucasian,0,0,0,0,2,1,1,0
8284,26,African-American,1,1,0,0,10,1,1,1
8285,28,African-American,1,0,0,0,8,0,1,1
8287,21,Caucasian,0,0,3,1,3,0,1,0
8288,37,African-American,1,0,0,0,8,1,0,1
8290,22,African-American,1,1,0,0,12,1,1,1
8292,28,African-American,1,0,8,2,12,1,1,1
8294,56,Caucasian,0,0,0,0,0,0,0,0
8298,30,Caucasian,1,0,0,0,0,1,0,0
8299,27,African-American,1,0,0,0,2,1,0,1
8304,27,Caucasian,0,0,0,0,6,1,0,0
8306,43,African-American,1,0,0,0,15,0,1,1
8307,53,African-American,0,0,0,0,5,1,0,1
8308,27,African-American,1,1,0,0,6,1,1,1
8309,26,African-American,1,0,1,0,6,0,0,1
8311,24,Caucasian,0,0,0,0,1,1,0,0
8312,30,African-American,1,0,0,0,0,1,0,1
8314,26,African-American,1,0,0,0,4,1,0,1
8315,24,African-American,1,2,1,0,3,0,1,1
8318,54,African-American,1,0,0,0,4,1,0,1
8322,36,African-American,0,0,0,0,13,1,1,1
8325,21,African-American,1,0,0,0,1,1,1,1
8326,26,Caucasian,1,0,0,0,10,1,1,0
8328,26,Caucasian,1,0,0,3,10,0,1,0
8340,45,Caucasian,1,0,0,0,0,1,0,0
8341,47,Caucasian,1,0,0,0,1,0,0,0
8349,31,African-American,1,0,0,0,2,1,0,1
8350,21,African-American,1,0,0,0,0,1,1,1
8353,28,African-American,0,1,0,0,1,0,1,1
8354,29,Caucasian,1,1,0,1,9,1,1,0
8355,28,African-American,1,0,0,0,2,1,0,1
8356,25,Caucasian,0,0,0,0,1,0,1,0
8357,22,African-American,1,0,0,0,0,1,1,1
8358,21,African-American,0,0,0,0,0,1,0,1
8359,48,Caucasian,1,0,0,0,0,1,1,0
8360,25,African-American,1,0,0,1,4,1,1,1
8361,37,African-American,1,0,0,0,7,1,0,1
8362,31,Caucasian,1,0,0,0,5,1,1,0
8365,24,African-American,1,0,0,0,0,0,0,1
8367,30,African-American,1,0,0,0,15,1,1,1
8369,47,Caucasian,1,0,0,0,5,0,0,0
8373,66,Caucasian,1,0,0,0,2,0,0,0
8375,51,African-American,1,0,0,0,21,1,1,1
8380,28,Caucasian,0,0,0,0,3,1,1,0
8381,35,African-American,1,0,0,0,1,0,0,1
8386,24,African-American,1,0,0,0,0,1,0,1
8390,36,Caucasian,1,0,0,0,0,1,0,0
8394,21,African-American,1,0,0,1,0,1,1,1
8396,27,African-American,1,0,0,0,7,1,1,1
8399,28,African-American,1,0,1,0,18,1,1,1
8401,39,Caucasian,1,0,0,0,16,1,1,0
8403,19,African-American,1,0,0,0,0,1,1,1
8405,40,African-American,1,0,0,0,2,1,0,1
8406,30,Caucasian,1,0,0,0,5,1,1,0
8407,28,Caucasian,1,0,0,0,0,1,1,0
8408,27,Caucasian,1,0,0,0,0,0,0,0
8411,25,African-American,1,0,0,0,7,1,0,1
8416,24,African-American,0,0,0,0,0,1,0,1
8418,44,Caucasian,1,0,0,0,0,1,0,0
8419,44,African-American,1,0,0,0,0,1,0,1
8421,23,African-American,0,0,0,0,0,0,0,1
8422,31,Caucasian,0,0,0,1,2,1,1,0
8423,27,African-American,1,0,0,1,0,1,0,1
8424,26,Caucasian,0,0,0,0,1,1,1,0
8425,57,African-American,1,0,0,0,16,0,1,1
8426,55,Caucasian,1,0,0,0,0,1,0,0
8428,36,Caucasian,0,0,0,0,7,1,1,0
8432,30,African-American,1,0,0,0,18,0,1,1
8434,34,African-American,1,0,0,0,0,1,1,1
8435,24,African-American,1,0,0,0,1,1,0,1
8437,42,African-American,1,0,0,0,7,1,0,1
8438,34,Caucasian,0,0,0,0,12,1,1,0
8440,40,Caucasian,1,0,0,0,6,1,0,0
8449,31,Caucasian,1,0,0,0,3,0,1,0
8452,27,Caucasian,1,0,0,0,1,0,0,0
8456,37,African-American,1,0,0,0,3,0,0,1
8457,25,African-American,1,0,0,0,1,1,0,1
8458,45,Caucasian,1,0,0,0,2,1,0,0
8462,31,Caucasian,1,0,0,0,1,1,0,0
8463,23,African-American,1,0,0,0,0,1,0,1
8465,21,African-American,1,0,0,0,0,1,0,1
8467,28,African-American,1,0,0,0,6,0,1,1
8468,35,African-American,1,0,0,0,0,1,0,1
8469,29,African-American,1,0,1,1,4,1,1,1
8471,23,African-American,1,0,0,0,2,1,1,1
8472,28,African-American,1,0,0,0,7,1,1,1
8473,34,Caucasian,0,0,0,0,0,0,1,0
8475,32,Caucasian,0,0,0,0,5,1,0,0
8477,25,African-American,1,0,0,0,2,1,0,1
8478,34,Caucasian,1,0,1,0,15,1,0,0
8479,47,African-American,1,0,0,0,4,1,1,1
8483,30,African-American,0,0,0,0,4,1,0,1
8484,22,Caucasian,1,0,0,0,0,0,1,0
8486,47,African-American,0,0,0,0,7,1,1,1
8487,37,Caucasian,1,0,0,0,3,1,0,0
8488,37,African-American,1,0,0,0,8,0,0,1
8492,26,African-American,1,0,0,0,7,1,1,1
8494,31,Caucasian,0,0,0,0,0,0,0,0
8496,20,Caucasian,1,0,0,3,0,1,1,0
8500,22,African-American,1,0,0,0,0,1,1,1
8501,33,African-American,1,0,0,1,14,1,1,1
8503,30,African-American,1,0,0,0,1,0,0,1
8504,27,Caucasian,1,0,0,0,5,1,1,0
8505,24,African-American,1,0,0,0,2,0,1,1
8508,29,African-American,1,0,0,0,0,0,0,1
8511,24,Caucasian,1,0,0,0,0,1,0,0
8515,36,African-American,0,0,0,0,1,1,0,1
8517,23,African-American,1,0,0,0,0,0,1,1
8518,21,African-American,1,0,0,1,1,1,1,1
8520,29,African-American,1,0,0,0,6,1,1,1
8524,29,African-American,1,0,0,0,4,0,0,1
8526,26,African-American,0,0,0,0,0,0,0,1
8527,50,Caucasian,0,0,0,0,7,0,1,0
8528,32,African-American,1,0,0,0,1,1,0,1
8532,30,African-American,1,0,0,0,1,1,0,1
8533,25,African-American,1,0,0,0,0,1,0,1
8534,44,Caucasian,0,0,0,0,10,1,1,0
8535,58,African-American,1,0,0,0,0,1,1,1
8539,24,African-American,1,0,0,0,5,1,0,1
8543,20,African-American,1,0,1,0,1,1,1,1
8544,29,Caucasian,1,0,0,0,0,0,1,0
8546,21,Caucasian,1,0,0,0,1,1,0,0
8551,46,Caucasian,0,0,0,0,1,1,0,0
8552,29,African-American,1,0,1,0,17,1,1,1
8554,30,African-American,1,0,0,0,0,1,1,1
8558,55,African-American,1,0,0,0,8,1,1,1
8560,47,Caucasian,1,0,0,0,2,0,0,0
8565,30,African-American,1,0,0,0,13,1,1,1
8568,24,African-American,1,0,0,3,4,1,1,1
8570,45,Caucasian,1,0,0,0,0,1,1,0
8572,26,African-American,1,0,0,0,2,0,0,1
8574,42,Caucasian,0,0,0,0,0,0,0,0
8575,34,African-American,1,0,0,0,1,0,0,1
8576,21,African-American,1,0,0,0,0,0,1,1
8577,69,Caucasian,0,0,0,0,2,0,0,0
8578,24,Caucasian,1,0,0,1,5,1,1,0
8579,45,African-American,1,0,0,0,1,0,0,1
8583,25,African-American,1,0,3,1,8,0,1,1
8586,52,African-American,1,0,0,0,2,0,0,1
8589,30,Caucasian,1,0,0,0,0,1,0,0
8596,38,African-American,1,0,0,0,2,0,1,1
8598,23,African-American,1,0,2,2,4,1,1,1
8604,22,African-American,0,0,0,0,0,1,0,1
8605,35,African-American,1,0,0,0,6,1,0,1
8606,24,African-American,1,0,0,0,0,1,1,1
8608,35,African-American,1,0,0,0,1,0,0,1
8609,25,African-American,1,0,0,0,2,1,0,1
8610,58,Caucasian,1,0,0,0,3,0,0,0
8611,27,African-American,1,0,0,0,7,1,1,1
8612,24,African-American,1,0,0,1,6,1,1,1
8613,33,Caucasian,1,0,0,0,2,0,0,0
8616,44,Caucasian,1,0,0,0,4,1,0,0
8617,30,African-American,1,0,0,0,3,1,0,1
8619,28,Caucasian,1,0,0,0,0,1,0,0
8621,34,African-American,1,0,0,0,1,1,0,1
8622,26,African-American,1,0,0,0,1,1,1,1
8625,23,African-American,1,0,0,0,0,1,0,1
8626,29,Caucasian,1,0,0,1,11,1,1,0
8627,31,African-American,1,0,0,0,0,0,0,1
8630,30,African-American,1,0,0,0,14,1,1,1
8633,21,Caucasian,1,0,0,0,2,1,1,0
8634,44,African-American,1,0,0,0,0,1,0,1
8635,52,African-American,1,0,0,0,0,1,0,1
8636,30,African-American,1,0,0,0,6,1,1,1
8638,31,African-American,1,0,0,0,9,1,1,1
8639,21,African-American,0,0,1,0,2,1,0,1
8641,77,Caucasian,1,0,0,0,1,0,0,0
8642,61,Caucasian,1,0,0,0,4,1,0,0
8644,41,African-American,0,0,0,0,0,0,0,1
8646,24,Caucasian,0,0,0,0,0,0,0,0
8647,34,African-American,0,0,0,0,5,1,0,1
8651,25,African-American,1,0,0,2,6,0,1,1
8652,30,African-American,1,0,0,0,1,1,0,1
8655,55,Caucasian,1,0,0,0,1,1,1,0
8657,32,Caucasian,1,0,0,0,0,1,1,0
8659,53,African-American,1,0,0,0,5,0,0,1
8661,50,Caucasian,1,0,0,0,1,0,0,0
8665,36,African-American,1,0,0,0,7,1,1,1
8667,35,African-American,1,0,0,0,16,1,1,1
8668,25,Caucasian,0,0,0,0,0,0,0,0
8670,31,Caucasian,0,0,0,0,2,0,0,0
8672,26,African-American,0,0,0,0,1,1,0,1
8673,25,Caucasian,1,0,0,0,0,0,0,0
8674,32,African-American,1,0,0,0,0,0,0,1
8675,40,Caucasian,1,0,0,0,5,1,0,0
8676,35,African-American,1,0,0,0,0,1,0,1
8679,27,African-American,1,0,0,0,2,1,0,1
8681,33,African-American,1,0,0,0,12,1,1,1
8683,30,Caucasian,1,0,0,0,2,1,0,0
8684,30,African-American,1,0,0,0,0,1,0,1
8685,41,African-American,1,0,0,0,19,1,0,1
8688,29,Caucasian,0,0,0,0,0,1,0,0
8694,25,Caucasian,1,0,0,0,0,1,0,0
8695,50,Caucasian,1,0,0,0,0,1,0,0
8696,35,Caucasian,1,0,0,0,4,1,0,0
8700,37,African-American,1,1,0,0,17,1,1,1
8701,43,African-American,1,0,0,0,4,1,1,1
8702,29,Caucasian,1,0,0,0,12,0,1,0
8703,61,Caucasian,0,0,0,0,0,1,0,0
8705,22,African-American,0,0,0,0,4,1,1,1
8706,27,Caucasian,1,0,0,0,2,1,1,0
8710,34,African-American,0,0,0,0,1,0,0,1
8715,20,African-American,0,0,0,1,0,0,1,1
8716,30,African-American,1,0,0,0,0,0,0,1
8717,43,African-American,0,0,0,0,0,0,0,1
8719,51,Caucasian,1,0,0,0,4,1,1,0
8724,42,African-American,1,1,0,0,7,1,1,1
8728,24,Caucasian,0,0,0,0,0,0,0,0
8729,36,Caucasian,1,0,0,0,12,1,0,0
8731,39,Caucasian,1,0,0,0,0,1,1,0
8732,32,African-American,1,0,0,0,2,0,0,1
8735,38,African-American,1,0,0,0,0,0,0,1
8737,27,African-American,0,0,0,0,8,1,0,1
8741,30,Caucasian,0,0,0,0,0,1,1,0
8742,43,Caucasian,0,0,0,0,0,0,1,0
8743,30,African-American,1,6,0,0,8,0,1,1
8745,26,Caucasian,0,0,0,0,1,0,0,0
8746,37,Caucasian,1,0,0,0,3,1,0,0
8747,25,Caucasian,1,0,0,0,5,1,1,0
8748,65,Caucasian,1,0,0,0,1,1,1,0
8752,29,Caucasian,1,0,0,0,1,1,0,0
8754,32,Caucasian,1,0,0,0,3,1,0,0
8756,21,African-American,1,0,2,6,8,1,1,1
8757,21,Caucasian,1,0,0,0,1,1,0,0
8758,47,Caucasian,1,0,0,0,13,0,1,0
8759,36,African-American,0,0,0,0,4,1,0,1
8760,25,African-American,0,0,0,0,6,1,1,1
8761,32,Caucasian,1,0,0,0,4,0,1,0
8762,43,Caucasian,1,0,0,0,1,1,0,0
8764,27,African-American,1,0,0,0,2,1,0,1
8765,26,African-American,1,0,0,0,8,0,1,1
8768,21,African-American,1,0,0,0,1,1,0,1
8773,40,African-American,1,2,0,0,23,0,1,1
8774,38,Caucasian,1,0,0,0,3,0,0,0
8775,41,African-American,1,0,0,0,7,1,0,1
8776,25,Caucasian,1,0,0,0,7,1,1,0
8777,21,Caucasian,1,0,0,0,1,1,0,0
8778,74,Caucasian,0,0,0,0,0,0,0,0
8781,41,Caucasian,1,0,0,0,5,0,1,0
8786,30,African-American,1,0,1,0,1,0,0,1
8787,33,Caucasian,0,0,0,0,3,1,1,0
8789,24,Caucasian,1,0,0,0,2,0,0,0
8791,29,Caucasian,0,0,0,0,0,0,0,0
8792,42,Caucasian,0,0,0,0,0,1,1,0
8794,30,Caucasian,0,0,0,1,1,1,0,0
8797,33,African-American,1,0,0,0,0,1,0,1
8799,21,African-American,1,0,0,1,2,1,1,1
8800,41,Caucasian,0,0,0,0,9,0,1,0
8802,28,African-American,0,0,0,0,5,0,0,1
8805,52,African-American,0,0,0,0,3,1,0,1
8813,25,African-American,1,0,0,0,0,1,1,1
8814,27,African-American,0,0,0,0,0,0,0,1
8816,35,Caucasian,1,0,0,0,0,1,0,0
8818,40,African-American,1,0,0,0,2,0,0,1
8820,24,African-American,1,0,0,2,2,0,1,1
8821,24,African-American,1,5,1,0,10,1,1,1
8828,50,Caucasian,1,0,0,0,1,1,0,0
8830,21,African-American,1,0,0,0,1,1,1,1
8832,24,African-American,1,0,0,2,2,1,1,1
8835,29,African-American,1,0,0,0,3,0,0,1
8838,25,Caucasian,0,0,0,0,0,0,0,0
8841,38,African-American,1,0,0,0,0,1,1,1
8842,46,Caucasian,1,0,0,0,1,1,0,0
8843,33,African-American,1,0,0,2,9,0,1,1
8847,39,African-American,0,0,0,0,3,1,1,1
8854,35,African-American,1,0,0,0,4,1,0,1
8855,49,Caucasian,1,0,0,0,12,1,1,0
8857,27,Caucasian,1,0,0,0,0,0,0,0
8858,22,African-American,1,0,1,3,2,1,0,1
8859,29,African-American,0,0,0,0,0,1,1,1
8861,31,African-American,1,0,0,0,0,0,0,1
8865,65,Caucasian,0,0,0,0,0,1,0,0
8867,24,Caucasian,1,0,0,2,6,1,0,0
8869,46,African-American,1,0,0,0,0,0,0,1
8871,20,African-American,1,0,0,0,0,1,1,1
8873,29,African-American,1,0,0,0,16,1,1,1
8876,29,African-American,1,0,0,0,7,1,0,1
8877,56,Caucasian,0,0,0,0,3,1,0,0
8879,21,African-American,1,0,0,0,0,1,0,1
8881,40,African-American,1,0,0,0,0,1,1,1
8882,22,African-American,1,0,0,0,2,0,1,1
8884,39,Caucasian,1,0,0,0,0,0,0,0
8885,22,African-American,1,0,1,0,1,1,1,1
8889,36,Caucasian,1,0,0,0,1,1,0,0
8890,30,African-American,1,0,0,0,0,1,0,1
8893,36,African-American,1,0,0,0,0,0,0,1
8897,32,African-American,1,0,0,0,0,1,0,1
8899,34,African-American,0,0,0,0,5,1,1,1
8905,52,Caucasian,1,0,0,0,0,0,0,0
8906,20,Caucasian,1,0,1,1,1,1,1,0
8908,38,African-American,1,0,0,0,5,0,0,1
8909,46,Caucasian,1,0,0,0,0,0,0,0
8910,27,African-American,1,0,0,0,0,1,1,1
8914,20,African-American,1,0,0,0,2,1,1,1
8918,29,Caucasian,0,0,0,0,1,1,1,0
8920,35,African-American,0,0,0,0,7,1,1,1
8921,37,Caucasian,1,0,0,0,1,0,1,0
8922,63,Caucasian,1,0,0,0,0,1,0,0
8924,27,African-American,1,0,0,0,1,1,1,1
8925,27,African-American,1,0,0,0,0,1,0,1
8926,24,African-American,1,0,0,0,2,0,1,1
8933,25,Caucasian,1,0,0,0,4,1,1,0
8936,27,African-American,1,0,0,0,0,0,0,1
8938,48,African-American,0,0,0,0,0,0,0,1
8939,26,African-American,0,0,0,0,1,0,0,1
8941,23,Caucasian,1,0,0,2,1,1,1,0
8942,22,Caucasian,1,0,1,1,3,0,1,0
8944,41,African-American,1,0,0,0,0,1,0,1
8945,21,African-American,1,0,0,0,0,1,0,1
8949,39,African-American,0,0,0,0,3,0,0,1
8954,46,Caucasian,1,0,0,0,0,0,0,0
8960,36,African-American,1,0,0,0,2,1,1,1
8962,32,Caucasian,1,0,0,0,0,0,0,0
8964,38,African-American,1,0,0,0,17,0,1,1
8969,22,African-American,1,0,0,0,1,1,1,1
8970,69,Caucasian,1,0,0,0,0,0,1,0
8971,26,African-American,1,0,0,0,2,1,0,1
8972,27,African-American,0,0,0,0,1,0,1,1
8974,22,African-American,1,0,0,0,2,1,0,1
8976,43,Caucasian,0,0,0,0,0,1,0,0
8983,55,Caucasian,0,0,0,0,0,0,0,0
8988,20,African-American,1,0,0,2,1,1,0,1
8989,22,African-American,1,0,0,0,1,0,1,1
8992,33,Caucasian,1,0,0,0,9,1,1,0
8995,55,Caucasian,1,0,0,0,7,1,0,0
8996,22,African-American,1,0,0,0,1,1,0,1
8997,55,African-American,1,0,0,0,1,1,0,1
8998,43,Caucasian,0,0,0,0,0,1,1,0
8999,21,African-American,1,0,0,3,0,1,1,1
9004,23,African-American,1,0,0,0,0,1,0,1
9005,28,Caucasian,0,0,0,0,1,0,0,0
9010,39,African-American,1,0,0,0,1,1,0,1
9012,79,Caucasian,1,0,0,0,1,0,0,0
9013,48,Caucasian,1,0,0,0,1,1,0,0
9018,31,African-American,1,1,0,0,5,0,0,1
9020,30,Caucasian,1,0,1,0,4,0,1,0
9022,32,African-American,1,0,0,0,5,1,1,1
9023,56,Caucasian,1,0,0,0,1,0,0,0
9028,43,African-American,1,0,0,0,2,0,0,1
9031,27,African-American,1,0,0,0,21,1,1,1
9032,41,African-American,1,0,0,0,0,0,0,1
9034,43,African-American,1,0,0,0,3,0,1,1
9038,33,African-American,0,0,0,0,1,1,0,1
9039,22,African-American,1,0,0,0,0,1,0,1
9040,34,African-American,1,0,0,0,3,1,0,1
9041,36,Caucasian,1,0,0,0,0,0,0,0
9042,69,Caucasian,1,0,0,0,0,1,0,0
9043,32,Caucasian,1,0,0,0,5,1,1,0
9044,22,African-American,1,0,0,0,1,1,1,1
9045,46,Caucasian,1,0,0,0,0,1,0,0
9046,34,Caucasian,1,0,0,0,1,0,0,0
9049,39,African-American,1,0,0,0,0,0,0,1
9054,25,African-American,1,0,0,1,6,0,1,1
9056,63,African-American,1,0,0,0,9,1,1,1
9058,24,Caucasian,1,0,0,0,8,1,1,0
9060,29,Caucasian,1,0,0,0,2,0,0,0
9061,20,African-American,1,0,3,0,3,1,1,1
9062,40,Caucasian,0,0,0,0,0,0,0,0
9064,30,African-American,1,0,0,0,7,1,1,1
9070,50,Caucasian,1,0,0,0,5,1,0,0
9072,37,African-American,1,0,0,0,4,0,1,1
9074,34,African-American,1,0,0,0,1,1,0,1
9076,31,African-American,0,0,0,0,1,0,1,1
9077,23,Caucasian,1,0,0,1,10,1,0,0
9080,37,Caucasian,1,0,0,0,2,1,1,0
9085,26,Caucasian,1,0,0,0,2,1,0,0
9086,34,African-American,1,0,0,0,12,1,1,1
9087,59,Caucasian,1,0,0,0,2,0,1,0
9089,37,Caucasian,1,0,0,0,2,0,0,0
9092,45,Caucasian,1,0,0,0,1,1,1,0
9093,22,African-American,1,0,0,0,1,1,0,1
9094,24,African-American,1,0,0,1,3,1,1,1
9096,25,African-American,1,0,0,0,5,1,0,1
9097,24,African-American,1,0,0,0,6,1,1,1
9102,20,African-American,1,0,0,0,1,0,1,1
9106,32,Caucasian,0,0,0,0,2,1,1,0
9110,49,African-American,1,0,0,0,3,1,1,1
9112,31,Caucasian,1,0,0,0,11,1,1,0
9115,58,Caucasian,1,0,0,0,7,1,1,0
9119,26,African-American,1,0,1,1,11,1,1,1
9120,20,African-American,1,1,0,0,1,1,0,1
9125,51,Caucasian,1,0,0,0,1,0,1,0
9126,30,African-American,1,0,0,0,2,0,0,1
9129,26,African-American,1,0,0,0,2,1,0,1
9133,26,Caucasian,0,0,0,0,0,1,0,0
9136,26,African-American,1,0,0,0,5,1,0,1
9143,20,Caucasian,1,0,0,2,0,1,0,0
9144,28,African-American,1,0,0,0,0,1,1,1
9145,23,African-American,1,0,1,2,1,0,1,1
9146,21,African-American,0,0,0,0,0,0,0,1
9148,30,Caucasian,1,0,0,0,0,1,0,0
9150,21,Caucasian,1,0,2,7,2,1,1,0
9155,20,Caucasian,1,1,0,0,1,1,1,0
9156,24,Caucasian,1,0,0,0,5,1,1,0
9157,35,African-American,1,0,0,0,22,1,1,1
9159,50,Caucasian,1,0,0,0,2,1,1,0
9160,25,African-American,1,0,0,0,5,0,0,1
9163,31,African-American,1,1,1,1,12,0,1,1
9165,26,African-American,1,0,0,0,0,1,0,1
9166,22,African-American,1,0,0,0,0,1,0,1
9167,29,African-American,1,0,0,0,0,1,0,1
9170,52,Caucasian,1,0,0,0,1,1,0,0
9172,21,African-American,1,0,0,0,0,1,0,1
9173,21,Caucasian,1,0,0,0,1,1,0,0
9174,20,Caucasian,0,0,0,0,0,1,1,0
9176,30,Caucasian,1,0,0,0,1,1,1,0
9178,33,African-American,0,0,0,0,3,0,1,1
9180,24,African-American,1,0,0,0,3,1,0,1
9182,30,African-American,0,0,0,0,11,1,1,1
9183,30,Caucasian,0,0,0,0,0,0,0,0
9185,47,African-American,1,0,0,0,13,1,1,1
9186,41,African-American,1,0,1,0,9,0,0,1
9189,48,Caucasian,1,0,0,0,6,1,0,0
9191,52,African-American,1,0,0,0,2,1,1,1
9192,34,African-American,0,0,0,0,1,0,0,1
9196,35,Caucasian,1,0,0,0,0,1,1,0
9201,24,African-American,1,0,0,1,1,1,1,1
9207,25,African-American,1,0,0,0,1,0,0,1
9208,34,African-American,1,0,1,0,20,1,1,1
9209,25,African-American,1,0,0,0,2,1,1,1
9212,56,Caucasian,1,0,0,0,6,1,0,0
9214,23,African-American,1,0,0,0,0,1,0,1
9215,21,Caucasian,1,0,0,0,0,0,0,0
9216,66,Caucasian,1,0,0,0,0,0,0,0
9219,28,African-American,1,0,0,0,7,0,0,1
9220,29,Caucasian,1,0,0,0,0,0,0,0
9221,22,Caucasian,1,0,0,0,3,1,1,0
9224,39,Caucasian,1,0,0,0,0,1,0,0
9225,33,African-American,1,0,0,1,9,0,1,1
9226,29,Caucasian,1,0,0,0,2,1,1,0
9227,31,Caucasian,1,0,0,0,1,1,0,0
9229,22,African-American,1,0,0,0,0,0,0,1
9230,22,Caucasian,0,0,0,0,0,0,0,0
9231,35,Caucasian,1,0,0,2,3,1,0,0
9232,29,Caucasian,1,0,0,0,3,1,1,0
9235,56,Caucasian,1,0,0,0,1,1,0,0
9238,34,African-American,0,0,0,0,0,1,0,1
9239,23,African-American,1,0,0,0,1,1,1,1
9240,27,African-American,1,1,0,0,1,1,1,1
9241,43,Caucasian,1,0,0,0,2,1,0,0
9242,38,Caucasian,1,0,0,0,0,1,0,0
9243,39,Caucasian,1,0,0,0,3,1,0,0
9244,24,African-American,1,0,0,1,1,1,1,1
9245,26,African-American,1,0,0,0,2,0,0,1
9246,55,Caucasian,0,0,0,0,0,0,0,0
9247,35,African-American,1,0,0,0,1,1,1,1
9248,61,African-American,1,0,0,0,25,1,0,1
9253,40,Caucasian,1,0,0,0,4,1,0,0
9254,33,African-American,1,0,0,0,3,1,0,1
9255,26,Caucasian,1,0,0,0,0,1,1,0
9256,32,Caucasian,1,0,1,0,15,1,1,0
9257,28,African-American,1,0,0,0,0,1,0,1
9258,45,Caucasian,1,0,0,0,0,0,0,0
9259,30,Caucasian,1,0,0,0,0,1,1,0
9260,57,Caucasian,0,0,0,0,4,1,0,0
9261,26,African-American,1,0,0,0,3,1,1,1
9262,35,African-American,1,0,0,0,1,1,0,1
9266,29,African-American,0,0,0,0,0,1,0,1
9267,40,Caucasian,0,0,0,0,0,0,0,0
9268,28,Caucasian,1,0,0,0,1,1,1,0
9269,25,African-American,0,0,0,1,0,0,0,1
9270,44,African-American,1,0,0,0,3,0,0,1
9273,23,Caucasian,1,0,0,1,4,1,1,0
9275,29,African-American,1,0,0,0,0,1,0,1
9276,56,Caucasian,1,0,0,0,0,0,0,0
9277,27,African-American,0,0,0,0,0,0,0,1
9279,29,Caucasian,0,0,0,0,0,0,0,0
9280,34,Caucasian,0,0,0,0,4,0,0,0
9282,22,African-American,0,0,0,0,0,1,0,1
9283,40,Caucasian,1,0,0,0,5,1,1,0
9284,31,Caucasian,1,0,0,0,0,1,0,0
9285,47,African-American,1,0,0,0,3,1,0,1
9287,24,African-American,1,0,0,0,8,1,1,1
9292,39,African-American,1,0,0,0,4,1,0,1
9293,29,African-American,1,0,0,0,10,1,1,1
9296,26,African-American,0,0,0,0,4,1,1,1
9297,61,African-American,1,0,0,0,2,0,0,1
9303,30,African-American,1,0,0,0,0,0,0,1
9306,20,African-American,1,0,0,1,0,0,1,1
9307,56,African-American,1,0,0,0,22,1,1,1
9308,50,Caucasian,0,0,0,0,3,1,1,0
9318,30,African-American,1,0,0,0,10,1,1,1
9320,59,African-American,1,0,0,0,1,0,0,1
9322,20,African-American,1,1,0,0,1,1,1,1
9323,23,Caucasian,1,0,1,0,4,0,1,0
9324,28,Caucasian,0,0,0,0,2,1,1,0
9326,35,Caucasian,1,0,0,0,3,0,1,0
9327,22,African-American,1,0,0,0,1,1,1,1
9332,22,African-American,1,0,0,0,0,1,0,1
9335,61,African-American,1,0,0,0,8,1,1,1
9336,26,African-American,1,0,0,0,5,1,0,1
9337,44,Caucasian,1,0,0,0,1,1,0,0
9338,34,African-American,0,0,0,0,0,0,1,1
9339,29,Caucasian,1,0,0,0,1,1,1,0
9343,29,African-American,1,0,0,0,8,0,0,1
9344,48,African-American,1,0,0,0,5,1,1,1
9346,31,African-American,0,0,0,0,0,0,0,1
9348,21,Caucasian,1,0,0,0,2,1,0,0
9350,34,Caucasian,1,0,0,0,4,1,0,0
9351,54,African-American,1,0,0,0,21,1,0,1
9352,20,Caucasian,1,0,4,0,4,1,0,0
9353,31,Caucasian,1,0,0,0,1,1,1,0
9354,22,Caucasian,1,0,0,0,0,0,0,0
9357,36,African-American,1,0,0,0,6,0,0,1
9358,34,African-American,1,3,1,0,9,1,1,1
9364,50,African-American,1,0,0,0,15,0,0,1
9369,31,African-American,1,0,0,0,1,0,0,1
9370,49,African-American,1,0,0,0,10,1,1,1
9372,21,African-American,1,1,0,1,2,1,0,1
9375,26,African-American,0,0,0,0,5,1,1,1
9378,25,Caucasian,0,0,0,0,2,1,1,0
9380,38,Caucasian,1,0,0,0,5,1,0,0
9381,35,Caucasian,1,0,0,0,2,0,0,0
9386,32,African-American,1,0,0,0,4,1,1,1
9387,29,Caucasian,1,0,0,0,1,1,0,0
9388,46,Caucasian,1,0,0,0,0,1,0,0
9392,53,Caucasian,1,0,0,0,1,0,0,0
9393,27,Caucasian,0,0,0,0,1,1,1,0
9394,29,Caucasian,1,0,0,0,4,1,0,0
9398,23,African-American,1,0,0,0,3,0,1,1
9401,24,Caucasian,1,0,0,0,1,0,0,0
9402,33,African-American,1,0,0,0,18,1,1,1
9404,32,African-American,1,0,0,0,1,0,1,1
9405,38,African-American,0,0,0,0,7,1,1,1
9407,40,African-American,1,0,0,0,20,1,0,1
9412,36,African-American,0,0,0,0,1,0,0,1
9413,34,African-American,1,0,0,0,16,1,1,1
9414,41,Caucasian,1,0,0,0,1,0,1,0
9415,57,Caucasian,1,0,0,0,7,1,0,0
9416,26,African-American,1,0,0,0,1,1,0,1
9419,45,African-American,1,0,0,0,0,1,1,1
9420,26,African-American,1,0,0,1,2,1,0,1
9425,48,Caucasian,0,0,0,0,0,1,0,0
9428,52,Caucasian,1,0,0,0,7,0,0,0
9433,43,African-American,0,0,0,0,0,0,0,1
9435,24,Caucasian,1,0,0,0,3,1,0,0
9436,27,African-American,1,0,0,0,11,1,1,1
9439,28,African-American,1,0,0,0,2,1,1,1
9440,21,African-American,1,0,0,0,0,1,0,1
9441,33,African-American,1,0,0,0,5,0,1,1
9442,25,African-American,1,0,0,0,1,1,1,1
9443,36,African-American,1,0,2,0,17,1,1,1
9444,25,Caucasian,0,0,0,0,0,1,0,0
9448,46,Caucasian,1,0,0,0,0,0,0,0
9450,24,African-American,0,0,0,0,0,1,0,1
9451,28,African-American,1,0,0,0,4,1,1,1
9452,28,African-American,1,0,0,1,12,0,1,1
9458,23,African-American,1,0,0,0,0,0,1,1
9462,50,Caucasian,1,0,0,0,1,0,1,0
9464,24,Caucasian,1,0,0,0,0,0,0,0
9465,55,African-American,0,0,0,0,2,1,0,1
9467,22,African-American,1,0,0,0,0,1,1,1
9473,38,African-American,1,0,0,0,14,1,0,1
9475,31,African-American,1,0,0,0,1,1,0,1
9476,30,African-American,0,0,0,0,3,1,0,1
9483,37,African-American,1,0,0,0,16,1,1,1
9484,41,Caucasian,0,0,0,0,1,0,0,0
9486,20,African-American,1,0,0,0,0,1,1,1
9488,21,Caucasian,1,0,0,0,0,0,1,0
9491,22,Caucasian,1,0,0,0,1,0,0,0
9492,38,African-American,1,0,0,0,7,0,0,1
9493,31,African-American,1,0,0,0,0,1,0,1
9494,28,Caucasian,1,0,0,0,0,1,0,0
9497,39,African-American,1,0,0,0,1,1,0,1
9499,34,African-American,1,0,0,0,22,1,1,1
9506,24,African-American,1,0,0,0,0,0,1,1
9509,27,African-American,1,0,0,0,9,1,1,1
9513,43,African-American,1,0,0,0,2,1,0,1
9515,26,African-American,1,0,0,0,1,1,0,1
9516,32,African-American,1,0,3,0,7,1,0,1
9517,57,Caucasian,0,0,0,0,2,1,0,0
9518,40,Caucasian,0,0,0,0,0,0,0,0
9519,33,Caucasian,1,0,0,0,6,1,1,0
9523,30,African-American,1,0,0,0,2,1,1,1
9524,29,Caucasian,1,0,0,0,1,0,0,0
9527,36,African-American,1,0,0,0,2,0,0,1
9529,35,African-American,1,0,0,0,6,1,1,1
9532,21,African-American,1,0,1,0,2,1,1,1
9534,49,African-American,1,0,0,0,29,1,1,1
9536,37,African-American,0,0,0,0,23,0,1,1
9540,29,African-American,1,0,0,0,3,1,1,1
9541,25,African-American,1,0,0,1,1,1,1,1
9542,20,African-American,1,0,0,0,2,1,1,1
9545,55,African-American,1,0,0,0,5,1,0,1
9547,26,Caucasian,1,0,0,0,0,0,0,0
9548,52,Caucasian,0,0,0,0,6,1,0,0
9550,52,African-American,1,0,0,0,16,1,1,1
9553,60,Caucasian,1,0,0,0,2,0,0,0
9554,44,Caucasian,1,0,0,0,0,0,0,0
9557,25,African-American,0,0,0,0,2,0,0,1
9560,20,Caucasian,0,0,0,0,4,1,1,0
9561,28,Caucasian,1,0,0,0,3,1,1,0
9563,22,Caucasian,1,0,0,0,1,1,0,0
9566,24,Caucasian,1,0,0,0,1,1,1,0
9567,28,African-American,0,0,0,0,0,1,0,1
9568,35,African-American,1,0,0,0,10,1,1,1
9569,30,Caucasian,1,0,0,0,0,0,0,0
9570,22,African-American,1,0,0,2,0,1,1,1
9574,39,African-American,1,0,0,0,9,1,0,1
9578,26,African-American,1,0,0,0,5,0,0,1
9581,23,African-American,0,0,0,0,0,1,0,1
9584,52,African-American,0,0,0,0,0,1,1,1
9586,22,African-American,0,0,0,5,0,0,1,1
9588,54,Caucasian,1,0,0,0,0,1,0,0
9589,50,African-American,1,0,0,0,2,0,0,1
9591,20,African-American,1,0,0,4,2,1,1,1
9592,25,Caucasian,1,0,0,0,1,1,0,0
9593,46,Caucasian,0,0,0,0,0,1,0,0
9597,22,Caucasian,1,0,0,0,0,0,0,0
9600,38,Caucasian,1,1,0,0,10,1,1,0
9603,34,African-American,0,0,0,0,5,1,1,1
9604,18,African-American,1,5,0,2,4,1,1,1
9606,26,Caucasian,0,0,0,0,3,1,1,0
9608,23,Caucasian,0,0,0,0,0,1,0,0
9612,44,Caucasian,1,0,0,0,1,0,1,0
9613,53,Caucasian,1,0,0,0,9,1,1,0
9617,27,African-American,1,0,0,0,4,1,1,1
9618,25,Caucasian,1,0,0,0,2,1,0,0
9620,19,Caucasian,1,0,1,3,1,1,1,0
9621,53,Caucasian,1,0,0,0,0,1,0,0
9624,39,African-American,1,0,0,0,0,0,0,1
9626,27,African-American,1,1,0,0,6,1,1,1
9628,21,African-American,0,0,0,0,2,1,1,1
9629,24,African-American,0,0,0,0,7,1,0,1
9630,33,Caucasian,1,0,0,0,0,0,0,0
9631,24,Caucasian,0,0,0,4,1,0,0,0
9632,46,Caucasian,1,0,0,0,1,1,0,0
9635,38,Caucasian,0,0,0,0,0,1,0,0
9636,30,African-American,1,0,2,2,13,1,1,1
9640,26,African-American,1,0,2,2,27,0,1,1
9641,57,Caucasian,1,0,0,0,2,1,0,0
9643,43,Caucasian,1,0,0,0,0,1,0,0
9644,22,African-American,1,0,0,0,0,0,0,1
9646,28,African-American,0,0,0,0,9,0,1,1
9648,51,Caucasian,1,0,0,0,3,1,0,0
9653,24,Caucasian,1,0,0,0,1,1,0,0
9654,48,African-American,1,0,0,0,3,1,1,1
9655,26,Caucasian,1,0,0,0,0,0,1,0
9656,31,African-American,1,0,0,0,6,1,1,1
9658,27,African-American,1,1,2,1,6,0,0,1
9659,25,African-American,1,0,0,0,0,0,0,1
9662,56,Caucasian,1,0,0,0,3,0,0,0
9663,29,African-American,0,0,0,0,1,0,0,1
9664,30,Caucasian,0,0,0,0,3,1,1,0
9666,21,African-American,1,0,0,0,0,1,0,1
9667,22,Caucasian,1,0,0,0,1,1,1,0
9668,28,African-American,0,0,0,0,0,0,0,1
9669,35,African-American,1,0,0,0,2,1,0,1
9670,23,Caucasian,1,0,0,0,0,1,0,0
9672,48,African-American,1,0,0,0,4,1,0,1
9674,22,Caucasian,1,0,1,2,4,0,1,0
9676,37,African-American,1,0,0,0,2,1,0,1
9677,33,African-American,1,0,0,0,0,1,0,1
9681,23,African-American,1,0,0,1,5,1,1,1
9685,22,African-American,1,0,0,1,0,0,1,1
9686,24,African-American,1,0,0,0,0,1,0,1
9687,44,African-American,1,0,0,0,2,0,0,1
9690,26,African-American,0,0,0,0,0,0,0,1
9691,29,African-American,1,0,0,0,2,1,0,1
9695,30,Caucasian,1,0,0,0,1,0,0,0
9698,23,African-American,1,0,0,0,1,1,1,1
9703,28,African-American,0,0,0,0,0,1,1,1
9704,20,African-American,1,0,0,0,0,1,0,1
9706,24,Caucasian,0,0,2,0,7,0,0,0
9708,37,African-American,1,0,0,0,6,1,1,1
9709,21,African-American,0,0,0,0,1,1,0,1
9710,27,African-American,1,0,0,0,8,1,1,1
9712,26,African-American,1,0,0,0,2,1,1,1
9713,42,Caucasian,1,0,0,0,0,0,0,0
9714,23,African-American,1,0,0,0,8,1,1,1
9717,55,Caucasian,0,0,0,0,0,0,0,0
9722,24,Caucasian,1,0,0,0,1,1,1,0
9723,23,African-American,1,0,0,0,0,0,0,1
9724,64,African-American,0,0,0,0,0,1,0,1
9729,39,African-American,0,0,0,0,0,1,1,1
9730,30,Caucasian,1,0,0,0,0,0,0,0
9731,22,African-American,0,0,0,0,1,0,0,1
9732,20,African-American,1,0,0,0,2,1,1,1
9733,21,African-American,1,0,0,0,0,1,1,1
9734,24,Caucasian,1,0,0,0,0,1,0,0
9738,30,African-American,1,0,0,0,3,0,0,1
9739,51,African-American,1,0,0,0,12,1,1,1
9741,21,African-American,1,1,0,2,1,1,1,1
9743,31,African-American,1,0,0,0,1,1,0,1
9745,23,African-American,1,0,0,0,2,0,1,1
9747,32,African-American,1,0,0,0,4,1,1,1
9748,28,African-American,1,0,0,0,11,1,1,1
9750,24,African-American,1,0,0,1,0,1,0,1
9752,19,African-American,0,0,0,0,1,1,1,1
9754,29,African-American,1,0,0,0,3,1,1,1
9755,41,African-American,1,0,0,0,6,1,1,1
9756,28,African-American,1,0,0,0,4,0,1,1
9758,29,Caucasian,1,0,0,0,6,1,1,0
9759,49,Caucasian,1,0,0,0,0,1,0,0
9767,42,Caucasian,1,0,0,0,0,0,0,0
9771,38,African-American,1,0,0,0,4,0,0,1
9773,22,African-American,1,0,0,1,3,1,1,1
9774,46,Caucasian,1,0,0,0,0,0,1,0
9777,38,African-American,1,0,0,0,0,1,1,1
9778,36,African-American,1,0,0,0,0,1,0,1
9781,22,Caucasian,1,0,0,0,6,1,1,0
9782,29,African-American,1,0,0,0,11,0,0,1
9784,39,African-American,1,0,0,0,2,0,0,1
9785,47,Caucasian,1,0,0,0,0,0,0,0
9786,26,African-American,1,0,0,0,7,1,1,1
9787,21,African-American,0,0,0,0,0,1,1,1
9789,63,African-American,1,0,0,0,2,0,0,1
9790,27,African-American,1,0,0,0,2,1,1,1
9791,55,Caucasian,1,0,0,0,27,0,0,0
9799,26,Caucasian,1,0,0,0,0,1,1,0
9800,37,Caucasian,1,0,0,0,1,0,0,0
9802,34,African-American,1,0,0,0,0,1,0,1
9805,25,African-American,1,1,1,0,2,1,1,1
9810,32,African-American,1,0,0,1,8,1,0,1
9811,25,African-American,0,0,0,0,5,1,1,1
9815,33,African-American,0,0,0,0,2,1,1,1
9817,26,African-American,1,0,0,0,2,1,1,1
9820,29,African-American,1,0,0,0,2,0,0,1
9822,28,Caucasian,1,0,0,0,6,0,1,0
9823,53,African-American,1,0,0,0,20,1,0,1
9827,27,Caucasian,1,0,0,0,0,1,0,0
9830,48,Caucasian,1,0,0,0,0,1,0,0
9832,25,Caucasian,1,0,0,0,1,0,1,0
9833,67,Caucasian,1,0,0,0,0,1,0,0
9834,29,African-American,1,0,0,1,2,0,0,1
9835,53,African-American,0,0,0,0,3,1,0,1
9838,49,African-American,1,0,0,0,0,1,0,1
9840,44,Caucasian,0,0,0,0,0,0,0,0
9843,26,African-American,1,1,0,0,10,1,1,1
9845,46,African-American,1,0,0,0,0,0,0,1
9846,30,Caucasian,1,0,0,0,1,1,1,0
9847,48,African-American,0,0,0,0,0,1,1,1
9851,77,African-American,1,0,0,0,1,0,1,1
9852,21,African-American,1,0,2,2,2,1,1,1
9854,54,African-American,1,0,0,0,4,1,1,1
9855,54,Caucasian,1,0,0,0,3,1,0,0
9856,26,African-American,1,0,0,0,15,1,0,1
9857,23,African-American,1,0,1,1,8,1,1,1
9861,39,Caucasian,1,0,0,0,2,1,0,0
9864,29,African-American,1,0,0,0,1,0,1,1
9865,30,African-American,1,1,0,0,9,0,1,1
9867,41,African-American,1,0,0,0,6,1,0,1
9868,32,African-American,1,0,0,0,1,0,0,1
9869,48,African-American,1,0,0,0,12,0,0,1
9872,52,African-American,1,0,0,0,0,0,1,1
9875,31,African-American,1,0,1,0,3,1,1,1
9877,22,Caucasian,1,0,0,3,1,1,1,0
9880,46,Caucasian,0,0,0,0,0,0,0,0
9883,29,African-American,1,0,0,0,7,1,1,1
9885,22,African-American,0,0,0,0,0,1,0,1
9888,39,African-American,1,0,0,0,8,1,0,1
9889,35,African-American,1,0,0,0,9,1,0,1
9890,26,African-American,1,0,0,0,1,0,0,1
9891,27,African-American,1,0,0,0,1,1,0,1
9892,27,African-American,1,0,0,0,5,1,1,1
9894,34,Caucasian,0,0,0,0,10,1,1,0
9902,32,African-American,0,0,0,0,0,0,1,1
9904,25,African-American,1,0,0,1,5,1,1,1
9905,22,Caucasian,1,0,0,1,2,0,1,0
9907,52,African-American,1,0,0,0,7,1,1,1
9908,21,African-American,1,0,0,0,2,1,1,1
9909,28,African-American,1,0,1,0,11,1,1,1
9914,23,Caucasian,1,0,1,0,4,0,1,0
9917,31,African-American,1,0,0,0,1,0,0,1
9918,34,Caucasian,1,0,0,0,1,0,0,0
9919,32,African-American,1,0,0,0,0,0,0,1
9920,50,Caucasian,0,0,0,0,0,0,1,0
9921,27,African-American,1,0,0,0,1,0,0,1
9922,26,African-American,0,0,1,0,4,1,0,1
9923,27,African-American,1,1,0,0,4,1,1,1
9924,29,Caucasian,1,0,0,0,0,1,1,0
9931,58,African-American,1,0,0,0,0,0,0,1
9933,27,African-American,1,2,0,0,14,1,1,1
9934,28,African-American,1,0,0,0,5,1,1,1
9935,24,African-American,1,0,5,1,15,1,1,1
9939,50,Caucasian,1,0,0,0,0,0,0,0
9940,30,African-American,0,0,0,0,15,1,1,1
9944,43,Caucasian,1,0,0,0,0,1,1,0
9945,24,Caucasian,1,0,0,0,0,1,1,0
9948,34,African-American,1,0,0,0,10,1,0,1
9951,26,Caucasian,1,0,0,0,2,1,0,0
9952,31,Caucasian,1,0,0,0,0,1,0,0
9953,23,African-American,1,0,0,3,1,1,1,1
9955,39,African-American,1,0,0,0,0,1,0,1
9956,50,African-American,1,0,0,0,4,1,1,1
9959,22,African-American,0,0,0,0,0,0,0,1
9960,25,African-American,0,0,0,0,0,0,0,1
9963,21,African-American,0,0,1,0,2,1,0,1
9965,20,Caucasian,1,0,0,0,1,1,0,0
9966,54,African-American,1,0,0,0,12,0,1,1
9968,27,African-American,0,0,0,0,2,1,1,1
9969,45,Caucasian,1,0,0,0,5,1,1,0
9970,34,African-American,1,3,1,0,13,1,1,1
9971,55,Caucasian,0,0,0,0,0,1,0,0
9972,24,African-American,1,0,0,0,0,0,0,1
9973,20,African-American,1,0,0,1,0,1,1,1
9977,37,African-American,1,0,0,0,5,0,1,1
9979,34,Caucasian,0,0,0,0,1,0,0,0
9980,41,African-American,0,0,0,0,2,1,1,1
9981,21,African-American,1,0,0,0,1,1,1,1
9983,22,African-American,1,0,0,0,3,1,1,1
9984,24,African-American,1,0,0,0,0,1,0,1
9985,42,Caucasian,1,0,0,0,8,1,0,0
9987,23,African-American,0,0,0,0,0,0,1,1
9991,20,Caucasian,1,0,0,0,0,0,0,0
9996,44,Caucasian,0,0,0,0,0,1,1,0
9997,20,African-American,1,0,0,0,0,0,0,1
10004,27,African-American,1,0,0,0,5,0,0,1
10006,20,Caucasian,1,0,0,0,0,0,1,0
10007,20,African-American,1,0,0,0,0,1,0,1
10008,28,Caucasian,1,0,0,0,1,1,1,0
10009,29,African-American,1,0,0,0,9,1,1,1
10010,21,African-American,1,0,0,0,0,1,1,1
10012,24,African-American,0,0,0,0,2,1,1,1
10018,24,African-American,0,0,0,0,0,1,0,1
10019,23,African-American,1,0,1,0,3,1,1,1
10020,27,Caucasian,1,0,0,0,0,1,0,0
10021,24,Caucasian,1,0,0,0,0,1,0,0
10022,31,African-American,1,0,1,0,6,0,1,1
10025,22,African-American,1,0,0,0,0,1,1,1
10029,54,Caucasian,1,0,0,0,0,1,0,0
10033,35,African-American,0,0,0,0,7,1,1,1
10035,53,African-American,0,0,0,0,0,1,0,1
10036,26,African-American,1,0,0,0,9,0,1,1
10037,48,African-American,1,0,0,0,7,0,1,1
10040,56,African-American,0,0,0,0,2,0,1,1
10042,25,African-American,1,0,0,0,6,1,1,1
10043,49,Caucasian,0,0,0,0,0,1,0,0
10044,34,Caucasian,1,0,0,0,0,0,1,0
10045,21,African-American,1,0,0,0,0,0,1,1
10046,23,Caucasian,1,0,0,0,0,1,1,0
10047,57,Caucasian,1,0,0,0,0,1,0,0
10051,25,Caucasian,1,0,0,0,5,1,1,0
10052,42,African-American,0,0,0,0,1,1,0,1
10054,51,African-American,1,0,0,0,1,1,0,1
10058,53,African-American,1,0,0,0,13,0,0,1
10059,43,African-American,0,0,0,0,6,1,0,1
10061,34,African-American,1,0,0,0,0,1,0,1
10062,27,Caucasian,0,0,0,0,2,1,1,0
10064,51,African-American,1,0,0,0,0,0,0,1
10065,26,Caucasian,1,0,0,0,1,0,0,0
10066,47,African-American,1,0,0,0,5,1,0,1
10068,22,Caucasian,1,0,0,1,0,1,0,0
10069,36,Caucasian,0,0,0,0,0,1,0,0
10072,41,Caucasian,1,0,0,0,4,1,1,0
10077,25,African-American,1,0,3,1,6,0,0,1
10083,33,Caucasian,1,0,0,0,0,0,0,0
10086,44,Caucasian,0,0,0,0,3,1,1,0
10087,46,Caucasian,1,0,0,0,0,1,1,0
10088,28,African-American,0,0,0,0,1,1,0,1
10091,28,African-American,1,1,0,0,5,1,1,1
10092,66,African-American,1,0,0,0,5,1,1,1
10094,20,Caucasian,1,0,0,0,0,0,0,0
10095,27,African-American,1,0,0,0,2,1,0,1
10097,25,African-American,1,0,0,0,3,1,1,1
10107,39,African-American,0,0,0,0,1,1,0,1
10110,41,African-American,0,0,0,0,7,1,1,1
10111,26,African-American,1,0,0,0,0,1,0,1
10112,25,African-American,1,0,0,0,2,0,1,1
10119,22,African-American,1,0,0,0,2,1,1,1
10121,25,African-American,1,0,0,0,7,1,1,1
10126,20,Caucasian,0,0,0,0,0,0,1,0
10127,56,Caucasian,1,0,0,0,5,0,0,0
10129,25,African-American,1,0,0,0,5,1,1,1
10130,48,African-American,0,0,0,0,1,1,0,1
10131,21,African-American,1,0,0,0,1,1,0,1
10132,31,Caucasian,1,0,0,0,2,0,1,0
10133,35,Caucasian,1,0,0,0,0,0,0,0
10136,34,African-American,1,0,0,0,2,1,1,1
10137,32,African-American,1,0,0,0,0,1,0,1
10139,31,African-American,0,0,0,0,1,1,1,1
10148,31,African-American,1,0,0,0,11,0,1,1
10150,28,African-American,1,0,0,0,3,0,1,1
10157,27,African-American,0,0,1,0,10,1,1,1
10158,24,African-American,1,0,0,2,0,1,1,1
10159,49,Caucasian,1,0,0,0,0,1,0,0
10161,40,Caucasian,0,0,0,0,0,1,0,0
10163,22,African-American,1,0,0,0,4,0,0,1
10165,28,African-American,1,0,0,0,5,1,1,1
10167,24,African-American,1,0,0,0,2,1,1,1
10168,49,Caucasian,1,0,0,0,1,0,0,0
10169,33,Caucasian,1,0,0,0,0,0,1,0
10174,44,Caucasian,1,0,0,0,0,1,1,0
10176,41,African-American,1,0,0,3,12,1,1,1
10178,46,Caucasian,1,0,0,0,0,1,0,0
10179,57,African-American,1,0,0,0,2,0,0,1
10181,32,African-American,1,0,0,0,0,1,0,1
10183,36,African-American,1,0,0,0,1,0,0,1
10184,30,African-American,1,0,0,0,1,0,0,1
10185,28,African-American,1,0,0,0,0,0,0,1
10188,31,Caucasian,1,0,0,0,3,0,1,0
10189,29,African-American,1,1,0,0,8,1,1,1
10193,21,African-American,1,0,0,0,1,0,0,1
10194,23,African-American,1,1,0,0,5,1,1,1
10196,25,Caucasian,1,0,0,0,4,1,0,0
10197,49,African-American,0,0,0,0,25,1,1,1
10202,25,African-American,0,0,0,0,1,0,1,1
10207,35,African-American,1,0,0,0,9,1,0,1
10210,32,African-American,1,0,0,0,0,0,0,1
10211,23,African-American,0,0,0,0,0,0,0,1
10214,23,African-American,1,1,1,2,4,1,0,1
10216,26,African-American,0,0,0,0,0,0,0,1
10217,31,African-American,1,0,0,0,9,1,1,1
10218,22,African-American,1,0,0,0,0,0,1,1
10219,20,Caucasian,0,0,0,0,0,1,1,0
10220,24,African-American,1,0,0,0,1,1,0,1
10223,37,African-American,1,0,0,0,0,0,0,1
10224,29,African-American,1,0,0,0,0,1,0,1
10226,29,African-American,1,0,0,1,9,1,1,1
10228,49,Caucasian,1,0,0,0,3,1,0,0
10229,31,African-American,1,0,0,0,2,1,0,1
10230,59,Caucasian,1,0,0,0,0,0,0,0
10232,39,African-American,1,0,0,0,2,0,1,1
10233,23,African-American,1,0,0,1,1,1,0,1
10234,27,African-American,1,0,0,0,3,1,1,1
10235,22,African-American,1,0,0,0,1,1,0,1
10237,21,Caucasian,1,0,0,0,0,1,1,0
10239,36,African-American,1,0,0,0,0,1,0,1
10241,30,African-American,1,0,0,1,10,1,1,1
10242,31,Caucasian,1,0,0,0,3,0,0,0
10251,26,Caucasian,1,0,0,0,0,1,0,0
10252,24,African-American,1,0,0,0,0,0,0,1
10254,27,African-American,1,1,2,0,11,1,0,1
10256,28,Caucasian,1,0,0,0,4,1,0,0
10258,54,Caucasian,1,0,0,0,3,1,1,0
10259,57,Caucasian,1,0,0,0,0,0,0,0
10261,30,African-American,1,0,0,0,2,1,0,1
10267,31,African-American,0,0,0,0,4,1,0,1
10269,29,Caucasian,1,0,0,0,0,1,0,0
10272,22,African-American,1,0,0,0,0,0,0,1
10274,35,African-American,1,0,0,0,0,0,1,1
10276,29,African-American,1,0,0,0,2,1,1,1
10277,30,African-American,1,0,1,0,14,1,0,1
10280,27,African-American,1,0,0,0,2,1,1,1
10281,63,Caucasian,0,0,0,0,0,0,0,0
10283,27,African-American,1,0,0,0,6,1,1,1
10289,36,Caucasian,1,0,0,0,0,1,1,0
10292,21,African-American,1,0,0,0,0,1,0,1
10293,23,Caucasian,1,0,0,0,1,1,0,0
10296,40,African-American,1,0,0,0,1,1,0,1
10298,30,African-American,1,0,0,0,3,0,1,1
10299,41,African-American,1,0,0,0,1,0,0,1
10300,56,Caucasian,1,0,0,0,0,0,0,0
10301,23,African-American,1,0,0,0,1,1,1,1
10302,61,African-American,1,0,0,0,14,0,0,1
10305,20,African-American,1,0,0,0,0,1,1,1
10306,49,Caucasian,1,0,0,0,2,1,1,0
10307,31,African-American,1,2,0,0,6,1,0,1
10309,50,African-American,1,0,0,0,7,1,1,1
10312,31,African-American,0,0,0,0,3,0,1,1
10313,32,African-American,1,1,0,2,4,1,0,1
10315,44,African-American,1,0,0,0,0,1,1,1
10317,62,African-American,1,0,0,0,0,0,0,1
10319,43,African-American,1,0,0,0,3,1,1,1
10324,24,African-American,0,0,0,0,1,0,1,1
10326,41,African-American,1,0,0,0,13,1,1,1
10327,23,Caucasian,1,0,0,0,0,0,0,0
10330,67,Caucasian,1,0,0,0,0,0,0,0
10334,20,African-American,1,0,0,0,0,1,1,1
10336,29,African-American,1,1,0,0,3,0,1,1
10338,34,Caucasian,0,0,0,1,0,1,1,0
10344,29,African-American,1,0,0,0,0,1,0,1
10345,46,African-American,1,0,0,0,4,1,0,1
10346,31,African-American,1,0,0,0,9,0,1,1
10348,24,African-American,1,0,0,0,1,0,0,1
10349,28,African-American,1,0,0,0,1,1,1,1
10351,25,African-American,0,0,0,0,0,0,1,1
10354,24,African-American,0,0,0,0,0,0,0,1
10357,36,Caucasian,1,0,0,0,1,1,0,0
10359,25,African-American,1,0,0,0,2,0,0,1
10360,29,Caucasian,1,0,0,0,0,1,0,0
10361,26,Caucasian,0,0,0,0,1,1,0,0
10363,23,African-American,1,1,0,0,3,1,1,1
10367,32,African-American,1,0,0,0,4,1,1,1
10370,26,Caucasian,0,0,0,0,0,1,0,0
10372,35,Caucasian,1,0,0,0,0,0,1,0
10375,23,African-American,1,0,0,0,0,0,1,1
10376,46,Caucasian,0,0,0,0,0,0,0,0
10377,41,Caucasian,1,0,0,0,0,1,0,0
10378,22,Caucasian,1,0,0,1,0,0,1,0
10379,27,African-American,1,0,0,0,7,0,1,1
10381,24,African-American,0,0,0,0,1,1,1,1
10383,27,African-American,1,0,0,0,10,1,1,1
10386,22,Caucasian,1,0,0,0,1,0,0,0
10388,26,African-American,1,0,1,0,3,0,1,1
10389,26,Caucasian,1,0,0,0,7,0,0,0
10390,29,Caucasian,1,0,0,0,3,1,1,0
10393,42,African-American,0,3,0,0,17,1,1,1
10394,30,African-American,1,0,0,0,0,0,0,1
10399,34,Caucasian,1,0,0,0,1,1,0,0
10400,23,Caucasian,1,0,0,7,3,0,0,0
10401,47,Caucasian,0,0,0,0,0,0,0,0
10402,55,Caucasian,1,0,0,0,2,0,0,0
10406,43,African-American,1,0,0,0,2,1,0,1
10407,45,African-American,1,0,0,0,38,1,1,1
10410,61,Caucasian,0,0,0,0,15,1,0,0
10412,49,Caucasian,1,0,0,0,0,1,0,0
10413,49,African-American,1,0,0,0,1,0,0,1
10415,42,African-American,1,0,0,0,1,1,0,1
10416,24,African-American,1,0,0,0,1,0,0,1
10417,51,Caucasian,1,0,0,0,0,1,0,0
10422,26,Caucasian,1,0,0,1,2,1,1,0
10423,28,Caucasian,1,0,0,0,2,1,1,0
10424,49,African-American,1,0,0,0,2,1,0,1
10427,56,Caucasian,1,0,0,0,1,1,0,0
10428,53,Caucasian,1,0,0,0,8,0,0,0
10431,41,Caucasian,1,0,0,0,3,0,0,0
10432,45,African-American,1,0,0,0,6,1,0,1
10436,21,African-American,0,0,0,0,0,1,0,1
10437,27,Caucasian,1,0,0,1,2,0,1,0
10439,21,African-American,1,0,0,0,0,1,0,1
10440,31,Caucasian,1,0,0,0,0,1,0,0
10444,30,African-American,1,2,0,0,8,1,0,1
10446,23,African-American,1,0,0,0,0,1,0,1
10447,52,Caucasian,1,0,0,0,1,1,0,0
10448,48,African-American,1,0,0,0,11,0,1,1
10449,51,African-American,0,0,0,0,3,0,0,1
10450,30,Caucasian,1,0,0,0,1,0,1,0
10451,29,African-American,0,0,0,0,5,1,1,1
10452,44,African-American,0,0,0,0,0,1,0,1
10454,34,African-American,1,0,0,0,12,1,1,1
10456,28,African-American,1,1,2,0,5,1,1,1
10457,28,African-American,1,0,0,0,9,1,1,1
10462,34,Caucasian,0,0,0,0,0,1,0,0
10463,23,African-American,1,0,2,1,3,0,1,1
10464,71,Caucasian,1,0,0,0,3,0,0,0
10467,45,Caucasian,1,0,0,0,2,0,0,0
10469,29,African-American,1,0,0,0,0,0,0,1
10480,52,African-American,1,0,0,0,17,1,1,1
10483,21,African-American,1,0,0,0,0,0,0,1
10484,29,Caucasian,1,0,0,0,2,0,0,0
10486,54,Caucasian,1,0,0,0,0,0,0,0
10490,27,Caucasian,1,0,0,0,0,1,1,0
10491,29,Caucasian,1,0,0,0,1,0,0,0
10494,23,African-American,0,0,0,0,2,0,1,1
10498,65,Caucasian,0,0,0,0,1,1,0,0
10500,31,African-American,1,0,3,4,15,1,1,1
10502,31,Caucasian,1,0,0,0,0,1,0,0
10505,21,African-American,1,0,0,0,0,1,0,1
10506,27,African-American,1,0,2,0,17,1,1,1
10507,33,Caucasian,1,0,0,0,1,1,0,0
10509,25,African-American,1,0,1,0,3,1,0,1
10510,39,Caucasian,1,0,0,0,1,1,0,0
10511,29,African-American,1,0,0,0,8,0,1,1
10512,27,African-American,1,0,0,0,15,1,1,1
10513,42,Caucasian,0,0,0,0,0,1,0,0
10514,21,Caucasian,1,0,0,0,0,1,0,0
10518,27,African-American,1,0,0,1,5,0,1,1
10519,36,African-American,1,0,0,0,2,0,1,1
10520,24,African-American,0,0,0,0,0,1,1,1
10522,67,Caucasian,0,0,0,0,0,0,0,0
10525,39,African-American,1,0,0,0,3,1,1,1
10530,25,African-American,0,0,0,0,1,1,0,1
10531,40,Caucasian,1,0,0,0,8,1,1,0
10532,37,African-American,1,0,0,0,4,0,1,1
10533,42,African-American,0,0,0,0,8,1,1,1
10536,26,African-American,1,0,0,0,8,1,1,1
10538,23,African-American,1,0,0,0,1,0,0,1
10540,31,Caucasian,0,0,0,0,1,0,1,0
10542,26,Caucasian,1,0,0,0,4,1,1,0
10543,51,Caucasian,1,0,0,0,2,0,1,0
10544,67,Caucasian,1,0,0,0,0,0,0,0
10545,27,African-American,1,0,0,0,10,1,0,1
10546,26,Caucasian,0,0,0,0,1,0,0,0
10547,55,African-American,1,0,0,0,3,0,1,1
10550,28,Caucasian,1,0,0,0,0,0,0,0
10552,51,Caucasian,0,0,0,0,0,0,0,0
10553,28,African-American,1,0,0,0,13,1,1,1
10554,22,African-American,1,0,0,0,0,1,1,1
10555,26,African-American,1,0,0,0,2,1,1,1
10556,27,African-American,0,0,1,0,1,1,0,1
10557,32,African-American,1,0,0,0,5,0,0,1
10558,36,African-American,1,0,0,0,11,1,1,1
10559,27,African-American,1,0,0,0,4,0,0,1
10560,41,Caucasian,1,0,0,0,1,1,1,0
10561,24,African-American,1,0,3,0,12,0,0,1
10563,61,African-American,1,0,0,0,11,1,0,1
10567,29,Caucasian,0,0,0,0,3,1,0,0
10568,34,Caucasian,1,0,0,0,11,1,0,0
10570,45,Caucasian,1,0,0,0,0,1,0,0
10571,21,Caucasian,1,0,2,1,3,1,1,0
10572,28,African-American,1,0,0,0,20,1,1,1
10575,31,Caucasian,1,0,0,0,6,1,0,0
10577,59,Caucasian,1,0,0,0,0,0,1,0
10579,40,African-American,1,0,0,0,8,0,1,1
10580,22,Caucasian,0,0,0,1,1,0,0,0
10581,21,African-American,1,0,1,0,1,0,1,1
10584,25,Caucasian,1,0,0,0,2,1,1,0
10585,25,African-American,0,0,0,0,1,1,0,1
10586,47,African-American,1,0,0,0,3,0,1,1
10589,21,African-American,1,0,0,0,5,0,1,1
10590,29,African-American,1,0,0,0,1,1,1,1
10591,40,Caucasian,1,0,0,0,4,1,1,0
10595,39,Caucasian,1,0,0,0,0,0,0,0
10599,30,African-American,0,0,0,0,0,0,1,1
10606,25,Caucasian,1,0,0,0,0,0,0,0
10607,21,Caucasian,0,0,0,0,0,0,1,0
10608,25,Caucasian,1,0,0,0,0,0,1,0
10614,27,African-American,1,0,0,0,5,0,1,1
10617,45,Caucasian,1,0,0,0,4,0,1,0
10618,32,African-American,1,0,0,0,4,1,1,1
10619,22,African-American,1,0,0,0,0,0,1,1
10622,44,African-American,0,0,0,0,6,1,0,1
10625,23,African-American,1,0,0,0,0,1,0,1
10626,46,Caucasian,1,0,0,0,0,1,0,0
10627,33,Caucasian,1,0,0,0,2,1,0,0
10629,40,Caucasian,0,0,0,0,3,1,1,0
10631,54,Caucasian,1,0,0,0,7,1,0,0
10636,21,Caucasian,1,0,0,0,0,0,0,0
10637,43,Caucasian,1,0,0,0,6,0,1,0
10643,22,African-American,1,0,0,0,0,0,0,1
10645,31,African-American,1,0,0,0,0,1,0,1
10646,32,African-American,1,0,0,0,6,1,1,1
10649,21,African-American,1,0,0,0,1,0,0,1
10651,23,Caucasian,1,0,0,0,0,0,0,0
10652,33,African-American,1,0,0,0,3,0,1,1
10653,64,African-American,1,0,0,0,0,0,0,1
10656,20,African-American,1,0,0,1,0,1,0,1
10657,26,Caucasian,1,0,0,0,1,0,0,0
10659,30,African-American,1,0,1,1,18,1,1,1
10664,23,African-American,1,0,0,1,10,1,1,1
10665,60,African-American,1,0,0,0,13,1,1,1
10666,46,African-American,1,0,0,0,2,1,1,1
10669,56,Caucasian,1,0,0,0,0,0,1,0
10670,45,African-American,0,0,0,0,0,1,0,1
10671,26,African-American,1,0,0,0,4,1,1,1
10672,47,African-American,0,0,0,0,4,0,0,1
10673,29,African-American,0,0,1,0,7,1,1,1
10674,32,African-American,1,2,1,0,9,1,0,1
10677,29,African-American,1,0,0,0,10,1,1,1
10680,22,African-American,1,0,0,0,1,1,1,1
10685,28,African-American,0,0,0,0,1,1,0,1
10686,36,Caucasian,1,0,0,0,0,1,0,0
10690,24,African-American,1,0,0,0,0,1,0,1
10692,33,African-American,1,2,0,0,9,0,1,1
10694,46,African-American,1,0,0,0,2,0,0,1
10695,31,Caucasian,1,0,0,0,9,0,1,0
10697,49,Caucasian,1,0,0,0,3,1,1,0
10698,24,African-American,1,0,0,3,0,1,1,1
10699,57,African-American,1,0,0,0,28,1,1,1
10700,36,African-American,1,1,2,0,14,1,1,1
10703,43,African-American,1,0,1,0,23,1,0,1
10706,42,African-American,1,0,0,0,0,0,0,1
10707,32,Caucasian,1,0,0,0,4,1,1,0
10708,26,Caucasian,1,0,0,0,1,1,0,0
10709,74,Caucasian,1,0,0,0,0,0,0,0
10712,24,African-American,1,0,0,1,3,1,1,1
10719,33,African-American,1,0,0,0,2,0,0,1
10720,22,African-American,1,0,0,0,1,0,1,1
10721,50,Caucasian,1,0,0,0,4,0,0,0
10723,28,Caucasian,0,0,0,0,7,1,1,0
10728,35,African-American,0,0,0,1,5,1,1,1
10729,33,African-American,1,0,0,0,0,1,1,1
10730,36,African-American,0,0,0,0,1,0,0,1
10733,28,African-American,1,0,0,0,2,1,1,1
10735,63,African-American,1,0,0,0,1,1,0,1
10737,69,Caucasian,0,0,0,0,5,1,0,0
10743,41,African-American,1,1,0,0,18,1,1,1
10748,44,Caucasian,1,0,0,0,1,0,0,0
10749,29,African-American,0,0,0,0,0,1,0,1
10750,52,Caucasian,0,0,0,0,0,0,0,0
10753,23,African-American,1,0,0,0,1,1,1,1
10756,26,Caucasian,1,0,0,0,0,1,0,0
10757,24,African-American,1,0,0,0,0,0,1,1
10758,45,African-American,1,0,0,0,4,0,0,1
10761,24,African-American,1,0,0,0,4,1,1,1
10763,47,African-American,1,0,0,0,0,0,0,1
10765,26,African-American,1,0,0,0,0,1,0,1
10766,36,African-American,1,0,0,0,9,1,1,1
10768,33,Caucasian,1,0,0,0,2,0,1,0
10769,52,Caucasian,1,0,0,0,1,0,0,0
10770,51,Caucasian,1,0,0,0,0,1,0,0
10774,47,African-American,1,0,0,0,7,1,1,1
10778,38,Caucasian,1,0,0,0,1,0,1,0
10779,67,Caucasian,1,0,0,0,1,1,0,0
10781,47,African-American,1,0,0,0,1,1,0,1
10783,66,Caucasian,1,0,0,0,0,0,0,0
10784,39,Caucasian,1,0,0,0,0,1,0,0
10786,49,Caucasian,0,0,0,0,2,0,0,0
10787,45,African-American,0,0,0,0,9,0,0,1
10793,46,Caucasian,0,0,0,0,7,1,1,0
10794,29,African-American,1,0,0,0,15,1,1,1
10795,28,African-American,1,0,0,0,2,0,1,1
10799,22,African-American,0,0,0,0,0,1,1,1
10801,20,African-American,1,1,0,1,1,1,1,1
10803,34,Caucasian,1,0,0,0,5,1,0,0
10806,22,African-American,1,0,1,0,8,1,1,1
10807,25,Caucasian,1,0,0,0,3,0,1,0
10810,34,African-American,1,0,0,0,1,1,0,1
10811,34,Caucasian,1,0,0,0,1,1,0,0
10814,54,African-American,1,0,0,0,10,1,1,1
10818,36,Caucasian,0,0,0,0,5,1,1,0
10821,30,African-American,1,1,0,2,8,1,1,1
10824,23,African-American,0,0,0,0,1,1,1,1
10827,40,Caucasian,1,0,0,0,0,1,0,0
10831,27,Caucasian,0,0,0,0,0,0,1,0
10836,25,African-American,1,0,0,0,3,1,1,1
10837,47,African-American,1,0,0,0,14,0,0,1
10838,27,African-American,0,0,0,1,3,1,1,1
10839,38,African-American,1,2,3,0,16,0,1,1
10841,27,African-American,1,0,0,0,0,0,1,1
10844,30,Caucasian,1,0,0,0,4,1,1,0
10849,33,African-American,1,0,0,0,4,0,1,1
10851,29,African-American,0,0,0,0,2,1,1,1
10855,56,African-American,1,0,0,0,31,1,1,1
10858,26,African-American,1,0,0,0,0,1,0,1
10859,28,African-American,0,0,0,0,5,1,0,1
10860,43,African-American,1,0,0,0,5,0,0,1
10863,29,African-American,1,0,0,0,2,1,1,1
10864,22,African-American,1,0,0,1,1,1,1,1
10865,74,Caucasian,1,0,0,0,2,1,0,0
10869,47,African-American,1,0,0,0,4,1,1,1
10870,42,Caucasian,0,0,0,0,4,1,1,0
10871,43,Caucasian,0,0,0,0,0,0,0,0
10873,28,African-American,0,0,0,0,6,0,1,1
10874,24,African-American,0,0,0,0,0,1,0,1
10876,56,African-American,1,0,0,0,0,0,0,1
10879,49,Caucasian,1,0,0,0,0,1,0,0
10882,24,Caucasian,0,0,0,0,1,1,0,0
10883,30,African-American,1,0,0,0,3,1,1,1
10884,28,Caucasian,1,0,0,0,11,1,0,0
10886,39,African-American,0,0,0,0,1,1,1,1
10888,26,African-American,0,0,0,0,4,1,1,1
10889,56,African-American,1,0,0,0,4,1,0,1
10893,58,Caucasian,1,0,0,0,8,0,0,0
10894,33,African-American,1,0,0,0,3,1,0,1
10895,31,African-American,0,0,0,0,9,1,1,1
10897,25,Caucasian,1,4,0,0,5,0,0,0
10899,25,Caucasian,1,0,0,0,7,0,1,0
10903,20,African-American,1,0,0,1,1,1,1,1
10907,30,Caucasian,0,0,0,0,3,1,0,0
10909,29,Caucasian,1,0,0,2,14,1,1,0
10913,21,African-American,1,0,0,0,0,1,1,1
10917,44,African-American,1,0,0,1,11,1,1,1
10918,30,Caucasian,1,0,0,0,2,1,0,0
10919,35,African-American,1,0,0,1,12,0,1,1
10920,34,Caucasian,1,0,0,0,4,1,0,0
10921,26,African-American,1,0,0,0,2,0,0,1
10922,51,Caucasian,1,0,0,0,4,0,0,0
10924,36,African-American,1,0,0,0,0,0,0,1
10925,26,Caucasian,1,0,0,0,3,0,1,0
10927,21,African-American,1,0,0,0,1,1,0,1
10928,59,African-American,1,0,0,0,5,0,0,1
10930,29,African-American,1,0,2,0,7,1,1,1
10932,37,African-American,1,0,0,0,4,1,0,1
10934,41,Caucasian,1,0,0,0,0,0,0,0
10936,23,African-American,1,0,0,0,0,1,1,1
10939,54,Caucasian,0,0,0,0,1,0,0,0
10940,30,Caucasian,1,0,0,0,2,0,0,0
10941,28,Caucasian,1,0,0,0,0,0,1,0
10942,22,African-American,1,0,0,0,0,0,0,1
10945,21,African-American,1,0,0,0,0,1,1,1
10946,27,African-American,1,0,0,2,1,0,0,1
10947,61,African-American,1,0,0,0,4,0,1,1
10950,60,Caucasian,1,0,0,0,0,0,1,0
10954,22,Caucasian,0,0,0,0,1,1,0,0
10955,49,Caucasian,0,0,0,0,3,1,0,0
10956,61,Caucasian,0,0,0,0,1,0,0,0
10957,51,African-American,1,0,0,0,7,0,1,1
10958,49,Caucasian,0,0,0,0,2,1,0,0
10960,24,African-American,0,0,0,0,0,1,1,1
10962,36,Caucasian,0,0,0,0,4,0,1,0
10963,42,Caucasian,1,0,0,0,5,1,0,0
10964,36,African-American,1,0,0,0,9,1,0,1
10965,57,Caucasian,1,0,0,0,14,1,1,0
10966,36,Caucasian,1,0,0,0,0,0,0,0
10967,34,African-American,1,0,0,0,3,0,1,1
10969,24,African-American,1,0,0,0,2,0,1,1
10972,32,Caucasian,1,0,0,0,0,1,0,0
10975,25,African-American,1,0,0,0,1,1,0,1
10976,30,Caucasian,0,0,0,0,2,0,1,0
10977,35,African-American,1,0,0,0,8,0,1,1
10979,43,African-American,1,0,0,0,0,0,0,1
10980,28,African-American,1,0,0,0,1,1,0,1
10981,32,African-American,1,0,0,0,4,1,0,1
10982,23,Caucasian,1,0,0,0,0,1,0,0
10984,20,African-American,0,0,0,0,0,0,1,1
10985,30,African-American,1,0,1,0,19,1,1,1
10989,30,African-American,1,0,0,0,2,0,0,1
10992,21,Caucasian,1,0,0,0,0,0,1,0
10994,30,African-American,1,0,0,0,0,0,1,1
10995,20,African-American,1,0,0,0,0,1,0,1
10996,23,African-American,1,0,0,0,0,1,0,1
10997,23,African-American,1,0,0,0,0,1,0,1
11000,33,African-American,0,0,0,0,3,0,0,1
