id_i,id_j,distance,race_i,race_j,pair_type
5441,5685,0.008748407876232656,1,1,same_race
5441,6689,0.01334694264445313,1,1,same_race
2799,7170,0.0,1,1,same_race
2799,5479,0.0,1,1,same_race
2874,4638,0.0032201119083390406,1,0,cross_race
567,4758,0.0010865657921312888,1,0,cross_race
567,2556,0.0010865657921312888,1,0,cross_race
567,3328,0.0011758632226396282,1,1,same_race
567,3637,0.0011758632226396282,1,1,same_race
567,609,0.0011758632226396282,1,1,same_race
3039,5407,0.000569117609194647,0,1,cross_race
3039,5363,0.005074692382931567,0,0,same_race
3039,5010,0.007886713162544967,0,1,cross_race
3039,4593,0.008002899159255339,0,1,cross_race
3039,4450,0.00847067463733353,0,0,same_race
4804,4998,0.004404893155343537,1,0,cross_race
5438,6454,0.0,1,1,same_race
5438,5443,0.010213974698333739,1,1,same_race
5438,6679,0.01186656299794131,1,1,same_race
5438,6515,0.025567199292218845,1,1,same_race
4107,5627,0.0,0,1,cross_race
4107,5262,0.0066053790813424,0,0,same_race
583,2828,0.0,0,1,cross_race
583,6832,0.0008007880269341738,0,1,cross_race
583,780,0.0008007880269341738,0,0,same_race
583,3182,0.0008007880269341738,0,0,same_race
583,4220,0.0008007880269341738,0,1,cross_race
4617,5842,0.00042285237233885553,0,0,same_race
4617,6519,0.00046811000196833596,0,0,same_race
662,5226,0.0,1,0,cross_race
662,3053,0.0006810065814774058,1,0,cross_race
662,4120,0.0006864427387331951,1,0,cross_race
662,6867,0.0006864427387331951,1,0,cross_race
4644,6785,0.031267922685223715,1,1,same_race
3033,6679,0.0033309763975253315,1,1,same_race
3033,5438,0.021932735768481426,1,1,same_race
3033,6454,0.021932735768481426,1,1,same_race
3033,6681,0.024692958498657602,1,1,same_race
3033,6515,0.028806368536010818,1,1,same_race
4953,6073,0.08469474728139748,1,0,cross_race
4953,6975,0.14305364238344964,1,1,same_race
4953,6235,0.14599947804845104,1,0,cross_race
1816,4181,0.0,0,0,same_race
1816,2882,0.00028029724071076956,0,0,same_race
1816,7005,0.00028029724071076956,0,0,same_race
4851,6553,0.0,1,0,cross_race
4851,6217,0.0005770330371386301,1,0,cross_race
29,5626,0.002560043102001419,1,0,cross_race
29,6344,0.005593274454309349,1,1,same_race
29,1461,0.007094616605913595,1,1,same_race
29,5960,0.02002068759372677,1,1,same_race
749,3600,0.0020953588083847396,1,0,cross_race
749,3065,0.006054163517720146,1,1,same_race
749,3972,0.013139445149198514,1,0,cross_race
749,3091,0.01571680995919489,1,1,same_race
749,1960,0.020261051031307042,1,1,same_race
6676,6885,0.0012705434654904924,1,0,cross_race
4320,4405,0.0006064972982940953,1,0,cross_race
4320,6618,0.0006311386830362142,1,1,same_race
4320,7017,0.0006311386830362142,1,1,same_race
2027,2855,0.01117323923754654,1,1,same_race
2027,3881,0.01117323923754654,1,0,cross_race
2027,3952,0.013424170110802547,1,1,same_race
2027,4532,0.015687977769737738,1,0,cross_race
906,4912,2.220446049250313e-16,0,0,same_race
906,4256,2.220446049250313e-16,0,0,same_race
906,5503,2.220446049250313e-16,0,1,cross_race
906,7020,2.220446049250313e-16,0,1,cross_race
61,1469,0.0649057137095217,1,1,same_race
61,2469,0.1387853001014263,1,1,same_race
61,6000,0.1605652948354963,1,1,same_race
61,7145,0.17661413942373683,1,0,cross_race
61,1521,0.18632514319006854,1,1,same_race
2025,7170,0.0,1,1,same_race
2025,5479,0.0,1,1,same_race
6104,6872,0.0011691231634956,1,1,same_race
3071,6802,0.0,0,0,same_race
3071,6644,0.0,0,0,same_race
3071,6736,0.0,0,1,cross_race
2234,3087,3.3306690738754696e-16,0,1,cross_race
2234,6553,0.0005770330371386301,0,0,same_race
2234,4851,0.0005770330371386301,0,1,cross_race
774,4222,2.220446049250313e-16,1,0,cross_race
774,6104,0.0012226781839016487,1,1,same_race
774,1149,0.0012226781839016487,1,0,cross_race
3342,5169,2.220446049250313e-16,1,1,same_race
3241,3921,0.002302111084533931,1,1,same_race
3241,3697,0.002302111084533931,1,1,same_race
3241,5515,0.002622271427427325,1,0,cross_race
4765,5892,0.0009633217414567463,0,0,same_race
3317,5364,0.0,1,1,same_race
3317,4721,0.0,1,1,same_race
3317,6177,0.001612115603685682,1,1,same_race
5642,7079,1.1102230246251565e-16,1,1,same_race
4516,5352,0.0011632577998869076,0,0,same_race
4516,4773,0.001217656576229409,0,0,same_race
4516,5361,0.001217656576229409,0,0,same_race
1778,3952,0.003626765294910128,1,1,same_race
1778,4424,0.003674752972670725,1,0,cross_race
1778,3036,0.014554875874295603,1,1,same_race
4902,5579,0.0,0,1,cross_race
4902,6002,0.0,0,1,cross_race
6311,6614,0.0,0,0,same_race
6311,6507,0.0012995402767975728,0,1,cross_race
6311,6692,0.0012995402767975728,0,1,cross_race
548,2843,0.0,0,1,cross_race
548,754,0.0008752930621437338,0,1,cross_race
548,5888,0.0008752930621437338,0,1,cross_race
548,1886,0.0008752930621437338,0,1,cross_race
548,6664,0.0010389968420544404,0,1,cross_race
4582,5672,0.0040918517322621195,1,1,same_race
1377,5233,0.06411524679610625,1,0,cross_race
1377,5276,0.08989568744951792,1,1,same_race
1377,3820,0.09595869665426326,1,1,same_race
5888,6132,0.0007376097883854404,1,0,cross_race
5888,6499,0.0007376097883854404,1,1,same_race
2150,5142,0.009734483803928273,1,1,same_race
2283,4623,0.0011152425042271208,1,1,same_race
2283,3637,0.007235511843480369,1,1,same_race
2283,3328,0.007235511843480369,1,1,same_race
2002,4268,0.0031058830576744523,0,0,same_race
2002,2492,0.0031058830576744523,0,0,same_race
2002,5235,0.011748413879671848,0,1,cross_race
6022,6319,0.005953879796770423,1,0,cross_race
1805,2496,0.004002380015791673,1,1,same_race
1805,6810,0.006224142812574773,1,1,same_race
347,6709,2.220446049250313e-16,1,1,same_race
347,7116,0.0005382530739403979,1,1,same_race
347,3524,0.002084100697216762,1,1,same_race
347,6254,0.002357488823391596,1,1,same_race
347,2208,0.0036976309895092596,1,1,same_race
3524,4511,0.00047119053451594173,1,1,same_race
3524,7143,0.00047119053451594173,1,1,same_race
3524,7116,0.000504344586611194,1,1,same_race
3524,6709,0.002084100697216762,1,1,same_race
4778,5744,0.003770032352438113,1,0,cross_race
1879,1912,2.220446049250313e-16,1,1,same_race
1879,6742,0.0016023989362472513,1,1,same_race
1879,5962,0.00514371512551326,1,1,same_race
1879,5401,0.006867959222135345,1,1,same_race
1879,6634,0.007888000664598382,1,1,same_race
3150,3436,0.004112660752553232,1,1,same_race
3150,4691,0.007018185005185029,1,1,same_race
2147,2649,0.0007868320024200237,1,0,cross_race
2147,5699,0.0021189326437275335,1,1,same_race
2147,4804,0.0021189326437275335,1,1,same_race
2147,2288,0.002597161884660193,1,1,same_race
2147,4998,0.005564367872201048,1,0,cross_race
5959,6119,0.0,1,1,same_race
4082,5956,0.0014750274380760375,0,0,same_race
4082,5787,0.00550228159587729,0,1,cross_race
4082,6241,0.005988721246218187,0,1,cross_race
4218,4842,0.0014532335821563214,1,1,same_race
4218,4897,0.0014532335821563214,1,1,same_race
1964,5942,0.0022589973362480142,1,0,cross_race
1964,5568,0.009273214098207916,1,1,same_race
1964,2202,0.01523557328370373,1,1,same_race
717,3668,0.0027860750706630855,0,0,same_race
717,7044,0.0034624350397484127,0,1,cross_race
717,4674,0.0034774259150278652,0,1,cross_race
717,5926,0.003585782465728493,0,0,same_race
717,6841,0.004584903979904409,0,0,same_race
914,5289,0.0,1,1,same_race
914,4224,0.0013013878802498047,1,0,cross_race
914,2831,0.005373136312527005,1,1,same_race
914,3637,0.007973453058849,1,1,same_race
4901,5578,0.09507719310193152,1,0,cross_race
4901,6477,0.09572550840199345,1,0,cross_race
2589,5353,0.0,1,0,cross_race
2589,4547,0.0,1,1,same_race
2589,5631,0.0,1,0,cross_race
2589,2892,0.002039900785905324,1,1,same_race
4222,6104,0.0012226781839016487,0,1,cross_race
1648,6270,0.0,1,0,cross_race
1648,3303,0.0,1,1,same_race
1648,2029,0.0011954337149834293,1,1,same_race
1648,1768,0.0011954337149834293,1,1,same_race
1648,2940,0.0011954337149834293,1,1,same_race
2031,2681,0.013701707101560046,1,1,same_race
2031,4644,0.03480053078993861,1,1,same_race
2031,6785,0.03581992507907372,1,1,same_race
2031,3877,0.05279129473798039,1,1,same_race
3743,4901,0.0016622215050706712,1,1,same_race
3743,5578,0.09410121491387236,1,0,cross_race
1463,4218,1.1102230246251565e-16,1,1,same_race
1463,4842,0.0014532335821563214,1,1,same_race
1463,4897,0.0014532335821563214,1,1,same_race
1463,2709,0.006308010421818833,1,1,same_race
1239,3034,0.0,1,0,cross_race
1239,5861,0.0,1,1,same_race
1239,4903,0.0,1,0,cross_race
3221,6210,0.0006365827359617882,1,1,same_race
3221,3833,0.007394420136126123,1,0,cross_race
11,1911,0.0008401711939614032,1,1,same_race
11,1890,0.007738692959489479,1,1,same_race
11,1228,0.007738692959489479,1,1,same_race
11,4416,0.007738692959489479,1,1,same_race
4453,4776,0.0031956927110660116,0,1,cross_race
2274,4453,0.001042727438646085,1,0,cross_race
2274,5216,0.001042727438646085,1,1,same_race
2274,2294,0.001042727438646085,1,1,same_race
32,3771,0.003757424179048119,1,1,same_race
32,3111,0.013257436644364073,1,0,cross_race
32,1790,0.020168861128001092,1,0,cross_race
32,5744,0.02211541755947466,1,0,cross_race
32,4727,0.02211541755947466,1,1,same_race
4628,6265,0.014042156530744587,0,1,cross_race
4628,5108,0.025037306810828275,0,0,same_race
4628,6375,0.02609277788429798,0,1,cross_race
4628,5483,0.028926093001908182,0,0,same_race
2556,4758,0.0,0,0,same_race
2556,2562,0.0009970579765780085,0,1,cross_race
2556,3328,0.004520538768119642,0,1,cross_race
2556,3637,0.004520538768119642,0,1,cross_race
3820,5276,0.004987010291234384,1,1,same_race
3820,4545,0.006928757409823794,1,1,same_race
3820,4624,0.006928757409823794,1,0,cross_race
3820,6246,0.00988327126720645,1,1,same_race
4334,6523,0.0,1,0,cross_race
2551,2575,2.220446049250313e-16,1,1,same_race
2551,6009,0.00042817110120008106,1,0,cross_race
2551,2890,0.00042817110120008106,1,0,cross_race
2551,5355,0.00042817110120008106,1,1,same_race
1212,5747,1.1102230246251565e-16,0,0,same_race
1212,6008,1.1102230246251565e-16,0,0,same_race
1212,6546,1.1102230246251565e-16,0,1,cross_race
1212,6642,1.1102230246251565e-16,0,1,cross_race
1212,4713,1.1102230246251565e-16,0,1,cross_race
2540,6328,0.0,1,0,cross_race
2540,3278,0.0009021742315438175,1,0,cross_race
2540,3342,0.0009021742315438175,1,1,same_race
5008,5786,0.002560442179216582,1,0,cross_race
4343,6068,0.0,1,0,cross_race
4343,6628,0.0,1,1,same_race
4343,5082,0.0,1,1,same_race
2394,4343,0.0,1,1,same_race
2394,6068,0.0,1,0,cross_race
2394,6628,0.0,1,1,same_race
2394,5082,0.0,1,1,same_race
1668,7170,0.0,0,1,cross_race
1668,1680,0.0,0,0,same_race
1668,5479,0.0,0,1,cross_race
5884,6765,0.00518887947970903,0,1,cross_race
2806,6885,0.0,1,0,cross_race
3015,3743,0.07014409202522875,1,1,same_race
3015,4901,0.08141021068475118,1,1,same_race
1137,4518,0.0005070606354133922,1,1,same_race
1137,3969,0.0005070606354133922,1,1,same_race
1137,3936,0.0005070606354133922,1,1,same_race
1137,6295,0.0005070606354133922,1,0,cross_race
1137,3572,0.0005330522845419239,1,0,cross_race
1620,6785,0.004250341433516658,1,1,same_race
1620,5189,0.005393456753952197,1,1,same_race
1620,2155,0.02392418011100117,1,0,cross_race
1175,4745,0.00041032932196838345,1,1,same_race
1175,6532,0.00041032932196838345,1,1,same_race
1175,1861,0.00041032932196838345,1,1,same_race
1175,5725,0.0004287645151026531,1,0,cross_race
1175,3176,0.0004287645151026531,1,1,same_race
5077,6758,0.004847405992379317,1,1,same_race
5077,5237,0.029779856617300426,1,0,cross_race
5676,6159,0.002364347580264825,1,0,cross_race
459,4113,0.0018523829071762643,0,0,same_race
459,4721,0.0018523829071762643,0,1,cross_race
459,5364,0.0018523829071762643,0,1,cross_race
459,3192,0.0018523829071762643,0,1,cross_race
3002,3071,0.0013181240057302812,0,0,same_race
3002,4935,0.0013181240057302812,0,1,cross_race
3002,6644,0.0013181240057302812,0,0,same_race
3002,6802,0.0013181240057302812,0,0,same_race
6332,7155,0.012962400058200374,0,0,same_race
5189,6785,0.019173596639257995,1,1,same_race
2369,6971,0.009076940083988516,1,0,cross_race
2369,5156,0.009255834754740122,1,1,same_race
2369,5493,0.027780554267079594,1,0,cross_race
2369,3076,0.03332999924495372,1,0,cross_race
65,2663,0.0024268056135247074,1,0,cross_race
65,6723,0.0024268056135247074,1,0,cross_race
65,2402,0.0024268056135247074,1,1,same_race
65,3111,0.002792345216617087,1,0,cross_race
65,1906,0.008989751737486174,1,1,same_race
2579,5361,0.0012627940948876093,0,0,same_race
2579,4773,0.0012627940948876093,0,0,same_race
2579,3002,0.0012967850790872593,0,0,same_race
2579,4392,0.004957415063741366,0,0,same_race
2579,4516,0.004957415063741366,0,0,same_race
2566,2974,0.0,1,1,same_race
2566,3264,0.004221500464499539,1,1,same_race
2566,3818,0.010115174233194302,1,1,same_race
2566,4699,0.017212212903605417,1,1,same_race
2758,4386,0.017481042593376128,1,1,same_race
2758,6194,0.08117435659491079,1,1,same_race
5142,5265,0.014510376921235468,1,1,same_race
1912,6742,0.0016023989362472513,1,1,same_race
1912,5962,0.00514371512551326,1,1,same_race
1912,5401,0.006867959222135345,1,1,same_race
1912,6634,0.007888000664598382,1,1,same_race
4212,4617,0.00046811000196833596,1,0,cross_race
4212,5842,0.0017803784063835648,1,0,cross_race
2288,2649,0.000934747150366233,1,0,cross_race
2288,4998,0.00268308122110561,1,0,cross_race
2288,6247,0.002705077093376196,1,1,same_race
2288,4238,0.0034286074251956844,1,0,cross_race
1260,4924,0.0,1,1,same_race
1260,3594,0.0,1,0,cross_race
1260,2810,0.0,1,0,cross_race
1260,1938,0.0,1,0,cross_race
2264,2467,0.011693424882682435,1,1,same_race
2264,2766,0.03330859649112894,1,1,same_race
2264,3147,0.04704100083912188,1,0,cross_race
1699,5672,0.005065995413623847,0,1,cross_race
1699,4283,0.007297975232849696,0,1,cross_race
1699,4355,0.007386865196221115,0,1,cross_race
1699,4123,0.01085658823823954,0,0,same_race
631,4307,0.0,0,0,same_race
631,2940,0.0,0,1,cross_race
631,2029,0.0,0,1,cross_race
631,1768,0.0,0,1,cross_race
631,6270,0.0011954337149834293,0,0,same_race
4903,5861,0.0,0,1,cross_race
1681,7109,0.0006949735398877888,0,1,cross_race
1681,3570,0.0007131367650146103,0,0,same_race
1681,3327,0.0007131367650146103,0,0,same_race
1681,6618,0.006394579137831591,0,1,cross_race
2904,4962,0.0014229362875093354,0,0,same_race
2904,4765,0.0031826729272335097,0,0,same_race
2904,6906,0.005163118323963434,0,0,same_race
3390,6832,0.0,1,1,same_race
3390,4220,0.0,1,1,same_race
3390,3930,0.0,1,1,same_race
6508,7050,0.0012978156712823985,0,0,same_race
6508,6820,0.003335027952717229,0,0,same_race
4785,6592,2.220446049250313e-16,1,1,same_race
4785,4841,0.0038571960575486397,1,1,same_race
6184,7120,0.0,1,0,cross_race
1473,3741,0.014414706306663305,1,1,same_race
1473,5643,0.020077410755772296,1,1,same_race
1473,5705,0.024237762759280357,1,0,cross_race
2273,2579,0.006815711937933733,0,0,same_race
2273,4773,0.007708267685391346,0,0,same_race
2273,5361,0.007708267685391346,0,0,same_race
4272,4405,0.0,1,0,cross_race
4272,6912,0.0005802549050819561,1,1,same_race
4272,4320,0.0006064972982940953,1,1,same_race
4272,5457,0.0022652857527609704,1,0,cross_race
6221,6569,0.0016576738183718964,0,0,same_race
1787,3789,0.0,0,1,cross_race
1787,4930,0.0,0,1,cross_race
1787,2984,0.0,0,0,same_race
1787,6343,0.0,0,1,cross_race
1640,6806,1.1102230246251565e-16,0,0,same_race
1640,3498,0.00041749874587060365,0,0,same_race
1640,6496,0.011689903403716229,0,0,same_race
1640,2930,0.07373155712847701,0,1,cross_race
2864,5747,1.1102230246251565e-16,1,0,cross_race
2864,6008,1.1102230246251565e-16,1,0,cross_race
2864,6546,1.1102230246251565e-16,1,1,same_race
2864,6642,1.1102230246251565e-16,1,1,same_race
2864,4713,1.1102230246251565e-16,1,1,same_race
5233,6194,0.13921242913819043,0,1,cross_race
6858,7050,0.02181075713551528,1,0,cross_race
3870,7088,0.003604354610178939,0,1,cross_race
3103,7170,0.0,1,1,same_race
3103,5479,0.0,1,1,same_race
2200,5135,0.0020804579761067865,1,0,cross_race
2200,4672,0.0020804579761067865,1,0,cross_race
2200,5386,0.0023384780051444176,1,0,cross_race
2200,2276,0.0023384780051444176,1,0,cross_race
2200,5907,0.0023384780051444176,1,1,same_race
2822,7181,0.004861876774723051,1,1,same_race
2822,5253,0.006322405793745545,1,1,same_race
2822,6182,0.006322405793745545,1,0,cross_race
2822,5493,0.006647140791088857,1,0,cross_race
1890,4187,0.0,1,1,same_race
1890,5856,0.0,1,1,same_race
1890,4416,0.0,1,1,same_race
3629,7129,0.0035621246236011705,1,0,cross_race
3629,5457,0.0035621246236011705,1,0,cross_race
6587,6855,0.0,0,1,cross_race
3158,6235,0.0028669126915803478,1,0,cross_race
3158,5129,0.002939881724629334,1,0,cross_race
3158,3365,0.0033080328129209136,1,0,cross_race
3158,6578,0.005899710225331534,1,1,same_race
3499,6803,0.0007635016052223165,1,1,same_race
3499,6770,0.0007635016052223165,1,0,cross_race
3499,3530,0.0007635016052223165,1,1,same_race
4038,4232,1.1102230246251565e-16,1,1,same_race
4038,5617,0.004085036226186944,1,1,same_race
3509,6263,0.0008249628198484515,1,0,cross_race
3509,5262,0.002893417729518677,1,0,cross_race
1256,1968,0.00015264814217719191,0,0,same_race
1256,6319,0.00015264814217719191,0,0,same_race
1256,7044,0.003970924092167927,0,1,cross_race
1256,3668,0.0039947075067524596,0,0,same_race
1256,4674,0.004854199060473352,0,1,cross_race
4011,5807,0.00276946073270512,0,1,cross_race
4011,4355,0.011363434126385075,0,1,cross_race
2346,5960,0.004159097790779498,1,1,same_race
2346,7033,0.004159097790779498,1,1,same_race
2346,6709,0.004244771257560287,1,1,same_race
5443,6454,0.010213974698333739,1,1,same_race
5443,6679,0.04358151874105376,1,1,same_race
5443,6515,0.05410535736259936,1,1,same_race
357,3330,0.0005184010774060832,1,0,cross_race
357,539,0.02509697862660898,1,0,cross_race
357,6496,0.060069549584786386,1,0,cross_race
357,1105,0.06816819893182091,1,0,cross_race
6644,6802,0.0,0,0,same_race
6644,6736,0.0,0,1,cross_race
1005,4644,0.0025377614013905037,1,1,same_race
1005,2681,0.006196086283253743,1,1,same_race
1005,6785,0.01965752366915241,1,1,same_race
1005,2031,0.020527184180991975,1,1,same_race
1005,1620,0.03571545412333488,1,1,same_race
10,4790,0.0,0,0,same_race
10,3543,0.0,0,1,cross_race
10,3835,0.0,0,1,cross_race
10,2787,0.0,0,0,same_race
3436,4691,0.0028841370624270724,1,1,same_race
3436,6605,0.0044514662088657175,1,0,cross_race
3436,4120,0.004496330744130028,1,0,cross_race
1459,5592,0.0023402719446594666,0,1,cross_race
1459,3967,0.0025818335021899896,0,1,cross_race
1459,6329,0.0025818335021899896,0,1,cross_race
1459,5401,0.008839369945604303,0,1,cross_race
2172,5579,0.0,1,1,same_race
2172,6002,0.0,1,1,same_race
2172,4492,0.0,1,0,cross_race
2172,4902,0.0,1,0,cross_race
2172,2737,0.0,1,1,same_race
856,6160,0.0,0,0,same_race
856,2493,0.0,0,1,cross_race
856,6617,0.0,0,0,same_race
856,3816,0.0009721563224459606,0,0,same_race
6160,6617,0.0,0,0,same_race
6008,6546,1.1102230246251565e-16,0,1,cross_race
6008,6642,1.1102230246251565e-16,0,1,cross_race
2544,3816,0.0,1,0,cross_race
2544,6160,0.0009721563224459606,1,0,cross_race
2544,6617,0.0009721563224459606,1,0,cross_race
5761,6634,0.0,0,1,cross_race
5761,5936,0.005196692544662818,0,0,same_race
5659,6104,0.0012226781839016487,1,1,same_race
6515,6679,0.01877495197588508,1,1,same_race
4813,5290,0.0,1,0,cross_race
6375,6532,0.0026283501175933255,1,1,same_race
3122,3247,0.0027615522209778476,0,1,cross_race
3122,5738,0.01316126571955134,0,0,same_race
3122,6467,0.018510933512753014,0,0,same_race
816,6900,0.000609288856563972,1,1,same_race
816,5617,0.002262637852690097,1,1,same_race
816,2795,0.004101534668905948,1,1,same_race
816,4038,0.006999368003581696,1,1,same_race
816,4232,0.006999368003581696,1,1,same_race
4145,4416,0.007738692959489479,0,1,cross_race
3266,3784,0.0,0,0,same_race
3266,3366,0.0,0,1,cross_race
3564,6592,2.220446049250313e-16,0,1,cross_race
3564,4841,0.0038571960575486397,0,1,cross_race
887,4045,0.0005346095055784872,0,0,same_race
887,4851,0.005811742081889282,0,1,cross_race
887,6553,0.005811742081889282,0,0,same_race
1887,2011,0.0,0,1,cross_race
1661,2271,0.08894162687172924,1,1,same_race
1661,2821,0.14172167761742183,1,1,same_race
1661,5131,0.21558093252365151,1,1,same_race
4518,6295,1.1102230246251565e-16,1,0,cross_race
4518,5642,0.00048070519939824585,1,1,same_race
2152,4298,0.0005824584107519959,0,1,cross_race
2152,5984,0.0005824584107519959,0,0,same_race
2152,3572,0.002280643047470665,0,0,same_race
2152,4823,0.002280643047470665,0,1,cross_race
1338,4136,2.220446049250313e-16,1,0,cross_race
1338,3231,0.0004578172560990579,1,1,same_race
1338,4914,0.0004578172560990579,1,0,cross_race
1338,5099,0.0018919798186676218,1,1,same_race
1338,2208,0.0018919798186676218,1,1,same_race
4435,6316,0.0025998041019976714,0,0,same_race
4435,7133,0.004165044393340311,0,1,cross_race
6068,6628,0.0,0,1,cross_race
4232,5617,0.004085036226186944,1,1,same_race
1461,5626,0.004148412559875414,1,0,cross_race
1461,5960,0.004224082906200244,1,1,same_race
1461,7033,0.004224082906200244,1,1,same_race
1461,6344,0.00454232791472875,1,1,same_race
4268,6075,0.0031058830576744523,0,1,cross_race
268,3150,0.002962347106452601,1,1,same_race
268,4355,0.0042848284093267575,1,1,same_race
268,602,0.004701709747618965,1,1,same_race
268,3526,0.005035247785389996,1,0,cross_race
268,1286,0.00669923380711801,1,1,same_race
6560,6810,0.0049460932312856976,1,1,same_race
2208,5099,0.0,1,1,same_race
2208,3231,0.000488647558409272,1,1,same_race
2208,4914,0.000488647558409272,1,0,cross_race
2208,4136,0.0018919798186676218,1,0,cross_race
2259,6659,1.1102230246251565e-16,0,0,same_race
2259,3884,0.0005484655061446242,0,0,same_race
2259,5372,0.000633292868222779,0,0,same_race
3118,6658,0.0011942248224452445,0,1,cross_race
3118,3620,0.0014417322166326851,0,0,same_race
3118,5578,0.0030786326126066577,0,0,same_race
1319,1610,0.0,0,1,cross_race
1319,2874,0.0,0,1,cross_race
1319,4638,0.0032201119083390406,0,0,same_race
1319,2190,0.0032201119083390406,0,1,cross_race
3771,5705,0.015807744195925344,1,0,cross_race
3771,3926,0.020731230354025354,1,0,cross_race
3771,4778,0.022794318551265125,1,1,same_race
3972,6257,0.003982296556394149,0,1,cross_race
3176,4404,0.0004466955905981784,1,1,same_race
3176,6788,0.0004466955905981784,1,1,same_race
3191,3327,0.004967001518458525,1,0,cross_race
3191,3570,0.004967001518458525,1,0,cross_race
3191,6730,0.005075926277610443,1,1,same_race
5900,6053,0.00021907486540229115,1,0,cross_race
5900,6841,0.00021907486540229115,1,0,cross_race
3928,5719,0.0004621964854349958,0,1,cross_race
3928,6184,0.0004621964854349958,0,1,cross_race
3928,4253,0.0004621964854349958,0,0,same_race
4127,6433,0.0036346503321896817,0,1,cross_race
4127,4663,0.013131643061819687,0,1,cross_race
4127,5412,0.014001011758779325,0,0,same_race
4127,5117,0.014855858165900848,0,1,cross_race
3671,3688,0.002200355692669964,1,0,cross_race
3671,6043,0.002200355692669964,1,0,cross_race
3671,3775,0.002357322448392596,1,0,cross_race
1718,3669,1.1102230246251565e-16,1,0,cross_race
1718,4412,0.002964635160953133,1,0,cross_race
1718,2253,0.0033467710306911425,1,1,same_race
1624,3327,4.440892098500626e-16,1,0,cross_race
1624,1681,0.0007131367650146103,1,0,cross_race
1624,7109,0.0028151121975298343,1,1,same_race
1624,2248,0.0029309811993216695,1,0,cross_race
4404,6788,0.0,1,1,same_race
4404,5725,0.0004466955905981784,1,0,cross_race
4404,6696,0.0004638969249501912,1,1,same_race
2954,5117,0.004518819946538799,1,1,same_race
2954,3185,0.0046461074658114,1,1,same_race
2954,5073,0.0051567642744994036,1,1,same_race
2954,3629,0.005968213158173086,1,1,same_race
2696,3748,1.1102230246251565e-16,0,0,same_race
2696,6820,0.0031839750837066028,0,0,same_race
2696,6508,0.003554395005007538,0,0,same_race
2696,6479,0.004625650615709631,0,0,same_race
2892,6221,0.0018500380219020895,1,0,cross_race
2892,5322,0.0018500380219020895,1,0,cross_race
1595,3141,0.09942622039512328,1,1,same_race
1595,2469,0.10901594877619836,1,1,same_race
1595,5131,0.11334337417669715,1,1,same_race
1595,2771,0.11928733754929566,1,0,cross_race
2562,4758,0.0009970579765780085,1,0,cross_race
2562,3328,0.009753282780165629,1,1,same_race
649,6467,1.1102230246251565e-16,0,0,same_race
649,2074,0.002927488704280279,0,0,same_race
649,3672,0.002927488704280279,0,0,same_race
764,6578,0.0,1,1,same_race
764,4247,0.0003280470112638767,1,0,cross_race
764,5129,0.0011821173917141437,1,0,cross_race
764,3158,0.005899710225331534,1,1,same_race
764,6458,0.009364716912637627,1,1,same_race
4656,5666,0.001567734289888989,1,1,same_race
402,865,0.0,0,1,cross_race
402,2011,0.0,0,1,cross_race
402,1619,0.0,0,1,cross_race
402,1876,0.0,0,1,cross_race
1273,2500,3.3306690738754696e-16,1,0,cross_race
1273,5322,3.3306690738754696e-16,1,0,cross_race
1273,6569,0.0016576738183718964,1,0,cross_race
1273,3403,0.0016576738183718964,1,0,cross_race
2977,6647,0.0,1,1,same_race
2977,4200,0.0023715132789950966,1,1,same_race
2977,6851,0.0023715132789950966,1,0,cross_race
1111,3278,2.220446049250313e-16,1,0,cross_race
1111,5169,2.220446049250313e-16,1,1,same_race
1111,3342,2.220446049250313e-16,1,1,same_race
1111,1846,0.0008319886440301127,1,1,same_race
2886,3522,0.0,0,1,cross_race
2886,6614,0.001319534610900619,0,0,same_race
2886,6311,0.001319534610900619,0,0,same_race
2886,3071,0.001325827876978769,0,0,same_race
2886,6736,0.001325827876978769,0,1,cross_race
5374,7170,0.0,1,1,same_race
5374,5479,0.0,1,1,same_race
2276,5386,1.1102230246251565e-16,0,0,same_race
2276,5907,1.1102230246251565e-16,0,1,cross_race
2276,2580,0.0025875345597802246,0,1,cross_race
2276,4672,0.008820594149914873,0,0,same_race
405,1805,0.0011341906190053264,1,1,same_race
405,6810,0.003412649855840999,1,1,same_race
405,1713,0.003412649855840999,1,1,same_race
405,2496,0.004884231087419644,1,1,same_race
4355,5807,0.0029213622049895083,1,1,same_race
2933,5204,0.009728983569644023,1,1,same_race
2933,6506,0.009728983569644023,1,0,cross_race
2933,7189,0.010551517478039396,1,1,same_race
5117,6433,0.0038081329231435257,1,1,same_race
3105,4688,0.0008562823733678782,1,1,same_race
3105,3120,0.0010240129952930888,1,0,cross_race
3289,5265,0.058501136502655315,1,1,same_race
3289,5142,0.062440525265115454,1,1,same_race
2580,5907,0.0025875345597802246,1,1,same_race
2580,5386,0.0025875345597802246,1,0,cross_race
2580,3671,0.01126716559705443,1,1,same_race
4731,7145,0.03396191875174204,1,0,cross_race
4731,5023,0.035346844859352355,1,1,same_race
1813,5265,0.006674914109494279,1,1,same_race
1813,5142,0.010682571555698406,1,1,same_race
1813,2150,0.035371613062296414,1,1,same_race
1813,2822,0.04823514302283971,1,1,same_race
5580,7145,0.06825697752896687,1,0,cross_race
2402,6723,2.220446049250313e-16,1,0,cross_race
865,2011,0.0,1,1,same_race
865,1619,0.0,1,1,same_race
865,1876,0.0,1,1,same_race
95,6467,1.1102230246251565e-16,0,0,same_race
95,649,1.1102230246251565e-16,0,0,same_race
95,2074,0.002927488704280279,0,0,same_race
95,3672,0.002927488704280279,0,0,same_race
3990,6091,0.01919779904149721,1,0,cross_race
1267,6263,0.0,0,0,same_race
1267,1380,0.0,0,0,same_race
1267,3509,0.0008249628198484515,0,1,cross_race
1267,2602,0.0037182358443288432,0,0,same_race
1301,4343,0.0,0,1,cross_race
1301,2394,0.0,0,1,cross_race
1301,6068,0.0,0,0,same_race
1301,6628,0.0,0,1,cross_race
1301,5082,0.0,0,1,cross_race
1192,7049,0.0006440043244345661,0,1,cross_race
1192,3175,0.0006595352850303771,0,1,cross_race
1192,3053,0.0026620570576050273,0,0,same_race
1192,2152,0.00561877130558841,0,0,same_race
1911,4145,0.0008401711939614032,1,0,cross_race
1911,4416,0.006750375824610022,1,1,same_race
6510,6935,0.023018558654768317,1,1,same_race
6454,6679,0.01186656299794131,1,1,same_race
6454,6515,0.025567199292218845,1,1,same_race
902,3789,0.0,1,1,same_race
902,4930,0.0,1,1,same_race
902,2984,0.0,1,0,cross_race
902,6343,0.0,1,1,same_race
902,1787,0.0,1,0,cross_race
6319,7044,0.005000227911212463,0,1,cross_race
4545,4624,0.0,1,0,cross_race
4545,6246,0.0005342358663529279,1,1,same_race
4545,5276,0.0005733507295815343,1,1,same_race
3818,5542,0.014771980940646912,1,0,cross_race
2766,5412,0.013254065301309903,1,0,cross_race
2766,4582,0.03883963409570179,1,1,same_race
2766,4127,0.04618628876673525,1,0,cross_race
4362,5166,0.000543415572639705,1,1,same_race
4362,4713,0.0006359825328914326,1,1,same_race
4362,5747,0.0006359825328914326,1,0,cross_race
1952,2448,0.0,0,1,cross_race
1952,5536,0.0,0,1,cross_race
1952,3789,0.0025657803042890004,0,1,cross_race
3036,5128,0.0034582208804844194,1,1,same_race
2476,4453,0.001042727438646085,0,0,same_race
2476,5216,0.001042727438646085,0,1,cross_race
720,2234,3.3306690738754696e-16,0,0,same_race
720,3087,3.3306690738754696e-16,0,1,cross_race
720,6553,0.0005770330371386301,0,0,same_race
720,4851,0.0005770330371386301,0,1,cross_race
2500,5322,3.3306690738754696e-16,0,0,same_race
2500,6569,0.0016576738183718964,0,0,same_race
2500,3403,0.0016576738183718964,0,0,same_race
6850,7170,0.0,1,1,same_race
1469,7145,0.11781409253189168,1,0,cross_race
1469,6670,0.15596076328072983,1,1,same_race
1469,5023,0.16459650642953294,1,1,same_race
6357,6510,0.21591922154955967,0,1,cross_race
3841,6382,0.003070798579524081,1,1,same_race
4231,6477,0.0067833645243089435,1,0,cross_race
4231,6529,0.007783384341576327,1,1,same_race
1502,6382,0.0025540213326915584,0,1,cross_race
1502,3841,0.008531471898432397,0,1,cross_race
1502,2391,0.00883104133003998,0,1,cross_race
3898,4082,0.00550228159587729,0,0,same_race
3898,5156,0.009667299524607542,0,1,cross_race
3898,4895,0.010944424512570938,0,1,cross_race
811,2776,0.0,1,1,same_race
811,5685,0.0025202068189144056,1,1,same_race
811,3523,0.009913294862146982,1,0,cross_race
811,5114,0.01013491372609654,1,1,same_race
4375,4416,0.0009114585051946955,0,1,cross_race
5706,6454,0.10482535292496353,1,1,same_race
5706,6515,0.1137632487464536,1,1,same_race
5183,7050,0.0,1,0,cross_race
5183,6508,0.0012978156712823985,1,0,cross_race
5183,5892,0.0025261352398480152,1,0,cross_race
2179,2274,0.005452859875365479,1,1,same_race
2179,2476,0.005452859875365479,1,0,cross_race
2179,4834,0.007678245824112251,1,0,cross_race
5010,5363,0.0030172658510414507,1,0,cross_race
5010,5407,0.005130855234804388,1,1,same_race
5197,5579,0.0,1,1,same_race
5197,6002,0.0,1,1,same_race
4834,6050,0.0024316459431806825,0,0,same_race
4834,6074,0.007678245824112251,0,1,cross_race
1044,2625,0.0016044733993076932,1,0,cross_race
1044,2660,0.01081595602920582,1,1,same_race
1044,4510,0.010932718054151969,1,0,cross_race
1044,5310,0.015348215777884588,1,1,same_race
3203,6000,0.14262581515087713,1,1,same_race
1228,1890,0.0,1,1,same_race
1228,4187,0.0,1,1,same_race
1228,5856,0.0,1,1,same_race
1228,4416,0.0,1,1,same_race
2787,4790,0.0,0,0,same_race
2787,3543,0.0,0,1,cross_race
2787,3835,0.0,0,1,cross_race
4315,6254,0.017471079159543046,0,1,cross_race
4315,6658,0.027826678142188088,0,1,cross_race
1143,2904,0.00016881371539867462,0,0,same_race
1143,4962,0.0006116730750698185,0,0,same_race
1143,6906,0.003466354873049471,0,0,same_race
1143,4765,0.004815706780540663,0,0,same_race
3598,6309,0.0004776277893198122,1,1,same_race
3598,3629,0.002088138218961033,1,1,same_race
3598,5073,0.003973202420023747,1,1,same_race
780,6832,0.0,0,1,cross_race
780,4220,0.0,0,1,cross_race
780,3930,0.0,0,1,cross_race
780,3390,0.0,0,1,cross_race
3087,6553,0.0005770330371386301,1,0,cross_race
3087,4851,0.0005770330371386301,1,1,same_race
5135,5752,0.00681818752134844,0,0,same_race
5135,5333,0.00681818752134844,0,1,cross_race
5135,5386,0.008820594149914873,0,0,same_race
473,5204,0.0014584566582761527,1,1,same_race
473,821,0.0014584566582761527,1,0,cross_race
473,6506,0.0014584566582761527,1,0,cross_race
473,2273,0.0057407825872142215,1,0,cross_race
473,2848,0.0057407825872142215,1,1,same_race
1489,7141,0.0047546727547993495,1,0,cross_race
1489,4623,0.021804455806470613,1,1,same_race
1489,2283,0.025528279832464196,1,1,same_race
1489,4644,0.027993150119375976,1,1,same_race
1489,1620,0.03453089944575194,1,1,same_race
6614,6692,0.0012995402767975728,0,1,cross_race
3594,4924,0.0,0,1,cross_race
6496,6806,0.011689903403716229,0,0,same_race
3076,5627,0.006632327122824688,0,1,cross_race
3076,4107,0.006632327122824688,0,0,same_race
3076,3610,0.006632327122824688,0,1,cross_race
3076,4895,0.01197744261675826,0,1,cross_race
387,4424,1.1102230246251565e-16,1,0,cross_race
387,2291,0.00361609142108843,1,0,cross_race
387,3036,0.00361609142108843,1,1,same_race
387,1778,0.003674752972670725,1,1,same_race
387,1319,0.014121849255962493,1,0,cross_race
3247,6766,0.018413054653427574,1,1,same_race
3182,6832,0.0,0,1,cross_race
3182,4220,0.0,0,1,cross_race
3182,3930,0.0,0,1,cross_race
3182,3390,0.0,0,1,cross_race
3522,6614,0.001319534610900619,1,0,cross_race
3522,6311,0.001319534610900619,1,0,cross_race
3522,6736,0.001325827876978769,1,1,same_race
2930,6496,0.07171330680159937,1,0,cross_race
2930,6806,0.07373155712847701,1,0,cross_race
2215,2391,0.005696245583918569,1,1,same_race
2215,6382,0.007866550000614203,1,1,same_race
2215,3841,0.009856190910146001,1,1,same_race
4187,5856,0.0,1,1,same_race
4187,4416,0.0,1,1,same_race
1420,4895,0.0,0,1,cross_race
1420,2602,0.00610519842217605,0,0,same_race
1420,6263,0.008187765170259098,0,0,same_race
657,4545,0.004111983927151175,1,1,same_race
657,4624,0.004111983927151175,1,0,cross_race
657,6246,0.004433732409969027,1,1,same_race
657,5276,0.004900827921220263,1,1,same_race
657,2135,0.01586823252898162,1,1,same_race
4238,4998,0.0001238498570184099,0,0,same_race
4238,6247,0.00028841313112160094,0,1,cross_race
4238,5699,0.005883167560435054,0,1,cross_race
4238,4804,0.005883167560435054,0,1,cross_race
3439,3859,0.001042033253136343,1,1,same_race
3439,5861,0.001042033253136343,1,1,same_race
3884,6833,0.00047535419900546216,0,0,same_race
3884,6659,0.0005484655061446242,0,0,same_race
3884,6829,0.0005484655061446242,0,0,same_race
1579,6160,0.0,0,0,same_race
1579,2493,0.0,0,1,cross_race
1579,6617,0.0,0,0,same_race
1579,3816,0.0009721563224459606,0,0,same_race
1680,7170,0.0,0,1,cross_race
1680,5479,0.0,0,1,cross_race
4556,6458,0.013361116485140823,0,1,cross_race
5129,6578,0.0011821173917141437,0,1,cross_race
1632,7170,0.0,0,1,cross_race
1632,1668,0.0,0,0,same_race
1632,1680,0.0,0,0,same_race
1632,5479,0.0,0,1,cross_race
819,6936,0.001519368969508772,1,1,same_race
819,5310,0.0015467979984384872,1,1,same_race
819,4863,0.013198140308252615,1,1,same_race
819,2155,0.013205910863974823,1,0,cross_race
819,2625,0.015236737214185059,1,0,cross_race
5166,6546,0.0023544656905118977,1,1,same_race
5166,5747,0.0023544656905118977,1,0,cross_race
2067,3784,0.0,1,0,cross_race
2067,3366,0.0,1,1,same_race
2067,3266,0.0,1,0,cross_race
248,5265,1.1102230246251565e-16,0,1,cross_race
248,1813,0.006674914109494279,0,1,cross_race
248,5142,0.014510376921235468,0,1,cross_race
248,7181,0.04027483296660994,0,1,cross_race
248,2822,0.044206055857913706,0,1,cross_race
2378,7170,0.0,1,1,same_race
2378,5479,0.0,1,1,same_race
5483,5737,0.0004790166599363266,0,0,same_race
5483,6788,0.0027945968884894867,0,1,cross_race
5483,6265,0.0029638552391522133,0,1,cross_race
5483,5725,0.0030490890855056074,0,0,same_race
1299,3489,0.0008419278753266646,1,0,cross_race
1299,6846,0.007211569276599938,1,1,same_race
1299,5069,0.01042615586472373,1,1,same_race
1164,5229,0.07990839030239805,1,0,cross_race
1164,5237,0.08393502776486428,1,0,cross_race
1164,1836,0.12011307971104135,1,1,same_race
1164,3340,0.12788505476585876,1,1,same_race
192,4082,0.0014750274380760375,1,0,cross_race
192,6241,0.0015217601614027076,1,1,same_race
192,2848,0.00801108804832218,1,1,same_race
192,2273,0.00801108804832218,1,0,cross_race
2877,3133,0.0,1,1,same_race
2877,3816,0.001116683260603435,1,0,cross_race
6647,6851,0.0023715132789950966,1,0,cross_race
1187,6265,0.00353591703166678,0,1,cross_race
1187,4628,0.0073320276185934175,0,0,same_race
1187,5737,0.012280740907749887,0,0,same_race
1187,5483,0.012483210069627826,0,0,same_race
1187,4197,0.01694498366987307,0,1,cross_race
4998,6247,0.0005262257247473645,0,1,cross_race
4998,5699,0.004404893155343537,0,1,cross_race
5082,6068,0.0,1,0,cross_race
5082,6628,0.0,1,1,same_race
2679,2758,0.029088388041708102,1,1,same_race
2679,6194,0.03698679587305209,1,1,same_race
2679,4386,0.0489602682505057,1,1,same_race
2679,5611,0.06161880988849022,1,1,same_race
2514,3295,1.1102230246251565e-16,1,0,cross_race
2514,6696,1.1102230246251565e-16,1,1,same_race
2514,6788,0.0004638969249501912,1,1,same_race
2514,4404,0.0004638969249501912,1,1,same_race
3340,3868,0.004775839078816735,1,1,same_race
3340,6758,0.007504510772137651,1,1,same_race
3340,5077,0.010117532012680508,1,1,same_race
3340,5237,0.0193237149735751,1,0,cross_race
5542,6091,0.01397742054341966,0,0,same_race
5250,6885,0.00463423101003968,1,0,cross_race
398,3221,0.0006450323550382109,1,1,same_race
398,1020,0.0018309583670009788,1,1,same_race
398,6210,0.002562381085906229,1,1,same_race
398,3833,0.0042466268846078625,1,0,cross_race
398,1899,0.005853811785768381,1,1,same_race
508,7155,0.0004296378964118164,0,0,same_race
508,1298,0.0014500890487880724,0,0,same_race
508,7038,0.0018199413833949185,0,0,same_race
508,1434,0.004336965910210933,0,1,cross_race
508,1966,0.005435987933197661,0,1,cross_race
5425,5676,3.3306690738754696e-16,1,1,same_race
5425,6159,0.002364347580264825,1,0,cross_race
2882,4181,0.00028029724071076956,0,0,same_race
2882,6707,0.002059928061350247,0,0,same_race
4003,5508,2.220446049250313e-16,1,1,same_race
2890,6009,1.1102230246251565e-16,0,0,same_race
2890,5355,1.1102230246251565e-16,0,1,cross_race
1724,3934,0.003248764141000504,1,1,same_race
1724,2754,0.0032649884058587597,1,1,same_race
1724,4140,0.008249247501491697,1,1,same_race
4247,6578,0.0003280470112638767,0,1,cross_race
4247,5129,0.002754762237757502,0,0,same_race
4247,6458,0.006192732410407409,0,1,cross_race
5984,6195,0.0005583160911791785,0,0,same_race
5936,6634,0.005196692544662818,0,1,cross_race
4692,5363,0.0055188429692930585,1,0,cross_race
4692,5407,0.012356663191684714,1,1,same_race
4692,4936,0.012449662252590143,1,1,same_race
2496,3459,0.006282764833243859,1,1,same_race
943,3702,0.002452784108723405,1,1,same_race
943,3534,0.00880423732377511,1,1,same_race
943,1885,0.01013491372609654,1,1,same_race
5672,6730,0.011025712003671417,1,1,same_race
561,3340,0.007063850524794746,1,1,same_race
561,3868,0.013421989799747402,1,1,same_race
561,6758,0.021031444891215445,1,1,same_race
561,5077,0.02197469847756528,1,1,same_race
561,5237,0.025511072062614826,1,0,cross_race
6134,7026,0.004108316122976019,1,1,same_race
432,2179,0.0,1,1,same_race
432,2274,0.005452859875365479,1,1,same_race
432,2476,0.005452859875365479,1,0,cross_race
432,4834,0.007678245824112251,1,0,cross_race
2649,4804,0.004776807260640892,0,1,cross_race
2649,5699,0.004776807260640892,0,1,cross_race
2649,4998,0.005264677714214794,0,0,same_race
4930,6343,0.0,1,1,same_race
1327,6375,0.22310107995558293,0,1,cross_race
1327,1861,0.22436640142762365,0,1,cross_race
1327,4745,0.22436640142762365,0,1,cross_race
1020,3833,0.001931784710989315,1,0,cross_race
1020,3221,0.0027498129710268326,1,1,same_race
1020,6210,0.0049364965426156315,1,1,same_race
3969,4518,1.1102230246251565e-16,1,1,same_race
3969,6295,1.1102230246251565e-16,1,0,cross_race
3969,5642,0.00048070519939824585,1,1,same_race
232,2602,0.0010351313253058603,1,0,cross_race
232,5352,0.001101698349950997,1,0,cross_race
232,3808,0.001101698349950997,1,0,cross_race
232,4392,0.004526511987897219,1,0,cross_race
232,4516,0.004526511987897219,1,0,cross_race
4672,5135,1.1102230246251565e-16,0,0,same_race
4672,5752,0.00681818752134844,0,0,same_race
4672,5333,0.00681818752134844,0,1,cross_race
4672,5386,0.008820594149914873,0,0,same_race
3715,4656,0.0032427282647153888,1,1,same_race
3715,5666,0.005550177014321145,1,1,same_race
3926,6329,0.02578574270311118,0,1,cross_race
2932,6134,0.0007322590734586409,1,1,same_race
2932,7026,0.0014644154434524381,1,1,same_race
754,5888,1.1102230246251565e-16,1,1,same_race
754,6132,0.0007376097883854404,1,0,cross_race
754,6499,0.0007376097883854404,1,1,same_race
1493,3203,0.05957867304393161,1,1,same_race
1493,6000,0.12598140048695794,1,1,same_race
1493,1836,0.17417413571352347,1,1,same_race
2396,6987,0.0,1,1,same_race
2396,3087,0.0006354189772401764,1,1,same_race
4369,5382,0.0,1,0,cross_race
3620,4231,0.001229735701501089,0,1,cross_race
3620,5578,0.00448769349668432,0,0,same_race
3620,6658,0.005065651605700605,0,1,cross_race
194,1805,0.0,1,1,same_race
194,405,0.0011341906190053264,1,1,same_race
194,2496,0.004002380015791673,1,1,same_race
194,1713,0.006224142812574773,1,1,same_race
194,6810,0.006224142812574773,1,1,same_race
6000,6330,0.11213074666713219,1,1,same_race
3569,4532,0.002830917697427493,0,0,same_race
3569,4517,0.010865795538739231,0,1,cross_race
3569,5676,0.010865795538739231,0,1,cross_race
2847,6587,0.0,0,0,same_race
2847,5904,0.0,0,1,cross_race
2847,6855,0.0,0,1,cross_race
5904,6587,0.0,1,0,cross_race
5904,6855,0.0,1,1,same_race
3192,5364,0.0,1,1,same_race
3192,3317,0.0,1,1,same_race
3192,4721,0.0,1,1,same_race
3192,6177,0.001612115603685682,1,1,same_race
1515,5189,0.0050884380538378515,1,1,same_race
1515,1620,0.009573457503051386,1,1,same_race
1515,2155,0.01266836929156745,1,0,cross_race
1515,6785,0.022509138480607982,1,1,same_race
1515,2150,0.024802573233658753,1,1,same_race
2677,4912,2.220446049250313e-16,0,0,same_race
2677,4256,2.220446049250313e-16,0,0,same_race
2677,5503,2.220446049250313e-16,0,1,cross_race
2677,7020,2.220446049250313e-16,0,1,cross_race
1222,3629,0.0005668110362510026,1,1,same_race
1222,1631,0.0022070246842096353,1,1,same_race
1222,6912,0.0036514603350490393,1,1,same_race
1222,5457,0.003981230132293123,1,0,cross_race
1222,7129,0.003981230132293123,1,0,cross_race
3368,5131,0.09078556589847309,1,1,same_race
3368,6194,0.15650376093648233,1,1,same_race
5719,7120,0.0,1,0,cross_race
238,459,0.0,0,0,same_race
238,4113,0.0018523829071762643,0,0,same_race
238,4721,0.0018523829071762643,0,1,cross_race
238,5364,0.0018523829071762643,0,1,cross_race
238,3192,0.0018523829071762643,0,1,cross_race
58,5613,0.0012445816854436131,0,1,cross_race
58,3912,0.002835842393247856,0,0,same_race
58,2823,0.0033446765085992647,0,1,cross_race
58,1096,0.0038485619588570774,0,0,same_race
58,1960,0.004414071885421866,0,1,cross_race
6097,6560,0.003351055576159112,1,1,same_race
6097,6810,0.004351590435226038,1,1,same_race
5493,6971,0.00880717660869701,0,0,same_race
5493,7038,0.011926227908079512,0,0,same_race
2855,3881,0.0,1,0,cross_race
2855,5449,0.008615923680420856,1,1,same_race
744,1556,0.0,1,0,cross_race
744,7170,0.0,1,1,same_race
744,1668,0.0,1,0,cross_race
744,1680,0.0,1,0,cross_race
744,5479,0.0,1,1,same_race
6696,6788,0.0004638969249501912,1,1,same_race
205,2841,0.0,1,1,same_race
205,5980,0.0,1,1,same_race
205,2505,0.0014569551267413772,1,1,same_race
205,2085,0.0014569551267413772,1,1,same_race
205,6954,0.0014569551267413772,1,0,cross_race
237,1820,0.027012175785762094,1,0,cross_race
237,1105,0.05788381392644326,1,0,cross_race
237,357,0.07373129035379156,1,1,same_race
237,539,0.07373588082533156,1,0,cross_race
237,3330,0.08028734281382088,1,0,cross_race
3279,3573,0.07039868600905941,0,0,same_race
3279,6780,0.08023234838859983,0,0,same_race
3279,6529,0.1526694832271117,0,1,cross_race
3279,3653,0.15348853627685788,0,1,cross_race
4136,4914,0.0004578172560990579,0,0,same_race
4136,5099,0.0018919798186676218,0,1,cross_race
2729,4011,0.004847990794700219,0,0,same_race
2729,5807,0.0049326231844021295,0,1,cross_race
2729,3526,0.007103900479233816,0,0,same_race
2729,4123,0.007121769545197942,0,0,same_race
2729,4355,0.010756754162445481,0,1,cross_race
1454,3312,0.021354174438544815,0,1,cross_race
1454,3868,0.19102556577726926,0,1,cross_race
1454,3786,0.20486545128120326,0,1,cross_race
1454,3340,0.2081364244912307,0,1,cross_race
4517,5676,3.3306690738754696e-16,1,1,same_race
4517,5425,3.3306690738754696e-16,1,1,same_race
4517,6159,0.002364347580264825,1,0,cross_race
4517,4532,0.0026115869031166916,1,0,cross_race
1400,2264,0.008722145077370569,1,1,same_race
1400,2467,0.018670200041633223,1,1,same_race
1400,3147,0.07110220106238918,1,0,cross_race
2174,6765,0.00013917795987095083,0,1,cross_race
2174,5009,0.0005846833941361984,0,0,same_race
2174,2537,0.0005846833941361984,0,0,same_race
2174,2497,0.0005846833941361984,0,0,same_race
5253,6182,1.1102230246251565e-16,1,0,cross_race
5253,7181,0.0004223948476875794,1,1,same_race
5678,5900,3.3306690738754696e-16,0,1,cross_race
5678,6053,0.00021907486540229115,0,0,same_race
5678,6841,0.00021907486540229115,0,0,same_race
872,2838,0.0018305419734947481,0,0,same_race
872,5382,0.0018305419734947481,0,0,same_race
872,4369,0.0018305419734947481,0,1,cross_race
872,4819,0.0018305419734947481,0,0,same_race
872,3688,0.002021074000790102,0,0,same_race
2940,4307,0.0,1,0,cross_race
2940,6270,0.0011954337149834293,1,0,cross_race
3682,6507,0.0,0,1,cross_race
3682,4222,0.001266768609021418,0,0,same_race
2591,6833,0.005062244610563482,0,0,same_race
2591,3884,0.005247193813433082,0,0,same_race
1207,5648,0.0016417411347600108,1,1,same_race
1207,2245,0.0016417411347600108,1,1,same_race
1207,5508,0.0016417411347600108,1,1,same_race
1207,4003,0.0016417411347600108,1,1,same_race
5568,6130,0.009273214098207916,1,1,same_race
2220,2222,0.0,0,0,same_race
2220,5262,0.0006293272072492861,0,0,same_race
2220,6519,0.002175979418600038,0,0,same_race
2220,4212,0.002175979418600038,0,1,cross_race
62,1044,0.006186682627482898,0,1,cross_race
62,2660,0.010607031181793292,0,1,cross_race
62,2625,0.014070179777876723,0,0,same_race
62,5156,0.021000086186090727,0,1,cross_race
62,2369,0.021216279045231268,0,1,cross_race
2598,5250,0.001120700390050855,0,1,cross_race
2598,2806,0.0011984097093745705,0,1,cross_race
3104,6587,0.0,1,0,cross_race
3104,5904,0.0,1,1,same_race
3104,6855,0.0,1,1,same_race
4077,5262,0.0006293272072492861,1,0,cross_race
4077,6519,0.002175979418600038,1,0,cross_race
4077,4212,0.002175979418600038,1,1,same_race
3912,5613,0.0018318656165055014,0,1,cross_race
3912,6941,0.0042152553240901725,0,1,cross_race
3912,7088,0.008818759927067155,0,1,cross_race
149,5449,0.0,1,1,same_race
149,205,0.0017145786131622653,1,1,same_race
149,2841,0.0017145786131622653,1,1,same_race
149,5980,0.0017145786131622653,1,1,same_race
2537,6765,0.0001533570078363633,0,1,cross_race
2537,5350,0.00016917544848249477,0,0,same_race
673,3034,0.0,1,0,cross_race
673,1239,0.0,1,1,same_race
673,5861,0.0,1,1,same_race
673,4903,0.0,1,0,cross_race
3697,3921,2.220446049250313e-16,1,1,same_race
3697,4117,0.001993510141371946,1,0,cross_race
2135,6246,0.0037874307677047137,1,1,same_race
2135,4545,0.004105563182072447,1,1,same_race
2135,4624,0.004105563182072447,1,0,cross_race
2135,3820,0.005031774232006625,1,1,same_race
2135,5276,0.0055572999747375285,1,1,same_race
2245,4003,2.220446049250313e-16,1,1,same_race
2245,5508,2.220446049250313e-16,1,1,same_race
2245,3459,0.0016417411347600108,1,1,same_race
1637,5579,0.0,1,1,same_race
1637,6002,0.0,1,1,same_race
1637,4492,0.0,1,0,cross_race
1637,4902,0.0,1,0,cross_race
1637,2737,0.0,1,1,same_race
2821,3368,0.11413900155431422,1,1,same_race
2821,5131,0.1683597399444431,1,1,same_race
1678,6587,0.0,1,0,cross_race
1678,5904,0.0,1,1,same_race
1678,2847,0.0,1,0,cross_race
1678,6855,0.0,1,1,same_race
3295,6696,1.1102230246251565e-16,0,1,cross_race
3295,6788,0.0004638969249501912,0,1,cross_race
3295,4404,0.0004638969249501912,0,1,cross_race
1149,1378,0.0011691231634956,0,1,cross_race
1149,6872,0.0011691231634956,0,1,cross_race
1149,4222,0.0012226781839016487,0,0,same_race
3459,5648,0.0016417411347600108,1,1,same_race
3459,5508,0.0016417411347600108,1,1,same_race
3459,4003,0.0016417411347600108,1,1,same_race
2660,4510,0.00635858160702929,1,0,cross_race
2660,5956,0.008875168768472608,1,0,cross_race
2660,4082,0.010132817533535565,1,0,cross_race
2660,6241,0.010590919128419696,1,1,same_race
700,3523,0.011172909332948122,1,0,cross_race
700,5643,0.012007329151658808,1,1,same_race
700,5685,0.015005744453183367,1,1,same_race
700,3818,0.017335920765676804,1,1,same_race
700,1473,0.018119411221694026,1,1,same_race
1219,5370,0.0,1,1,same_race
1219,6201,0.0,1,1,same_race
3228,6689,0.0016594661885490636,1,1,same_race
3228,4656,0.006530634867925267,1,1,same_race
3228,3715,0.008233947016534016,1,1,same_race
3228,3534,0.013287054588337788,1,1,same_race
3228,5666,0.014474638402581674,1,1,same_race
527,1219,0.0,0,1,cross_race
527,5370,0.0,0,1,cross_race
527,6201,0.0,0,1,cross_race
527,946,0.0,0,0,same_race
3816,6160,0.0009721563224459606,0,0,same_race
3816,6617,0.0009721563224459606,0,0,same_race
2625,4510,0.009361139954473963,0,0,same_race
2625,5310,0.010586206512250285,0,1,cross_race
2625,7189,0.010979623837895525,0,1,cross_race
129,6676,0.0,0,1,cross_race
129,2806,0.0012705434654904924,0,1,cross_race
129,4267,0.0012705434654904924,0,1,cross_race
129,6885,0.0012705434654904924,0,0,same_race
2831,4224,0.0013876790923015303,1,0,cross_race
2831,5289,0.005373136312527005,1,1,same_race
2831,4863,0.008482615198888044,1,1,same_race
2831,5393,0.010074726663811928,1,1,same_race
5073,6309,0.005284124910669874,1,1,same_race
420,5959,0.0,0,1,cross_race
420,6119,0.0,0,1,cross_race
420,715,0.0,0,1,cross_race
420,1953,0.0,0,0,same_race
420,4463,0.0,0,1,cross_race
2833,4722,0.1442044128609944,1,1,same_race
2833,5580,0.14987127112504584,1,1,same_race
2833,7145,0.17215658662656097,1,0,cross_race
2833,6670,0.19921885913560966,1,1,same_race
1504,3607,0.0019439040735645952,0,0,same_race
1504,5719,0.0019439040735645952,0,1,cross_race
1504,7120,0.0019439040735645952,0,0,same_race
2681,4644,0.008767220236420736,1,1,same_race
2681,6785,0.04231947966389138,1,1,same_race
4267,6885,0.0,1,0,cross_race
5613,6983,0.0030249859243539623,1,0,cross_race
4113,5364,0.0,0,1,cross_race
4113,4721,0.0,0,1,cross_race
4113,6177,0.001612115603685682,0,1,cross_race
6194,7201,0.09305610121638364,1,1,same_race
1169,4095,0.0018613561280593771,1,1,same_race
1169,4688,0.002630183408743769,1,1,same_race
3120,4688,0.003751337440432323,0,1,cross_race
3120,6766,0.005356515917986138,0,1,cross_race
2190,3672,0.0,1,0,cross_race
2190,4638,0.0,1,0,cross_race
2190,6467,0.002927488704280279,1,0,cross_race
1196,4200,3.3306690738754696e-16,0,1,cross_race
1196,2589,0.002217442982714868,0,1,cross_race
1196,4547,0.002217442982714868,0,1,cross_race
1196,5631,0.002217442982714868,0,0,same_race
6707,7175,0.0001868273062721748,0,0,same_race
3133,3816,0.001116683260603435,1,0,cross_race
2044,2511,0.001179486224684223,1,1,same_race
2044,6880,0.0012665892961876146,1,0,cross_race
2044,5621,0.004533835585961543,1,1,same_race
3658,5036,0.0,1,1,same_race
3658,4286,0.0,1,0,cross_race
3658,6922,0.0,1,0,cross_race
2029,4307,0.0,1,0,cross_race
2029,2940,0.0,1,1,same_race
2029,6270,0.0011954337149834293,1,0,cross_race
3808,4392,0.0011632577998869076,0,0,same_race
3808,4516,0.0011632577998869076,0,0,same_race
315,6263,0.0,0,0,same_race
315,1380,0.0,0,0,same_race
315,1267,0.0,0,0,same_race
315,3509,0.0008249628198484515,0,1,cross_race
315,2602,0.0037182358443288432,0,0,same_race
1413,4315,0.017039989348272777,0,0,same_race
1413,2710,0.04969286945950491,0,1,cross_race
1413,6658,0.056514538149224025,0,1,cross_race
1413,6254,0.06382759396219806,0,1,cross_race
1413,2570,0.06471060084059432,0,1,cross_race
2914,7170,0.0,1,1,same_race
2914,5479,0.0,1,1,same_race
3018,3034,0.0,1,0,cross_race
3018,5861,0.0,1,1,same_race
3018,4903,0.0,1,0,cross_race
3534,4656,0.004919344762078559,1,1,same_race
3534,5666,0.005562398026200954,1,1,same_race
3534,3702,0.007489605086457796,1,1,same_race
3534,5114,0.00880423732377511,1,1,same_race
4935,6802,0.0,1,0,cross_race
4935,6644,0.0,1,0,cross_race
4935,6736,0.0,1,1,same_race
757,1400,0.03197075908440827,1,1,same_race
757,1138,0.056963341182244664,1,1,same_race
757,2264,0.07330593409073416,1,1,same_race
757,2467,0.08327705482848824,1,1,same_race
757,3147,0.15472545003520666,1,0,cross_race
4624,6246,0.0005342358663529279,0,1,cross_race
4624,5276,0.0005733507295815343,0,1,cross_race
4305,5997,0.005532566784840265,0,0,same_race
4305,4688,0.009875224352825285,0,1,cross_race
3668,4674,0.000166631143645124,0,1,cross_race
3668,6841,0.0007139058669797249,0,0,same_race
3668,6053,0.0007139058669797249,0,0,same_race
3668,5678,0.001723585686387974,0,0,same_race
5274,6407,0.00087265066694453,0,0,same_race
5274,5962,0.0010207788610628876,0,1,cross_race
5503,7020,2.220446049250313e-16,1,1,same_race
1441,2027,0.0032471378176575083,1,1,same_race
1441,3952,0.0034782306264647955,1,1,same_race
1441,1778,0.014183206850350905,1,1,same_race
1441,3569,0.01619280232278031,1,0,cross_race
2865,5393,0.005021983957809395,1,1,same_race
2865,5621,0.008352729117769409,1,1,same_race
3610,5627,0.0,1,1,same_race
3610,5262,0.0066053790813424,1,0,cross_race
1540,2696,0.003192379780799559,0,0,same_race
1540,3748,0.003192379780799559,0,0,same_race
1540,6858,0.004215282299072087,0,1,cross_race
1540,6508,0.010131919681260593,0,0,same_race
1540,7050,0.011853968317026564,0,0,same_race
5997,6022,0.0016219047967999112,0,1,cross_race
5997,6705,0.00785362609463891,0,0,same_race
6941,7088,0.006181042515160051,1,1,same_race
4914,5099,0.000488647558409272,0,1,cross_race
4405,6912,0.0005802549050819561,0,1,cross_race
4405,5457,0.0022652857527609704,0,0,same_race
4463,5959,0.0,1,1,same_race
4463,6119,0.0,1,1,same_race
3141,5131,0.18345515270614643,1,1,same_race
2505,5249,0.0,1,1,same_race
2505,3857,0.0012320418756595064,1,1,same_race
2170,6316,0.0025998041019976714,0,0,same_race
2170,7133,0.004165044393340311,0,1,cross_race
1541,6091,0.0022701149919760466,0,0,same_race
1541,3484,0.009697585043290546,0,0,same_race
1541,3258,0.012622911270765202,0,1,cross_race
69,4765,0.00023337024423364383,1,0,cross_race
69,5892,0.0002484669046500798,1,0,cross_race
69,2667,0.0002484669046500798,1,0,cross_race
69,905,0.0023781324082309263,1,0,cross_race
69,7050,0.004357376324440887,1,0,cross_race
4490,6087,0.0004951654117649751,1,1,same_race
3881,5449,0.008615923680420856,0,1,cross_race
2294,4453,0.0,1,0,cross_race
2294,2476,0.001042727438646085,1,0,cross_race
2294,4776,0.0031956927110660116,1,1,same_race
4416,5856,0.0,1,1,same_race
3835,4790,0.0,1,0,cross_race
683,6705,0.0006012647962505557,0,0,same_race
683,1169,0.0006012647962505557,0,1,cross_race
683,4688,0.0007167952204030215,0,1,cross_race
4819,5382,0.0,0,0,same_race
1861,6532,1.1102230246251565e-16,1,1,same_race
1861,5725,0.00167763322399761,1,0,cross_race
1861,3176,0.00167763322399761,1,1,same_race
3702,5114,0.002452784108723405,1,1,same_race
3702,6329,0.015111995143174295,1,1,same_race
3702,3967,0.015111995143174295,1,1,same_race
2984,3789,0.0,0,1,cross_race
2984,4930,0.0,0,1,cross_race
2984,6343,0.0,0,1,cross_race
905,7050,0.00029784622256634474,0,0,same_race
905,5183,0.00029784622256634474,0,1,cross_race
905,5892,0.0010896344169811778,0,0,same_race
905,2667,0.0010896344169811778,0,0,same_race
531,4386,0.0039182826300705464,1,1,same_race
531,2758,0.023475196110273377,1,1,same_race
531,657,0.0448193653873743,1,1,same_race
531,555,0.06378172557211703,1,1,same_race
531,5276,0.07184157803238489,1,1,same_race
4923,5503,2.220446049250313e-16,0,1,cross_race
4923,7020,2.220446049250313e-16,0,1,cross_race
4585,6257,0.005176478881041668,1,1,same_race
4585,6725,0.005708605293792468,1,0,cross_race
4837,5253,0.007383930926330606,1,1,same_race
4837,6182,0.007383930926330606,1,0,cross_race
4837,7181,0.010666053658366703,1,1,same_race
3147,4582,0.030000112286716174,0,1,cross_race
3147,6975,0.03040914937059347,0,1,cross_race
3147,4123,0.03302545824212455,0,0,same_race
3147,5672,0.04902069978350221,0,1,cross_race
105,4222,2.220446049250313e-16,0,0,same_race
105,774,2.220446049250313e-16,0,1,cross_race
105,6104,0.0012226781839016487,0,1,cross_race
105,1149,0.0012226781839016487,0,0,same_race
543,4117,1.1102230246251565e-16,1,0,cross_race
543,4842,0.001708415889249637,1,1,same_race
543,4897,0.001708415889249637,1,1,same_race
543,3697,0.001993510141371946,1,1,same_race
2291,2874,0.0034582208804844194,0,1,cross_race
2291,5128,0.0034582208804844194,0,1,cross_race
461,6257,3.3306690738754696e-16,1,1,same_race
461,3972,0.003982296556394149,1,0,cross_race
461,3091,0.004198760798106549,1,1,same_race
461,4585,0.005176478881041668,1,1,same_race
461,2202,0.006047769164901351,1,1,same_race
3175,7049,0.0026061371768899555,1,1,same_race
3175,3546,0.002704998616863463,1,1,same_race
3175,5226,0.002704998616863463,1,0,cross_race
4546,4663,0.004847935029905104,1,1,same_race
4546,5117,0.0056752982304242305,1,1,same_race
4546,6730,0.006332421680113942,1,1,same_race
4511,7116,0.0019500312787248397,1,1,same_race
3967,6329,1.1102230246251565e-16,1,1,same_race
3967,5592,0.009826188093340127,1,1,same_race
124,655,0.0021891405860058333,1,1,same_race
124,3833,0.0023138558955484445,1,0,cross_race
124,1724,0.0049502528256315514,1,1,same_race
124,2754,0.005279979035131999,1,1,same_race
124,1020,0.005682020366881146,1,1,same_race
3034,5861,0.0,0,1,cross_race
3034,4903,0.0,0,0,same_race
2737,5579,0.0,1,1,same_race
2737,6002,0.0,1,1,same_race
2737,4492,0.0,1,0,cross_race
2737,4902,0.0,1,0,cross_race
4895,6263,0.008187765170259098,1,0,cross_race
3921,4117,0.001993510141371946,1,0,cross_race
784,6829,0.000633292868222779,0,0,same_race
784,2259,0.000633292868222779,0,0,same_race
784,6659,0.000633292868222779,0,0,same_race
2074,2190,0.0,0,1,cross_race
2074,3672,0.0,0,0,same_race
2074,4638,0.0,0,0,same_race
2074,6467,0.002927488704280279,0,0,same_race
3145,5786,1.1102230246251565e-16,1,0,cross_race
3145,5235,1.1102230246251565e-16,1,1,same_race
3145,5008,0.002560442179216582,1,1,same_race
3612,6676,0.0013343787704679366,0,1,cross_race
3612,6885,0.005205670909648519,0,0,same_race
1947,6676,0.0,1,1,same_race
1947,2806,0.0012705434654904924,1,1,same_race
1947,4267,0.0012705434654904924,1,1,same_race
1947,6885,0.0012705434654904924,1,0,cross_race
3775,5008,0.0024806697638668496,0,1,cross_race
4120,6867,1.1102230246251565e-16,0,0,same_race
4120,5226,0.0006864427387331951,0,0,same_race
1105,1820,0.014607942550853736,0,0,same_race
1105,2930,0.018293941203221586,0,1,cross_race
1105,3330,0.0712660836474146,0,0,same_race
1241,5993,0.21839044210229885,0,0,same_race
1241,5111,0.21839044210229885,0,1,cross_race
1241,6114,0.21839044210229885,0,1,cross_race
286,4334,0.0,1,1,same_race
286,6523,0.0,1,0,cross_race
286,2877,0.0012772034624778383,1,1,same_race
286,2261,0.0012772034624778383,1,0,cross_race
286,2364,0.0012772034624778383,1,1,same_race
3573,6780,0.04178377216823281,0,0,same_race
2351,2540,0.0,0,1,cross_race
2351,6328,0.0,0,0,same_race
2351,3278,0.0009021742315438175,0,0,same_race
2351,3342,0.0009021742315438175,0,1,cross_race
5355,6009,1.1102230246251565e-16,1,0,cross_race
4392,5352,0.0011632577998869076,0,0,same_race
4392,4773,0.001217656576229409,0,0,same_race
4392,5361,0.001217656576229409,0,0,same_race
4745,6532,1.1102230246251565e-16,1,1,same_race
4745,5725,0.00167763322399761,1,0,cross_race
3669,4412,0.002964635160953133,0,0,same_race
6736,6802,0.0,1,0,cross_race
143,5719,0.0,0,1,cross_race
143,4253,0.0,0,0,same_race
143,3607,0.0,0,0,same_race
143,7120,0.0,0,0,same_race
2257,3775,0.0024806697638668496,0,0,same_race
2257,3145,0.002560442179216582,0,1,cross_race
2257,5786,0.002560442179216582,0,0,same_race
1953,5959,0.0,0,1,cross_race
1953,6119,0.0,0,1,cross_race
1953,4463,0.0,0,1,cross_race
945,1541,4.440892098500626e-16,0,0,same_race
945,6091,0.0022701149919760466,0,0,same_race
945,3484,0.009697585043290546,0,0,same_race
945,3258,0.012622911270765202,0,1,cross_race
1368,4691,0.0,1,1,same_race
1368,3436,0.0028841370624270724,1,1,same_race
1368,3546,0.0037805389297932424,1,1,same_race
1368,5226,0.0037805389297932424,1,0,cross_race
2843,5888,0.0008752930621437338,1,1,same_race
2843,6664,0.0010389968420544404,1,1,same_race
5980,6954,0.0014569551267413772,1,0,cross_race
2099,5441,0.005523143872602887,1,1,same_race
2099,6689,0.014436831342354628,1,1,same_race
2099,3264,0.021679734016017194,1,1,same_race
2099,2566,0.02361070154639644,1,1,same_race
2776,5685,0.0025202068189144056,1,1,same_race
2776,3523,0.009913294862146982,1,0,cross_race
2776,5114,0.01013491372609654,1,1,same_race
1472,2575,2.220446049250313e-16,0,1,cross_race
1472,2551,2.220446049250313e-16,0,1,cross_race
1472,6009,0.00042817110120008106,0,0,same_race
1472,2890,0.00042817110120008106,0,0,same_race
1472,5355,0.00042817110120008106,0,1,cross_race
3930,6832,0.0,1,1,same_race
3930,4220,0.0,1,1,same_race
3600,3972,0.013999748698126036,0,0,same_race
960,2540,0.0,1,1,same_race
960,2351,0.0,1,0,cross_race
960,6328,0.0,1,0,cross_race
960,3278,0.0009021742315438175,1,0,cross_race
960,3342,0.0009021742315438175,1,1,same_race
2115,6287,1.1102230246251565e-16,1,0,cross_race
2115,7006,0.0005044049006202034,1,1,same_race
2115,6458,0.0018585621184015189,1,1,same_race
2115,6554,0.00206884549473374,1,0,cross_race
2115,2213,0.0035096248270068964,1,1,same_race
3607,5719,0.0,0,1,cross_race
3607,4253,0.0,0,0,same_race
3607,7120,0.0,0,0,same_race
5457,7094,0.0005247926629338151,0,1,cross_race
5457,6912,0.0005528742551078603,0,1,cross_race
2202,3091,0.0009475520984156827,1,1,same_race
2202,3972,0.0019925492770902498,1,0,cross_race
2202,6983,0.004674127026284336,1,0,cross_race
2202,6257,0.006047769164901351,1,1,same_race
5310,6936,0.006127510839546435,1,1,same_race
2709,4117,1.1102230246251565e-16,1,0,cross_race
2709,4842,0.001708415889249637,1,1,same_race
2709,4897,0.001708415889249637,1,1,same_race
2709,3697,0.001993510141371946,1,1,same_race
6546,6642,1.1102230246251565e-16,1,1,same_race
5340,7170,0.0,0,1,cross_race
5340,5479,0.0,0,1,cross_race
766,5626,0.002560043102001419,1,0,cross_race
766,6344,0.005593274454309349,1,1,same_race
766,1461,0.007094616605913595,1,1,same_race
766,5960,0.02002068759372677,1,1,same_race
3572,4823,1.1102230246251565e-16,0,1,cross_race
3572,4298,0.0005583160911791785,0,1,cross_race
5226,6867,0.0006864427387331951,0,0,same_race
2480,5250,0.001120700390050855,0,1,cross_race
2480,2806,0.0011984097093745705,0,1,cross_race
3264,4847,0.018801622227117343,1,0,cross_race
1221,4924,0.0,1,1,same_race
1221,3594,0.0,1,0,cross_race
1221,2810,0.0,1,0,cross_race
1221,1938,0.0,1,0,cross_race
4353,7143,0.0034877808770111818,1,1,same_race
4353,4511,0.0034877808770111818,1,1,same_race
4353,7116,0.006075961344080727,1,1,same_race
2492,6075,0.0031058830576744523,0,1,cross_race
2492,2580,0.011579467840241664,0,1,cross_race
1968,6319,0.0,0,0,same_race
1968,3668,0.003720933261108783,0,0,same_race
1968,4674,0.004265794749458318,0,1,cross_race
1968,7044,0.005000227911212463,0,1,cross_race
2222,5262,0.0006293272072492861,0,0,same_race
2222,6519,0.002175979418600038,0,0,same_race
2222,4212,0.002175979418600038,0,1,cross_race
5069,6846,0.001173181645438004,1,1,same_race
5108,6089,0.032636238866650125,0,0,same_race
5108,7212,0.04282822883996895,0,1,cross_race
6287,7006,0.0005044049006202034,0,1,cross_race
6287,6458,0.0018585621184015189,0,1,cross_race
6287,6554,0.00206884549473374,0,0,same_race
4047,5023,0.00019742568828673424,0,1,cross_race
4047,4231,0.030279125484492186,0,1,cross_race
2268,4847,0.00592609180274839,1,0,cross_race
2268,6769,0.006092863180480412,1,1,same_race
2268,2672,0.006092863180480412,1,1,same_race
2268,2649,0.006644881559034643,1,0,cross_race
2838,4369,0.0,0,1,cross_race
2838,5382,0.0,0,0,same_race
4510,7189,0.0016182338494085124,0,1,cross_race
4510,6241,0.010538285561657368,0,1,cross_race
1846,3499,0.0,1,1,same_race
1846,6803,0.0007635016052223165,1,1,same_race
1846,6770,0.0007635016052223165,1,0,cross_race
1846,3530,0.0007635016052223165,1,1,same_race
2391,6382,0.005080251197041474,1,1,same_race
2391,3870,0.005409823758004917,1,0,cross_race
2823,6983,0.0013458351062620721,1,0,cross_race
2823,5613,0.003144120392680083,1,1,same_race
5364,6177,0.001612115603685682,1,1,same_race
862,2150,0.005647324417322852,1,1,same_race
862,5142,0.022566080664191746,1,1,same_race
862,6785,0.025348387797184846,1,1,same_race
862,1515,0.029828331710065048,1,1,same_race
862,1620,0.03189748854094443,1,1,same_race
2080,2720,0.0018036734785447095,0,1,cross_race
2080,2850,0.004057253532084637,0,0,same_race
2080,4617,0.004057253532084637,0,0,same_race
2080,6519,0.00440807240478458,0,0,same_race
2080,4212,0.00440807240478458,0,1,cross_race
7038,7155,0.00048127203223413684,0,0,same_race
5643,5685,0.013569751805561081,1,1,same_race
2183,4038,0.0008696581505301948,1,1,same_race
2183,4232,0.0008696581505301948,1,1,same_race
2183,5617,0.004272435004974762,1,1,same_race
2183,3833,0.004555069711742021,1,0,cross_race
3303,6270,0.0,1,0,cross_race
1545,2253,2.220446049250313e-16,1,1,same_race
1545,6087,0.0004951654117649751,1,1,same_race
1545,4412,0.0005087571052022621,1,0,cross_race
5993,6114,1.1102230246251565e-16,0,1,cross_race
226,6810,0.002394084892536341,1,1,same_race
226,1713,0.002394084892536341,1,1,same_race
226,6097,0.0038036158326385516,1,1,same_race
226,6560,0.010028489402851948,1,1,same_race
226,405,0.011506968602746803,1,1,same_race
180,5678,0.0035855455062250297,0,0,same_race
180,5900,0.0035855455062250297,0,1,cross_race
180,6053,0.004165370213991992,0,0,same_race
180,6841,0.004165370213991992,0,0,same_race
2522,6053,0.0,0,0,same_race
2522,4674,0.00019076138135687426,0,1,cross_race
2522,5678,0.00021907486540229115,0,0,same_race
2522,5900,0.00021907486540229115,0,1,cross_race
3952,4424,0.014576223617576822,1,0,cross_race
2942,6670,0.01731156026127989,1,1,same_race
2942,3653,0.019858090850080168,1,1,same_race
2942,5023,0.024399800266751703,1,1,same_race
2942,4047,0.027870672543913733,1,0,cross_race
2942,6529,0.03403737913392657,1,1,same_race
2392,5036,0.0,1,1,same_race
2392,3658,0.0,1,1,same_race
2392,4286,0.0,1,0,cross_race
2392,6922,0.0,1,0,cross_race
2663,6723,2.220446049250313e-16,0,0,same_race
2652,7006,0.003310641051039842,0,1,cross_race
2652,6287,0.0035096248270068964,0,0,same_race
2652,6554,0.00415082670868594,0,0,same_race
2262,2480,0.0,0,0,same_race
2262,5250,0.001120700390050855,0,1,cross_race
2262,2806,0.0011984097093745705,0,1,cross_race
4691,5226,0.0037805389297932424,1,0,cross_race
946,1219,0.0,0,1,cross_race
946,5370,0.0,0,1,cross_race
946,6201,0.0,0,1,cross_race
1001,5069,0.0,0,1,cross_race
1001,6846,0.001173181645438004,0,1,cross_race
1001,4732,0.0013649563022506417,0,0,same_race
1001,3258,0.005876788630829299,0,1,cross_race
1001,3489,0.008011658415140066,0,0,same_race
2454,2882,0.003099126361912452,0,0,same_race
2454,7005,0.003099126361912452,0,0,same_race
2454,2720,0.003102586970087584,0,1,cross_race
2454,4181,0.003462256739365288,0,0,same_race
4674,6841,0.00019076138135687426,1,0,cross_race
4674,6053,0.00019076138135687426,1,0,cross_race
4674,5678,0.0008186096249411801,1,0,cross_race
4140,4804,0.002435792272665327,1,1,same_race
4140,5699,0.002435792272665327,1,1,same_race
4140,4998,0.006668226899108731,1,0,cross_race
6554,7006,0.0005304493431431689,0,1,cross_race
4045,6553,0.004639439060197037,0,0,same_race
4045,4851,0.004639439060197037,0,1,cross_race
625,1502,0.0025711542148957323,1,0,cross_race
625,6382,0.010034500148866865,1,1,same_race
625,738,0.013080499800248835,1,1,same_race
625,7088,0.016559579971745952,1,1,same_race
2169,2391,0.0021443024018861223,0,1,cross_race
2169,3870,0.002291005249470124,0,0,same_race
2169,2215,0.009701447874960634,0,1,cross_race
6971,7038,0.01682214397793791,0,0,same_race
6971,7155,0.02296135893072604,0,0,same_race
2224,2294,0.0031956927110660116,0,1,cross_race
2224,5216,0.0031956927110660116,0,1,cross_race
2224,4453,0.0031956927110660116,0,0,same_race
2224,2476,0.00788210178332338,0,0,same_race
4620,6816,0.02087150803245963,1,1,same_race
3355,7170,0.0,0,1,cross_race
3355,5479,0.0,0,1,cross_race
235,6833,0.0004125077848237124,1,0,cross_race
235,3884,0.0017731042467593605,1,0,cross_race
235,1958,0.0017731042467593605,1,1,same_race
235,2259,0.004291747090154119,1,0,cross_race
235,6659,0.004291747090154119,1,0,cross_race
3653,6529,0.0023218858685336574,1,1,same_race
3653,6477,0.0025909918441704427,1,0,cross_race
3653,5578,0.006388037198913454,1,0,cross_race
3653,4231,0.007257674093007704,1,1,same_race
3672,4638,0.0,0,0,same_race
3672,6467,0.002927488704280279,0,0,same_race
4532,5425,0.0026115869031166916,0,1,cross_race
4532,5676,0.0026115869031166916,0,1,cross_race
833,5706,0.03660474191229002,1,1,same_race
833,6247,0.11537420807557952,1,1,same_race
833,4238,0.11645471708921562,1,0,cross_race
833,4998,0.11737552985254673,1,0,cross_race
833,2288,0.11974205562045737,1,1,same_race
5350,7175,0.0,0,0,same_race
1389,2454,0.0037287003347290515,0,0,same_race
1389,6332,0.004272930542221776,0,0,same_race
1389,2720,0.00847288117608802,0,1,cross_race
1389,1675,0.008820034562467605,0,1,cross_race
1389,6707,0.013318881418873163,0,0,same_race
1930,5579,0.0,0,1,cross_race
1930,6002,0.0,0,1,cross_race
1930,4492,0.0,0,0,same_race
1930,4902,0.0,0,0,same_race
1930,2737,0.0,0,1,cross_race
2511,5621,0.0010896076206852179,1,1,same_race
1254,2091,0.01527464879032181,1,1,same_race
1254,3771,0.015807744195925344,1,1,same_race
1254,1473,0.024237762759280357,1,1,same_race
1254,3741,0.02483567106810225,1,1,same_race
3111,6723,0.010411915405316274,0,0,same_race
6670,7145,0.04291451258980694,1,0,cross_race
1521,2469,0.06908217135198857,1,1,same_race
1521,3141,0.07343363335379127,1,1,same_race
1521,1595,0.07479781493849913,1,1,same_race
1521,4901,0.10251247660624174,1,1,same_race
1521,2771,0.11869260951858451,1,0,cross_race
106,1286,0.0,0,1,cross_race
106,602,0.0006891926479010158,0,1,cross_race
106,2170,0.004165044393340311,0,0,same_race
5009,6765,0.0001533570078363633,0,1,cross_race
5009,5350,0.00016917544848249477,0,0,same_race
4492,5579,0.0,0,1,cross_race
4492,6002,0.0,0,1,cross_race
4492,4902,0.0,0,0,same_race
4095,6705,0.0018613561280593771,1,0,cross_race
4095,6725,0.002780594334942932,1,0,cross_race
4095,4162,0.002780594334942932,1,1,same_race
821,5204,0.0,0,1,cross_race
821,2886,0.006915760040295038,0,0,same_race
821,3522,0.006915760040295038,0,1,cross_race
222,784,0.0,1,0,cross_race
222,6829,0.000633292868222779,1,0,cross_race
222,2259,0.000633292868222779,1,0,cross_race
222,6659,0.000633292868222779,1,0,cross_race
5363,5407,0.002246839429113856,0,1,cross_race
3185,4546,0.0006587753011864095,1,1,same_race
3185,5117,0.0024692939677926073,1,1,same_race
3185,6433,0.006161087943136301,1,1,same_race
3185,4663,0.006874123435902213,1,1,same_race
4727,5744,0.0,1,0,cross_race
4727,4778,0.003770032352438113,1,1,same_race
5111,5993,1.1102230246251565e-16,1,0,cross_race
5111,6114,1.1102230246251565e-16,1,1,same_race
1979,5747,1.1102230246251565e-16,1,0,cross_race
1979,6008,1.1102230246251565e-16,1,0,cross_race
1979,6546,1.1102230246251565e-16,1,1,same_race
1979,6642,1.1102230246251565e-16,1,1,same_race
1979,4713,1.1102230246251565e-16,1,1,same_race
4699,4732,0.009084811264563397,1,0,cross_race
4699,5069,0.012501328084611907,1,1,same_race
565,6091,2.220446049250313e-16,0,0,same_race
565,1541,0.0022701149919760466,0,0,same_race
565,945,0.0022701149919760466,0,0,same_race
565,3484,0.002589826897257619,0,0,same_race
565,5542,0.01397742054341966,0,0,same_race
5611,7201,0.0025850012725440186,1,1,same_race
5611,6194,0.07730400186851583,1,1,same_race
2771,3015,0.0035887212095941923,0,1,cross_race
2771,3743,0.06256692786075602,0,1,cross_race
2771,4901,0.06902137640839545,0,1,cross_race
4936,5719,0.0019439040735645952,1,1,same_race
4936,7120,0.0019439040735645952,1,0,cross_race
44,2892,0.0,1,1,same_race
44,6221,0.0018500380219020895,1,0,cross_race
44,2500,0.0018500380219020895,1,0,cross_race
44,5322,0.0018500380219020895,1,0,cross_race
3231,4136,0.0004578172560990579,1,0,cross_race
3231,5099,0.000488647558409272,1,1,same_race
1298,7155,0.003456985750391439,0,0,same_race
1298,6332,0.005133299640735056,0,0,same_race
1298,7038,0.0065137825080797684,0,0,same_race
1298,1966,0.008716474184481737,0,1,cross_race
715,5959,0.0,1,1,same_race
715,6119,0.0,1,1,same_race
715,1953,0.0,1,0,cross_race
715,4463,0.0,1,1,same_race
3312,3868,0.21090756655718113,1,1,same_race
3312,3340,0.23747699286241064,1,1,same_race
3312,5229,0.24267465740963912,1,0,cross_race
5579,6002,0.0,1,1,same_race
138,7204,0.0014202917589396513,0,1,cross_race
138,6880,0.005531664887576171,0,0,same_race
138,2933,0.006007219351363613,0,1,cross_race
138,3612,0.007893793483980449,0,0,same_race
138,3813,0.008730840335092749,0,0,same_race
4638,6467,0.002927488704280279,0,0,same_race
4721,5364,0.0,1,1,same_race
4721,6177,0.001612115603685682,1,1,same_race
3546,5226,0.0,1,0,cross_race
3546,4120,0.0006864427387331951,1,0,cross_race
3546,6867,0.0006864427387331951,1,0,cross_race
1269,1556,0.0,0,0,same_race
1269,7170,0.0,0,1,cross_race
1269,1668,0.0,0,0,same_race
1269,1680,0.0,0,0,same_race
1269,5479,0.0,0,1,cross_race
2667,4765,0.0009633217414567463,0,0,same_race
2667,5183,0.0025261352398480152,0,1,cross_race
20,6941,0.0026551203283153857,1,1,same_race
20,7088,0.00833077457664022,1,1,same_race
20,625,0.010007340430958744,1,1,same_race
20,3912,0.013386944671228695,1,0,cross_race
20,1502,0.01624843026998768,1,0,cross_race
4943,5370,0.0,0,1,cross_race
4943,6201,0.0,0,1,cross_race
5479,7170,0.0,1,1,same_race
1876,2011,0.0,1,1,same_race
3741,3926,0.0035919532700029455,1,0,cross_race
3741,5643,0.019656072296894367,1,1,same_race
3741,5705,0.02483567106810225,1,0,cross_race
6073,6235,0.00986594992153822,0,0,same_race
2121,5993,0.005976619565075669,1,0,cross_race
2121,6114,0.005976619565075669,1,1,same_race
2121,5111,0.005976619565075669,1,1,same_race
2121,2578,0.007100903704294059,1,1,same_race
3859,5861,0.0,1,1,same_race
3859,4903,0.0,1,0,cross_race
1434,7038,0.0005387590152075017,1,0,cross_race
1434,7155,0.002037921886600791,1,0,cross_race
1434,1966,0.006572552311061797,1,1,same_race
1434,5493,0.008911310184851029,1,0,cross_race
539,3330,0.024141112054896885,0,0,same_race
539,1820,0.13092608101887326,0,0,same_race
539,1105,0.1337085594786669,0,0,same_race
4317,6073,0.01607662418900102,0,0,same_race
4317,6975,0.03508895323941785,0,1,cross_race
4317,6235,0.04713125389085182,0,0,same_race
4450,4692,0.0022315206492862227,0,1,cross_race
4450,5363,0.003216218015857919,0,0,same_race
4450,5407,0.005586398398647163,0,1,cross_race
4450,5010,0.01244437865387893,0,1,cross_race
276,4790,0.0,0,0,same_race
276,3543,0.0,0,1,cross_race
276,3835,0.0,0,1,cross_race
276,2787,0.0,0,0,same_race
1610,2874,0.0,1,1,same_race
1610,4638,0.0032201119083390406,1,0,cross_race
1610,2190,0.0032201119083390406,1,1,same_race
3010,3921,0.002302111084533931,1,1,same_race
3010,3697,0.002302111084533931,1,1,same_race
3010,5515,0.002622271427427325,1,0,cross_race
2460,5449,0.0,0,1,cross_race
2460,2841,0.0017145786131622653,0,1,cross_race
2460,5980,0.0017145786131622653,0,1,cross_race
6316,6605,0.0027012754893044333,0,0,same_race
312,4283,0.0007368811193736446,1,1,same_race
312,5672,0.002959156390620832,1,1,same_race
312,6730,0.005029785929038022,1,1,same_race
312,4663,0.006388682813305957,1,1,same_race
312,4582,0.007056309312116205,1,1,same_race
3330,6496,0.05587051928755993,0,0,same_race
6087,6696,0.0004801332472522679,1,1,same_race
4713,5747,1.1102230246251565e-16,1,0,cross_race
4713,6008,1.1102230246251565e-16,1,0,cross_race
4713,6546,1.1102230246251565e-16,1,1,same_race
4713,6642,1.1102230246251565e-16,1,1,same_race
947,6357,0.140888294561464,0,0,same_race
947,1861,0.18879099150247247,0,1,cross_race
947,4745,0.18879099150247247,0,1,cross_race
947,6532,0.18879099150247247,0,1,cross_race
947,1175,0.19027999282836683,0,1,cross_race
2497,2537,2.220446049250313e-16,0,0,same_race
2497,6765,0.0001533570078363633,0,1,cross_race
2497,5350,0.00016917544848249477,0,0,same_race
1152,2253,2.220446049250313e-16,0,1,cross_race
1152,1545,2.220446049250313e-16,0,1,cross_race
1152,6087,0.0004951654117649751,0,1,cross_race
1152,4412,0.0005087571052022621,0,0,same_race
3327,7109,0.0028151121975298343,0,1,cross_race
3868,6758,0.010251767421478597,1,1,same_race
3868,5077,0.022454177841999656,1,1,same_race
3868,5229,0.022507508271960464,1,0,cross_race
602,1286,0.0006891926479010158,1,1,same_race
602,7133,0.0006891926479010158,1,1,same_race
602,6316,0.003729652261474148,1,0,cross_race
4307,6270,0.0011954337149834293,0,0,same_race
1462,5108,0.005256745429172871,0,0,same_race
1462,6089,0.03709779802944857,0,0,same_race
1462,4628,0.05280482366992356,0,0,same_race
1462,7212,0.05599396687120106,0,1,cross_race
4412,4490,0.0005087571052022621,0,1,cross_race
179,5884,0.007374889870439438,0,0,same_race
179,2174,0.020528263660879786,0,0,same_race
179,1675,0.021331584520456692,0,1,cross_race
179,6765,0.023939187893190716,0,1,cross_race
179,1601,0.027811917188809376,0,0,same_race
537,5786,1.1102230246251565e-16,1,0,cross_race
537,5235,1.1102230246251565e-16,1,1,same_race
537,5008,0.002560442179216582,1,1,same_race
537,2257,0.002560442179216582,1,0,cross_race
2754,4140,0.0012628468969239082,1,1,same_race
2754,4804,0.00713555725883519,1,1,same_race
3523,5685,0.0024428986632248906,0,1,cross_race
3523,5441,0.007484844457147366,0,1,cross_race
3523,3818,0.008975374666849945,0,1,cross_race
2493,6160,0.0,1,0,cross_race
2493,6617,0.0,1,0,cross_race
2493,3816,0.0009721563224459606,1,0,cross_race
1675,6765,0.002291837544359132,1,1,same_race
1675,2174,0.0022925782810807593,1,0,cross_race
1675,2497,0.002589825757444486,1,0,cross_race
1675,5009,0.002589825757444486,1,0,cross_race
6089,7212,0.0040239655561638,0,1,cross_race
3268,3569,0.0030038565739916034,0,0,same_race
3268,4532,0.011649973997780005,0,0,same_race
3268,6343,0.011676574943994877,0,1,cross_race
5956,6241,0.0015217601614027076,0,1,cross_race
4181,7005,0.00028029724071076956,0,0,same_race
3530,5370,0.0,1,1,same_race
3530,6201,0.0,1,1,same_race
5839,6647,0.0,1,1,same_race
5839,6851,0.0023715132789950966,1,0,cross_race
2139,6922,0.0014858737453313786,1,0,cross_race
2139,5036,0.0014858737453313786,1,1,same_race
2139,7007,0.0014858737453313786,1,1,same_race
2139,3658,0.0014858737453313786,1,1,same_race
99,4045,0.0005346095055784872,1,0,cross_race
99,4851,0.005811742081889282,1,1,same_race
99,6553,0.005811742081889282,1,0,cross_race
99,720,0.008384054440212618,1,0,cross_race
3526,5807,0.0007229020573533695,0,1,cross_race
3526,4355,0.0007383536656883072,0,1,cross_race
3526,4011,0.006317765150196664,0,0,same_race
2085,2505,0.0,1,1,same_race
2085,5249,0.0,1,1,same_race
2085,3857,0.0012320418756595064,1,1,same_race
1556,7170,0.0,0,1,cross_race
1556,1668,0.0,0,0,same_race
1556,1680,0.0,0,0,same_race
1556,5479,0.0,0,1,cross_race
1383,5250,0.0,0,1,cross_race
1383,2480,0.001120700390050855,0,0,same_race
1383,2262,0.001120700390050855,0,0,same_race
1383,2598,0.001120700390050855,0,0,same_race
1383,6885,0.00463423101003968,0,0,same_race
3484,6091,0.002589826897257619,0,0,same_race
3484,5542,0.014838118928363064,0,0,same_race
1601,2497,2.220446049250313e-16,0,0,same_race
1601,2537,2.220446049250313e-16,0,0,same_race
1601,6765,0.0001533570078363633,0,1,cross_race
1601,5350,0.00016917544848249477,0,0,same_race
6709,7116,0.0005382530739403979,1,1,same_race
442,1241,0.000286506489869498,1,0,cross_race
442,5993,0.21432738682644104,1,0,cross_race
442,5111,0.21432738682644104,1,1,same_race
442,6114,0.21432738682644104,1,1,same_race
442,596,0.21432738682644104,1,1,same_race
360,1169,1.1102230246251565e-16,1,1,same_race
360,683,0.0006012647962505557,1,0,cross_race
360,4095,0.0018613561280593771,1,1,same_race
360,4688,0.002630183408743769,1,1,same_race
3258,4732,0.0015795105297168321,1,0,cross_race
3258,5069,0.005876788630829299,1,1,same_race
3258,5542,0.0077371459608326365,1,0,cross_race
3258,4699,0.008429833883926152,1,1,same_race
3543,4790,0.0,1,0,cross_race
3543,3835,0.0,1,1,same_race
5156,5787,0.009667299524607542,1,1,same_race
5578,6477,0.0008945647063747231,0,0,same_race
5578,6529,0.0013507168615903842,0,1,cross_race
5578,6658,0.00463205154475399,0,1,cross_race
1776,4181,0.00031065539881491855,1,0,cross_race
1776,1816,0.00031065539881491855,1,0,cross_race
1776,2882,0.0011809507241161699,1,0,cross_race
1776,7005,0.0011809507241161699,1,0,cross_race
2974,3264,0.004221500464499539,1,1,same_race
2974,3818,0.010115174233194302,1,1,same_race
2974,4699,0.017212212903605417,1,1,same_race
5725,6788,0.0004466955905981784,0,1,cross_race
5372,6829,0.000633292868222779,0,0,same_race
5372,6659,0.000633292868222779,0,0,same_race
2081,3990,0.010265152529206456,1,1,same_race
2081,6091,0.020209375481771708,1,0,cross_race
4286,5036,0.0,0,1,cross_race
4286,6922,0.0,0,0,same_race
102,2170,0.0006422733363061761,0,0,same_race
102,4435,0.0006422733363061761,0,0,same_race
102,6316,0.0006580995653422406,0,0,same_race
102,4670,0.0026569701799809,0,1,cross_race
102,1286,0.003691333146328857,0,1,cross_race
1403,1890,0.0009114585051946955,0,1,cross_race
1403,4187,0.0009114585051946955,0,1,cross_race
1403,4416,0.0009114585051946955,0,1,cross_race
6376,6499,0.0006224190620969239,1,1,same_race
6479,6820,0.000408444455533008,0,0,same_race
6479,7120,0.003998655970113507,0,0,same_race
2223,3715,0.0012859668602106522,1,1,same_race
2223,5666,0.0032753977252114597,1,1,same_race
2223,4656,0.0038070934613643193,1,1,same_race
2223,6097,0.004848288000174339,1,1,same_race
2223,2541,0.00577924156105325,1,1,same_race
4932,5747,1.1102230246251565e-16,1,0,cross_race
4932,6008,1.1102230246251565e-16,1,0,cross_race
4932,6546,1.1102230246251565e-16,1,1,same_race
4932,6642,1.1102230246251565e-16,1,1,same_race
4776,5216,0.0031956927110660116,1,1,same_race
329,2044,2.220446049250313e-16,0,1,cross_race
329,2511,0.001179486224684223,0,1,cross_race
329,6880,0.0012665892961876146,0,0,same_race
329,5621,0.004533835585961543,0,1,cross_race
329,1949,0.004533835585961543,0,1,cross_race
735,4912,2.220446049250313e-16,1,0,cross_race
735,906,2.220446049250313e-16,1,0,cross_race
735,4256,2.220446049250313e-16,1,0,cross_race
735,5503,2.220446049250313e-16,1,1,same_race
735,7020,2.220446049250313e-16,1,1,same_race
2155,5189,0.006636733127310057,0,1,cross_race
2155,6936,0.00900583205642147,0,1,cross_race
2155,4863,0.009481103983627115,0,1,cross_race
2155,2283,0.011321726068310278,0,1,cross_race
1082,4731,0.027503331320200775,1,1,same_race
1082,7145,0.03350139345354519,1,0,cross_race
1082,1645,0.033891908693252204,1,1,same_race
2810,4924,0.0,0,1,cross_race
2810,3594,0.0,0,0,same_race
1138,2467,0.003435521173578815,1,1,same_race
1138,2264,0.005863724284214111,1,1,same_race
1138,1400,0.0061124933749378,1,1,same_race
1138,2766,0.054137790053269574,1,1,same_race
904,1327,0.019658078463881123,0,0,same_race
904,3279,0.24838231207071437,0,0,same_race
904,1187,0.2519948336736767,0,0,same_race
904,3573,0.25329719990847943,0,0,same_race
4912,5503,2.220446049250313e-16,0,1,cross_race
4912,7020,2.220446049250313e-16,0,1,cross_race
5842,6519,0.0017803784063835648,0,0,same_race
1960,5613,0.0009720757602939001,1,1,same_race
1960,6983,0.0026373486630995036,1,0,cross_race
1960,3912,0.003012799072366734,1,0,cross_race
1960,2823,0.005032420766431511,1,1,same_race
1646,7201,0.01085449912917047,1,1,same_race
1646,5611,0.02334528422643256,1,1,same_race
1646,1724,0.09591884301312992,1,1,same_race
1646,3934,0.0995041476842009,1,1,same_race
1646,2754,0.1002842757899437,1,1,same_race
5962,6407,0.0037792716187308173,1,0,cross_race
6458,7006,0.0042973439520428425,1,1,same_race
6132,6376,0.0006224190620969239,0,1,cross_race
471,4837,0.03012692412935203,1,1,same_race
471,5253,0.047057687751955735,1,1,same_race
471,6182,0.047057687751955735,1,0,cross_race
471,7181,0.04822477847226225,1,1,same_race
471,985,0.05911500852645046,1,1,same_race
3637,4758,0.004520538768119642,1,0,cross_race
3053,3175,0.0006719654492958194,0,1,cross_race
3053,5226,0.0006810065814774058,0,0,same_race
3053,3546,0.0006810065814774058,0,1,cross_race
5370,6201,0.0,1,1,same_race
5926,7044,0.0023204982849978073,0,1,cross_race
5926,7117,0.01048585075314279,0,0,same_race
6047,6987,0.0,1,1,same_race
2570,6658,0.0007840373944222323,1,1,same_race
2570,3118,0.0019041316385278728,1,0,cross_race
2570,2710,0.003190395569361071,1,1,same_race
2570,3620,0.004902220729809392,1,0,cross_race
2570,5578,0.0059997098468211885,1,0,cross_race
2602,6263,0.0037182358443288432,0,0,same_race
1270,3859,0.001042033253136343,1,1,same_race
1270,5861,0.001042033253136343,1,1,same_race
1270,3034,0.001042033253136343,1,0,cross_race
976,5592,0.0,1,1,same_race
976,5401,0.002087901953486959,1,1,same_race
976,1459,0.0023402719446594666,1,0,cross_race
976,6742,0.007837371625057044,1,1,same_race
976,6329,0.009826188093340127,1,1,same_race
1537,2202,0.0030696497044583326,0,1,cross_race
1537,2823,0.0045181081320787575,0,1,cross_race
1537,6983,0.004562444644656716,0,0,same_race
1537,5942,0.006012809149794629,0,0,same_race
1537,3091,0.007421821762120251,0,1,cross_race
5769,5856,0.0,0,1,cross_race
1958,3884,0.0,1,0,cross_race
1958,6833,0.00047535419900546216,1,0,cross_race
1958,2259,0.0005484655061446242,1,0,cross_race
1958,6659,0.0005484655061446242,1,0,cross_race
1958,6829,0.0005484655061446242,1,0,cross_race
3366,3784,0.0,1,0,cross_race
1645,5580,0.05109715180903407,1,1,same_race
1645,7145,0.08250760900355214,1,0,cross_race
1645,4731,0.11625800799542751,1,1,same_race
1645,4047,0.1561691981086818,1,0,cross_race
4863,6936,0.005774366967104982,1,1,same_race
555,1377,0.009227098410662049,1,1,same_race
555,5276,0.044461291543026804,1,1,same_race
555,657,0.044497364477244394,1,1,same_race
555,4545,0.04991556718388401,1,1,same_race
555,4624,0.04991556718388401,1,0,cross_race
4547,5353,0.0,1,0,cross_race
4547,5631,0.0,1,0,cross_race
985,3289,0.013241442183807961,1,1,same_race
985,3877,0.07324168473895909,1,1,same_race
985,5265,0.10959567713998009,1,1,same_race
4773,5361,0.0,0,0,same_race
609,3328,0.0,1,1,same_race
609,3637,0.0,1,1,same_race
609,4758,0.004520538768119642,1,0,cross_race
609,2556,0.004520538768119642,1,0,cross_race
5626,6344,0.0005863298203452327,0,1,cross_race
5626,7033,0.016709601777682215,0,1,cross_race
1886,5888,1.1102230246251565e-16,1,1,same_race
1886,6132,0.0007376097883854404,1,0,cross_race
1886,6499,0.0007376097883854404,1,1,same_race
4480,7170,0.0,0,1,cross_race
4480,5479,0.0,0,1,cross_race
3570,7109,0.0028151121975298343,0,1,cross_race
1098,3122,0.0027615522209778476,0,0,same_race
1098,6766,0.018413054653427574,0,1,cross_race
1098,2081,0.020251353292864094,0,1,cross_race
6182,7181,0.0004223948476875794,0,1,cross_race
3328,3637,0.0,1,1,same_race
3328,4758,0.004520538768119642,1,0,cross_race
1938,4924,0.0,0,1,cross_race
1938,3594,0.0,0,0,same_race
1938,2810,0.0,0,0,same_race
2442,6235,0.010050541036498162,0,0,same_race
2442,3158,0.012309416114553606,0,1,cross_race
2442,5129,0.020367888145438773,0,0,same_race
2442,3365,0.021383504185758295,0,0,same_race
3065,3600,0.0034840621508061,1,0,cross_race
3065,3972,0.004439995182426215,1,0,cross_race
3065,3091,0.006476242226756801,1,1,same_race
2261,2364,0.0,0,1,cross_race
2261,3133,0.0,0,1,cross_race
2261,2877,0.0,0,1,cross_race
2261,3816,0.001116683260603435,0,0,same_race
2261,2544,0.001116683260603435,0,1,cross_race
1966,7155,0.004862423181064446,1,0,cross_race
1966,7038,0.005186815859985927,1,0,cross_race
1966,2822,0.00794364576103368,1,1,same_race
2848,4773,0.007708267685391346,1,0,cross_race
2848,5361,0.007708267685391346,1,0,cross_race
2541,6560,0.0014194760372668869,1,1,same_race
2541,5666,0.0015002643982020558,1,1,same_race
2541,6097,0.003292143131499836,1,1,same_race
2541,4656,0.006130550803143953,1,1,same_race
5229,5237,0.002790780702181528,0,0,same_race
5229,6758,0.035933078681099406,0,1,cross_race
354,3279,0.02061602588365763,0,0,same_race
354,6780,0.09188207842428675,0,0,same_race
354,3573,0.09617512589718935,0,0,same_race
354,5578,0.14290300902615127,0,0,same_race
354,6477,0.147574108214797,0,0,same_race
5265,7181,0.04027483296660994,1,1,same_race
2091,3990,0.013123133358219019,1,1,same_race
2091,5705,0.01527464879032181,1,0,cross_race
2091,5738,0.02203028259193829,1,0,cross_race
4841,6554,0.0005558042635965821,1,0,cross_race
4841,7006,0.0021716215283027474,1,1,same_race
4841,6592,0.0038571960575486397,1,1,same_race
4123,5672,0.011774140221034401,0,1,cross_race
4123,4582,0.015783163435163505,0,1,cross_race
1885,2776,0.0,1,1,same_race
1885,5685,0.0025202068189144056,1,1,same_race
1885,3523,0.009913294862146982,1,0,cross_race
1885,5114,0.01013491372609654,1,1,same_race
3300,5370,0.0,1,1,same_race
3300,6201,0.0,1,1,same_race
291,3105,2.220446049250313e-16,0,1,cross_race
291,4688,0.0008562823733678782,0,1,cross_race
291,3120,0.0010240129952930888,0,0,same_race
291,683,0.0031387287292138355,0,0,same_race
291,1169,0.006483049967409449,0,1,cross_race
5942,6130,0.0022589973362480142,0,1,cross_race
5942,6257,0.008118540538484598,0,1,cross_race
2720,5842,0.004007056073139448,1,0,cross_race
4296,7074,0.006485748347660247,0,1,cross_race
4296,6858,0.06795925616639131,0,1,cross_race
4296,4692,0.12714829302544273,0,1,cross_race
3416,4305,0.0008602385950149394,0,0,same_race
3416,5997,0.010744246421260262,0,0,same_race
1691,2346,0.0005872117731592352,0,1,cross_race
1691,6709,0.003847661247560419,0,1,cross_race
1691,7116,0.004086643965273584,0,1,cross_race
1691,7033,0.004562810953633645,0,1,cross_race
1790,3926,0.00344621984332516,0,0,same_race
1790,5515,0.01228490691458839,0,0,same_race
1790,3741,0.014050077295790553,0,1,cross_race
1790,3967,0.017202661877702363,0,1,cross_race
1790,6329,0.017202661877702363,0,1,cross_race
3586,5536,0.0,0,1,cross_race
3586,3789,0.0025657803042890004,0,1,cross_race
6309,6392,0.00447927946466542,1,1,same_race
5449,5980,0.0017145786131622653,1,1,same_race
596,5993,1.1102230246251565e-16,1,0,cross_race
596,6114,1.1102230246251565e-16,1,1,same_race
596,2121,0.005976619565075669,1,1,same_race
596,2578,0.026021592124298776,1,1,same_race
2575,6009,0.00042817110120008106,1,0,cross_race
2575,2890,0.00042817110120008106,1,0,cross_race
2575,5355,0.00042817110120008106,1,1,same_race
529,1158,0.002018417024735042,1,0,cross_race
529,2271,0.007666210935244333,1,1,same_race
529,1661,0.08550681163328333,1,1,same_race
529,1377,0.3017549043425304,1,1,same_race
529,555,0.31686931153013054,1,1,same_race
474,5166,0.000543415572639705,1,1,same_race
474,4713,0.0006359825328914326,1,1,same_race
474,2819,0.0006359825328914326,1,0,cross_race
474,5747,0.0006359825328914326,1,0,cross_race
3789,4930,0.0,1,1,same_race
3789,6343,0.0,1,1,same_race
4847,6769,0.005860050292457841,0,1,cross_race
4909,6332,0.039860969793559686,1,0,cross_race
1002,2085,0.0,1,1,same_race
1002,2505,0.0,1,1,same_race
1002,5249,0.0,1,1,same_race
1002,3857,0.0012320418756595064,1,1,same_race
2578,6681,0.016222172292131853,1,1,same_race
2578,5993,0.026021592124298776,1,0,cross_race
2578,6114,0.026021592124298776,1,1,same_race
6254,6709,0.002357488823391596,1,1,same_race
6254,7116,0.005145773722840752,1,1,same_race
5276,6246,0.0022138694975849527,1,1,same_race
1158,2271,0.0018209080627052954,0,1,cross_race
1158,1661,0.08551520099621379,0,1,cross_race
1158,1377,0.3060897920870258,0,1,cross_race
775,2974,0.0,1,1,same_race
775,2566,0.0,1,1,same_race
775,3264,0.004221500464499539,1,1,same_race
775,3818,0.010115174233194302,1,1,same_race
775,4699,0.017212212903605417,1,1,same_race
4197,7212,0.00565187719338911,1,1,same_race
2253,6087,0.0004951654117649751,1,1,same_race
2253,4412,0.0005087571052022621,1,0,cross_race
3786,4620,0.09615901609321165,1,1,same_race
3786,6816,0.12340011060641976,1,1,same_race
3786,3868,0.15009247488042754,1,1,same_race
1820,2930,0.05131807958152679,0,1,cross_race
1820,3330,0.08724584764229726,0,0,same_race
4220,6832,0.0,1,1,same_race
4200,4547,0.002217442982714868,1,1,same_race
4200,5631,0.002217442982714868,1,0,cross_race
3403,4790,0.0,0,0,same_race
3403,3543,0.0,0,1,cross_race
3403,3835,0.0,0,1,cross_race
1096,3870,0.004028300186222911,0,0,same_race
1096,1299,0.00540822850121081,0,1,cross_race
1096,7088,0.007984586536236904,0,1,cross_race
1096,3489,0.008587572574850988,0,0,same_race
4298,5984,1.1102230246251565e-16,1,0,cross_race
4298,6195,0.0005583160911791785,1,0,cross_race
4298,4823,0.0005583160911791785,1,1,same_race
2819,5747,1.1102230246251565e-16,0,0,same_race
2819,6008,1.1102230246251565e-16,0,0,same_race
2819,6546,1.1102230246251565e-16,0,1,cross_race
2819,6642,1.1102230246251565e-16,0,1,cross_race
2819,4713,1.1102230246251565e-16,0,1,cross_race
5899,5959,0.0,1,1,same_race
5899,6119,0.0,1,1,same_race
3365,6235,0.0024347608665750142,0,0,same_race
3365,4556,0.009071771409542184,0,0,same_race
3365,5129,0.010015999918125962,0,0,same_race
1425,4272,0.0,1,1,same_race
1425,4405,0.0,1,0,cross_race
1425,6912,0.0005802549050819561,1,1,same_race
1425,4320,0.0006064972982940953,1,1,same_race
1425,5457,0.0022652857527609704,1,0,cross_race
3525,7170,0.0,1,1,same_race
3525,5479,0.0,1,1,same_race
7116,7143,0.0019500312787248397,1,1,same_race
1038,3841,0.005505266876102977,1,1,same_race
1038,6134,0.008833187294785216,1,1,same_race
1038,6382,0.012807989413064713,1,1,same_race
1038,2932,0.013799570796914407,1,1,same_race
1038,1502,0.014775995233770933,1,0,cross_race
2672,6769,0.0,1,1,same_race
2672,4847,0.005860050292457841,1,0,cross_race
2672,6210,0.008354981091221014,1,1,same_race
5235,5786,1.1102230246251565e-16,1,0,cross_race
111,1952,0.0,0,0,same_race
111,2448,0.0,0,1,cross_race
111,5536,0.0,0,1,cross_race
111,3789,0.0025657803042890004,0,1,cross_race
1378,3439,0.0011081899502766168,1,1,same_race
1378,6104,0.0011691231634956,1,1,same_race
5393,6880,0.008286139807575421,1,0,cross_race
698,5333,0.0013711103235796163,1,1,same_race
698,5752,0.0013711103235796163,1,0,cross_race
698,3816,0.007460950878527384,1,0,cross_race
698,2544,0.007460950878527384,1,1,same_race
698,6160,0.008211122109608726,1,0,cross_race
3498,6806,0.00041749874587060365,0,0,same_race
3498,6496,0.011577421802442034,0,0,same_race
4717,5678,0.0035855455062250297,1,0,cross_race
4717,5900,0.0035855455062250297,1,1,same_race
4717,6053,0.004165370213991992,1,0,cross_race
4717,6841,0.004165370213991992,1,0,cross_race
4994,6707,0.0,0,0,same_race
4994,7175,0.0001868273062721748,0,0,same_race
4994,5350,0.0001868273062721748,0,0,same_race
5322,6569,0.0016576738183718964,0,0,same_race
4253,5719,0.0,0,1,cross_race
4253,7120,0.0,0,0,same_race
4256,4912,2.220446049250313e-16,0,0,same_race
4256,5503,2.220446049250313e-16,0,1,cross_race
4256,7020,2.220446049250313e-16,0,1,cross_race
3091,3972,0.00019211091573423378,1,0,cross_race
3091,6257,0.004198760798106549,1,1,same_race
1631,3598,0.0005073506847230735,1,1,same_race
1631,3629,0.000537204381957479,1,1,same_race
1631,6309,0.001969023624104782,1,1,same_race
1631,7094,0.00346872624389416,1,1,same_race
738,6382,0.0010637616012340034,1,1,same_race
738,2391,0.0014963756311596743,1,1,same_race
738,1502,0.0041691936198369195,1,0,cross_race
738,2215,0.00561910591962167,1,1,same_race
738,3841,0.006852807406990902,1,1,same_race
6265,6375,0.006496134642482221,1,1,same_race
6265,6788,0.01149784706327761,1,1,same_race
1824,3295,1.1102230246251565e-16,1,0,cross_race
1824,6696,1.1102230246251565e-16,1,1,same_race
1824,6788,0.0004638969249501912,1,1,same_race
1824,4404,0.0004638969249501912,1,1,same_race
6191,7170,0.0,1,1,same_race
1899,2183,0.000645709890291779,1,1,same_race
1899,4038,0.0024719077272805645,1,1,same_race
1899,4232,0.0024719077272805645,1,1,same_race
1899,3833,0.0025375716689414185,1,0,cross_race
2850,5842,0.00042285237233885553,0,0,same_race
2850,4212,0.00046811000196833596,0,1,cross_race
2850,6519,0.00046811000196833596,0,0,same_race
1949,4375,0.0009995559930240372,1,0,cross_race
1949,2511,0.0010896076206852179,1,1,same_race
1949,4416,0.0038181741980684025,1,1,same_race
5592,6742,0.007837371625057044,1,1,same_race
5592,6329,0.009826188093340127,1,1,same_race
5131,6194,0.08402365596660832,1,1,same_race
5131,5233,0.10253908926826327,1,0,cross_race
939,5984,1.1102230246251565e-16,0,0,same_race
939,4298,1.1102230246251565e-16,0,1,cross_race
939,3572,0.0005583160911791785,0,0,same_race
939,6195,0.0005583160911791785,0,0,same_race
939,4823,0.0005583160911791785,0,1,cross_race
3813,5393,0.005706786837002209,0,1,cross_race
3813,7204,0.00987210783364445,0,1,cross_race
3813,6880,0.013688565888813509,0,0,same_race
4399,4412,0.0005206822351191409,0,0,same_race
868,6210,0.0019029325990836954,1,1,same_race
868,2672,0.0028002879211943554,1,1,same_race
868,6769,0.0028002879211943554,1,1,same_race
868,3221,0.0042905713977806625,1,1,same_race
279,7094,0.0004964109518572624,0,1,cross_race
279,7129,0.002041491628948844,0,0,same_race
279,5457,0.002041491628948844,0,0,same_race
279,640,0.003153747385931216,0,1,cross_race
279,7079,0.003153747385931216,0,1,cross_race
3857,5290,0.0,1,0,cross_race
3857,4813,0.0,1,1,same_race
2828,6832,0.0008007880269341738,1,1,same_race
2828,3182,0.0008007880269341738,1,0,cross_race
2828,4220,0.0008007880269341738,1,1,same_race
4458,6057,2.220446049250313e-16,0,0,same_race
4458,5752,0.011828179230904401,0,0,same_race
5859,6922,0.0014858737453313786,0,0,same_race
5859,7007,0.0014858737453313786,0,1,cross_race
1380,6263,0.0,0,0,same_race
1380,3509,0.0008249628198484515,0,1,cross_race
1380,2602,0.0037182358443288432,0,0,same_race
5747,6008,1.1102230246251565e-16,0,0,same_race
5747,6546,1.1102230246251565e-16,0,1,cross_race
5747,6642,1.1102230246251565e-16,0,1,cross_race
5737,6696,0.0028435876664232307,0,1,cross_race
2213,2652,1.1102230246251565e-16,1,0,cross_race
2213,7006,0.003310641051039842,1,1,same_race
2213,6287,0.0035096248270068964,1,0,cross_race
2213,6554,0.00415082670868594,1,0,cross_race
3688,6043,0.0,0,0,same_race
3688,4819,0.007691112574712111,0,0,same_race
655,3934,0.0015298132301000411,1,1,same_race
655,1724,0.0027489637709009473,1,1,same_race
655,2754,0.008088832750936303,1,1,same_race
655,3833,0.008907248405173318,1,0,cross_race
5353,5631,0.0,0,0,same_race
3489,6846,0.006773946146923726,0,1,cross_race
3489,5069,0.008011658415140066,0,1,cross_race
1836,6515,0.11322580922550884,1,1,same_race
1836,6816,0.1326681029328708,1,1,same_race
1836,5706,0.13391336879191695,1,1,same_race
1836,5077,0.15662550318518131,1,1,same_race
5237,6758,0.028300559926055624,0,1,cross_race
3936,4518,1.1102230246251565e-16,1,1,same_race
3936,6295,1.1102230246251565e-16,1,0,cross_race
3936,5642,0.00048070519939824585,1,1,same_race
6880,7204,0.0013479284522636137,0,1,cross_race
4117,4842,0.001708415889249637,0,1,cross_race
4117,4897,0.001708415889249637,0,1,cross_race
3278,5169,2.220446049250313e-16,0,1,cross_race
3278,3342,2.220446049250313e-16,0,1,cross_race
1629,5441,0.0,1,1,same_race
1629,2099,0.005523143872602887,1,1,same_race
1629,3523,0.007484844457147366,1,0,cross_race
1629,5685,0.008748407876232656,1,1,same_race
1629,6689,0.01334694264445313,1,1,same_race
622,6309,0.001735501083184987,0,1,cross_race
622,6392,0.0030728260895891424,0,1,cross_race
622,3598,0.004032197155051653,0,1,cross_race
622,1631,0.0073948404934264245,0,1,cross_race
1906,3658,0.0017641672546340192,1,1,same_race
1906,7007,0.0017641672546340192,1,1,same_race
1906,4286,0.0017641672546340192,1,0,cross_race
1906,2392,0.0017641672546340192,1,1,same_race
1906,6922,0.0017641672546340192,1,0,cross_race
6912,7129,0.0005528742551078603,1,0,cross_race
640,7079,1.1102230246251565e-16,1,1,same_race
640,5642,1.1102230246251565e-16,1,1,same_race
640,1472,0.00045431329523870634,1,0,cross_race
640,2575,0.00045431329523870634,1,1,same_race
640,2551,0.00045431329523870634,1,1,same_race
50,6159,0.0,0,0,same_race
50,459,0.002106541627988401,0,0,same_race
50,238,0.002106541627988401,0,0,same_race
50,4517,0.002364347580264825,0,1,cross_race
50,5676,0.002364347580264825,0,1,cross_race
75,649,0.0026072532048493358,1,0,cross_race
75,95,0.0026072532048493358,1,0,cross_race
75,6467,0.0026072532048493358,1,0,cross_race
75,3672,0.011044933539372415,1,0,cross_race
75,4638,0.011044933539372415,1,0,cross_race
4719,4790,0.0,0,0,same_race
4162,4585,0.005708605293792468,1,1,same_race
4162,6319,0.0057363603191641355,1,0,cross_race
2795,5617,0.0010952859812336513,1,1,same_race
2795,6900,0.007866257190775938,1,1,same_race
2248,3570,0.0029309811993216695,0,0,same_race
2248,3327,0.0029309811993216695,0,0,same_race
2248,3150,0.002981809654168055,0,1,cross_race
521,2591,0.000625901847455812,0,0,same_race
521,1958,0.00552761770377086,0,1,cross_race
521,3884,0.00552761770377086,0,0,same_race
521,6659,0.005615629751465456,0,0,same_race
521,2259,0.005615629751465456,0,0,same_race
4962,6906,0.0011666439879447488,0,0,same_race
1619,2011,0.0,1,1,same_race
1619,1876,0.0,1,1,same_race
6217,6553,0.0005770330371386301,0,0,same_race
1028,1493,0.007004843503073177,1,1,same_race
1028,3203,0.10627868911038885,1,1,same_race
1028,6000,0.14483011144327562,1,1,same_race
1028,1836,0.16239344967553826,1,1,same_race
1028,1469,0.2028160652452906,1,1,same_race
1768,4307,0.0,1,0,cross_race
1768,2940,0.0,1,1,same_race
1768,2029,0.0,1,1,same_race
1768,6270,0.0011954337149834293,1,0,cross_race
6605,6867,0.002747459585316414,0,0,same_race
801,2460,0.0020028576326514003,0,0,same_race
801,5449,0.0020028576326514003,0,1,cross_race
801,2855,0.002315410768728321,0,1,cross_race
801,3881,0.002315410768728321,0,0,same_race
4732,5069,0.0013649563022506417,0,1,cross_race
4732,6846,0.005065813268341435,0,1,cross_race
5923,6002,0.0,1,1,same_race
5036,6922,0.0,1,0,cross_race
4224,5289,0.0013013878802498047,0,1,cross_race
4224,5393,0.008548646849586006,0,1,cross_race
7094,7129,0.0005247926629338151,1,0,cross_race
4663,6730,0.006906276264456945,1,1,same_race
4663,6433,0.010131876492899039,1,1,same_race
4670,6316,0.0006708576462700622,1,0,cross_race
4670,6605,0.0006802527895080068,1,0,cross_race
2448,5536,0.0,1,1,same_race
2448,3789,0.0025657803042890004,1,1,same_race
6477,6529,9.333551849366462e-05,0,1,cross_race
1414,1776,0.0003443564178352565,1,1,same_race
1414,5842,0.00038167175479175697,1,0,cross_race
1414,1816,0.0013089419887943876,1,0,cross_race
1414,4181,0.0013089419887943876,1,0,cross_race
1414,4617,0.0016076706276860753,1,0,cross_race
2710,6658,0.0008119187950672568,1,1,same_race
2710,3118,0.002079657819073155,1,0,cross_race
2710,5578,0.004842610526212043,1,0,cross_race
2710,3620,0.006833576858296775,1,0,cross_race
5386,5907,1.1102230246251565e-16,0,1,cross_race
2469,3368,0.1302934418403635,1,1,same_race
2469,3141,0.1453943545302795,1,1,same_race
497,3688,0.002200355692669964,1,0,cross_race
497,6043,0.002200355692669964,1,0,cross_race
497,3775,0.002357322448392596,1,0,cross_race
497,872,0.008430152490026765,1,0,cross_race
5401,6742,0.0018385880998957882,1,1,same_race
5401,5592,0.002087901953486959,1,1,same_race
1286,2170,0.004165044393340311,1,0,cross_race
1713,6810,0.0,1,1,same_race
1713,6097,0.004351590435226038,1,1,same_race
1713,6560,0.0049460932312856976,1,1,same_race
2364,3133,0.0,1,1,same_race
2364,2877,0.0,1,1,same_race
2364,3816,0.001116683260603435,1,0,cross_race
2364,2544,0.001116683260603435,1,1,same_race
884,3569,0.0,1,0,cross_race
884,4532,0.002830917697427493,1,0,cross_race
884,3268,0.0030038565739916034,1,0,cross_race
884,4517,0.010865795538739231,1,1,same_race
884,5676,0.010865795538739231,1,1,same_race
637,6073,0.00023258263583247896,1,0,cross_race
637,6235,0.009995460647562293,1,0,cross_race
637,3365,0.014775795260699387,1,0,cross_race
637,4317,0.018423809032520944,1,0,cross_race
637,3158,0.023397167545217146,1,1,same_race
2467,2766,0.045755563878666194,1,1,same_race
3748,6820,0.0031839750837066028,0,0,same_race
3748,6508,0.003554395005007538,0,0,same_race
3748,6479,0.004625650615709631,0,0,same_race
4000,5861,0.0,0,1,cross_race
4000,4903,0.0,0,0,same_race
2024,4296,0.004245655140158178,1,0,cross_race
2024,7074,0.021013757781240816,1,1,same_race
2024,6858,0.041081540020517004,1,1,same_race
2024,3748,0.09506469322515643,1,0,cross_race
2404,4399,0.0005307326546855062,1,0,cross_race
2404,4593,0.0005387258063433986,1,1,same_race
2404,4412,0.002102229044036452,1,0,cross_race
2404,4490,0.0046769221818812046,1,1,same_race
4283,5672,0.000743251621263874,1,1,same_race
4283,4582,0.004840792073959821,1,1,same_race
4283,6730,0.007286632721246855,1,1,same_race
2841,5980,0.0,1,1,same_race
2841,6954,0.0014569551267413772,1,0,cross_race
