id_i,id_j,distance,race_i,race_j,pair_type,profile_id
3221,3972,,1,0,cross_race,36+_6+_felony
6941,3523,,1,0,cross_race,36+_6+_felony
1096,738,,0,1,cross_race,36+_6+_felony
1020,7026,,1,1,same_race,36+_6+_felony
6846,5613,,1,1,same_race,36+_6+_felony
3147,625,,0,1,cross_race,36+_6+_felony
4699,4732,,1,0,cross_race,36+_6+_felony
1096,1038,,0,1,cross_race,36+_6+_felony
3870,6983,,0,0,same_race,36+_6+_felony
2268,4317,,1,0,cross_race,36+_6+_felony
20,2974,,1,1,same_race,36+_6+_felony
398,6382,,1,1,same_race,36+_6+_felony
5069,833,,1,1,same_race,36+_6+_felony
2147,5542,,1,0,cross_race,36+_6+_felony
1299,833,,1,1,same_race,36+_6+_felony
6382,5069,,1,1,same_race,36+_6+_felony
1299,5685,,1,1,same_race,36+_6+_felony
757,5699,,1,1,same_race,36+_6+_felony
6816,5069,,1,1,same_race,36+_6+_felony
398,4699,,1,1,same_race,36+_6+_felony
5685,4847,,1,0,cross_race,36+_6+_felony
6816,7088,,1,1,same_race,36+_6+_felony
3147,2202,,0,1,cross_race,36+_6+_felony
2932,3600,,1,0,cross_race,36+_6+_felony
3221,2391,,1,1,same_race,36+_6+_felony
2288,2932,,1,1,same_race,36+_6+_felony
6769,625,,1,1,same_race,36+_6+_felony
1400,6983,,1,0,cross_race,36+_6+_felony
58,2099,,0,1,cross_race,36+_6+_felony
4998,6210,,0,1,cross_race,36+_6+_felony
6983,4732,,0,0,same_race,36+_6+_felony
3147,1096,,0,0,same_race,36+_6+_felony
398,1629,,1,1,same_race,36+_6+_felony
6194,7026,,1,1,same_race,36+_6+_felony
5685,3065,,1,1,same_race,36+_6+_felony
4238,3091,,0,1,cross_race,36+_6+_felony
2215,6382,,1,1,same_race,36+_6+_felony
3818,2391,,1,1,same_race,36+_6+_felony
4847,4732,,0,0,same_race,36+_6+_felony
6975,2974,,1,1,same_race,36+_6+_felony
757,7026,,1,1,same_race,36+_6+_felony
2147,4699,,1,1,same_race,36+_6+_felony
833,6247,,1,1,same_race,36+_6+_felony
4238,833,,0,1,cross_race,36+_6+_felony
7088,3600,,1,0,cross_race,36+_6+_felony
757,833,,1,1,same_race,36+_6+_felony
2215,1020,,1,1,same_race,36+_6+_felony
3221,4847,,1,0,cross_race,36+_6+_felony
6975,2268,,1,1,same_race,36+_6+_felony
2932,6247,,1,1,same_race,36+_6+_felony
6846,3264,,1,1,same_race,36+_6+_felony
3972,738,,0,1,cross_race,36+_6+_felony
2649,1096,,0,0,same_race,36+_6+_felony
3221,2268,,1,1,same_race,36+_6+_felony
4238,3147,,0,0,same_race,36+_6+_felony
1400,1038,,1,1,same_race,36+_6+_felony
6769,833,,1,1,same_race,36+_6+_felony
4998,833,,0,1,cross_race,36+_6+_felony
4140,2169,,1,0,cross_race,36+_6+_felony
2932,2391,,1,1,same_race,36+_6+_felony
5542,2823,,0,1,cross_race,36+_6+_felony
3818,3912,,1,0,cross_race,36+_6+_felony
6194,2754,,1,1,same_race,36+_6+_felony
398,2202,,1,1,same_race,36+_6+_felony
1400,6670,,1,1,same_race,36+_6+_felony
2215,5542,,1,0,cross_race,36+_6+_felony
2169,1960,,0,1,cross_race,36+_6+_felony
2147,2202,,1,1,same_race,36+_6+_felony
7088,20,,1,1,same_race,36+_6+_felony
6194,3600,,1,0,cross_race,36+_6+_felony
5441,5699,,1,1,same_race,36+_6+_felony
3870,5069,,0,1,cross_race,36+_6+_felony
3221,3065,,1,1,same_race,36+_6+_felony
6846,1299,,1,1,same_race,36+_6+_felony
833,4699,,1,1,same_race,36+_6+_felony
4317,1096,,0,0,same_race,36+_6+_felony
3818,7088,,1,1,same_race,36+_6+_felony
7026,4699,,1,1,same_race,36+_6+_felony
757,2169,,1,0,cross_race,36+_6+_felony
58,2202,,0,1,cross_race,36+_6+_felony
4998,3264,,0,1,cross_race,36+_6+_felony
2649,20,,0,1,cross_race,36+_6+_felony
3972,3912,,0,0,same_race,36+_6+_felony
2268,1038,,1,1,same_race,36+_6+_felony
6816,4998,,1,0,cross_race,36+_6+_felony
2202,4140,,1,1,same_race,36+_6+_felony
2288,738,,1,1,same_race,36+_6+_felony
6975,4732,,1,0,cross_race,36+_6+_felony
4317,1537,,0,0,same_race,36+_6+_felony
4317,3065,,0,1,cross_race,36+_6+_felony
5069,2672,,1,1,same_race,36+_6+_felony
3147,3264,,0,1,cross_race,36+_6+_felony
2215,6247,,1,1,same_race,36+_6+_felony
2932,1038,,1,1,same_race,36+_6+_felony
3841,6382,,1,1,same_race,36+_6+_felony
2147,3091,,1,1,same_race,36+_6+_felony
5542,5685,,0,1,cross_race,36+_6+_felony
4140,3489,,1,0,cross_race,36+_6+_felony
4238,738,,0,1,cross_race,36+_6+_felony
6846,4140,,1,1,same_race,36+_6+_felony
700,6247,,1,1,same_race,36+_6+_felony
775,1629,,1,1,same_race,36+_6+_felony
5542,4847,,0,0,same_race,36+_6+_felony
3221,1502,,1,0,cross_race,36+_6+_felony
1502,1038,,0,1,cross_race,36+_6+_felony
2649,2932,,0,1,cross_race,36+_6+_felony
3065,6247,,1,1,same_race,36+_6+_felony
6975,1001,,1,0,cross_race,36+_6+_felony
3221,5233,,1,0,cross_race,36+_6+_felony
3972,6670,,0,1,cross_race,36+_6+_felony
6194,5685,,1,1,same_race,36+_6+_felony
4238,1537,,0,0,same_race,36+_6+_felony
3221,58,,1,0,cross_race,36+_6+_felony
4238,2754,,0,1,cross_race,36+_6+_felony
6382,4140,,1,1,same_race,36+_6+_felony
5613,1096,,1,0,cross_race,36+_6+_felony
6194,3523,,1,0,cross_race,36+_6+_felony
3818,3065,,1,1,same_race,36+_6+_felony
2566,6194,,1,1,same_race,36+_6+_felony
1299,2754,,1,1,same_race,36+_6+_felony
833,4317,,1,0,cross_race,36+_6+_felony
2147,2169,,1,0,cross_race,36+_6+_felony
625,738,,1,1,same_race,36+_6+_felony
4317,5699,,0,1,cross_race,36+_6+_felony
5069,3091,,1,1,same_race,36+_6+_felony
2932,1537,,1,0,cross_race,36+_6+_felony
58,2391,,0,1,cross_race,36+_6+_felony
6210,2099,,1,1,same_race,36+_6+_felony
1299,6983,,1,0,cross_race,36+_6+_felony
7088,1629,,1,1,same_race,36+_6+_felony
5441,1537,,1,0,cross_race,36+_6+_felony
1400,2823,,1,1,same_race,36+_6+_felony
2974,3065,,1,1,same_race,36+_6+_felony
4804,3523,,1,0,cross_race,36+_6+_felony
2391,1629,,1,1,same_race,36+_6+_felony
6134,2099,,1,1,same_race,36+_6+_felony
3258,738,,1,1,same_race,36+_6+_felony
1299,2649,,1,0,cross_race,36+_6+_felony
2566,6210,,1,1,same_race,36+_6+_felony
4317,6983,,0,0,same_race,36+_6+_felony
1020,3258,,1,1,same_race,36+_6+_felony
5441,20,,1,1,same_race,36+_6+_felony
3972,3600,,0,0,same_race,36+_6+_felony
833,6670,,1,1,same_race,36+_6+_felony
6975,1299,,1,1,same_race,36+_6+_felony
7088,5613,,1,1,same_race,36+_6+_felony
4953,4998,,1,0,cross_race,36+_6+_felony
3818,4140,,1,1,same_race,36+_6+_felony
6846,2672,,1,1,same_race,36+_6+_felony
4998,6769,,0,1,cross_race,36+_6+_felony
5441,4317,,1,0,cross_race,36+_6+_felony
7026,775,,1,1,same_race,36+_6+_felony
6941,2099,,1,1,same_race,36+_6+_felony
2147,2672,,1,1,same_race,36+_6+_felony
6769,3489,,1,0,cross_race,36+_6+_felony
749,6846,,1,1,same_race,36+_6+_felony
757,2754,,1,1,same_race,36+_6+_felony
4699,3065,,1,1,same_race,36+_6+_felony
5613,833,,1,1,same_race,36+_6+_felony
2215,5613,,1,1,same_race,36+_6+_felony
4953,7026,,1,1,same_race,36+_6+_felony
4140,2672,,1,1,same_race,36+_6+_felony
398,6210,,1,1,same_race,36+_6+_felony
3972,757,,0,1,cross_race,36+_6+_felony
2147,3065,,1,1,same_race,36+_6+_felony
2288,1502,,1,0,cross_race,36+_6+_felony
3065,738,,1,1,same_race,36+_6+_felony
3972,2823,,0,1,cross_race,36+_6+_felony
5699,6247,,1,1,same_race,36+_6+_felony
1400,3489,,1,0,cross_race,36+_6+_felony
6975,6769,,1,1,same_race,36+_6+_felony
757,3091,,1,1,same_race,36+_6+_felony
833,3258,,1,1,same_race,36+_6+_felony
5233,1020,,0,1,cross_race,36+_6+_felony
2099,20,,1,1,same_race,36+_6+_felony
6210,3091,,1,1,same_race,36+_6+_felony
5613,3600,,1,0,cross_race,36+_6+_felony
3972,1502,,0,0,same_race,36+_6+_felony
2147,4238,,1,0,cross_race,36+_6+_felony
5706,3264,,1,1,same_race,36+_6+_felony
1960,2672,,1,1,same_race,36+_6+_felony
625,4732,,1,0,cross_race,36+_6+_felony
4847,2672,,0,1,cross_race,36+_6+_felony
2932,1400,,1,1,same_race,36+_6+_felony
833,3523,,1,0,cross_race,36+_6+_felony
749,6134,,1,1,same_race,36+_6+_felony
58,1400,,0,1,cross_race,36+_6+_felony
6134,2932,,1,1,same_race,36+_6+_felony
3841,5685,,1,1,same_race,36+_6+_felony
2566,5542,,1,0,cross_race,36+_6+_felony
6210,4847,,1,0,cross_race,36+_6+_felony
4238,6247,,0,1,cross_race,36+_6+_felony
4317,2754,,0,1,cross_race,36+_6+_felony
6769,775,,1,1,same_race,36+_6+_felony
5069,4699,,1,1,same_race,36+_6+_felony
2169,6670,,0,1,cross_race,36+_6+_felony
1001,1537,,0,0,same_race,36+_6+_felony
4699,738,,1,1,same_race,36+_6+_felony
4238,1629,,0,1,cross_race,36+_6+_felony
3870,6382,,0,1,cross_race,36+_6+_felony
3870,6941,,0,1,cross_race,36+_6+_felony
2391,2823,,1,1,same_race,36+_6+_felony
749,2823,,1,1,same_race,36+_6+_felony
4317,775,,0,1,cross_race,36+_6+_felony
1400,4732,,1,0,cross_race,36+_6+_felony
700,2391,,1,1,same_race,36+_6+_felony
749,3091,,1,1,same_race,36+_6+_felony
3147,6670,,0,1,cross_race,36+_6+_felony
2566,3065,,1,1,same_race,36+_6+_felony
6975,625,,1,1,same_race,36+_6+_felony
3818,20,,1,1,same_race,36+_6+_felony
398,3258,,1,1,same_race,36+_6+_felony
4804,5542,,1,0,cross_race,36+_6+_felony
4953,4732,,1,0,cross_race,36+_6+_felony
5706,1299,,1,1,same_race,36+_6+_felony
5441,4998,,1,0,cross_race,36+_6+_felony
3264,4317,,1,0,cross_race,36+_6+_felony
4699,1629,,1,1,same_race,36+_6+_felony
58,3264,,0,1,cross_race,36+_6+_felony
6816,833,,1,1,same_race,36+_6+_felony
3523,868,,0,1,cross_race,36+_6+_felony
6670,3091,,1,1,same_race,36+_6+_felony
1502,700,,0,1,cross_race,36+_6+_felony
3600,2169,,0,0,same_race,36+_6+_felony
700,2169,,1,0,cross_race,36+_6+_felony
3870,3264,,0,1,cross_race,36+_6+_felony
5706,2202,,1,1,same_race,36+_6+_felony
3912,2202,,0,1,cross_race,36+_6+_felony
2215,4732,,1,0,cross_race,36+_6+_felony
4953,6670,,1,1,same_race,36+_6+_felony
749,3147,,1,0,cross_race,36+_6+_felony
2974,1537,,1,0,cross_race,36+_6+_felony
6769,20,,1,1,same_race,36+_6+_felony
5706,6769,,1,1,same_race,36+_6+_felony
5233,2823,,0,1,cross_race,36+_6+_felony
2823,1629,,1,1,same_race,36+_6+_felony
7026,2202,,1,1,same_race,36+_6+_felony
3972,6382,,0,1,cross_race,36+_6+_felony
5441,4847,,1,0,cross_race,36+_6+_felony
6670,1096,,1,0,cross_race,36+_6+_felony
4238,3489,,0,0,same_race,36+_6+_felony
2215,2099,,1,1,same_race,36+_6+_felony
1502,6975,,0,1,cross_race,36+_6+_felony
1299,2672,,1,1,same_race,36+_6+_felony
5233,6975,,0,1,cross_race,36+_6+_felony
2649,3523,,0,0,same_race,36+_6+_felony
3258,6247,,1,1,same_race,36+_6+_felony
5699,3091,,1,1,same_race,36+_6+_felony
6941,2202,,1,1,same_race,36+_6+_felony
3221,700,,1,1,same_race,36+_6+_felony
398,6194,,1,1,same_race,36+_6+_felony
398,7088,,1,1,same_race,36+_6+_felony
6382,2672,,1,1,same_race,36+_6+_felony
3972,6941,,0,1,cross_race,36+_6+_felony
6941,3264,,1,1,same_race,36+_6+_felony
58,738,,0,1,cross_race,36+_6+_felony
4238,4140,,0,1,cross_race,36+_6+_felony
1960,775,,1,1,same_race,36+_6+_felony
2754,5685,,1,1,same_race,36+_6+_felony
6194,1038,,1,1,same_race,36+_6+_felony
868,4732,,1,0,cross_race,36+_6+_felony
3841,2268,,1,1,same_race,36+_6+_felony
2823,1537,,1,0,cross_race,36+_6+_felony
6670,1038,,1,1,same_race,36+_6+_felony
6816,3972,,1,0,cross_race,36+_6+_felony
4804,2202,,1,1,same_race,36+_6+_felony
5613,6941,,1,1,same_race,36+_6+_felony
4804,4998,,1,0,cross_race,36+_6+_felony
5542,1629,,0,1,cross_race,36+_6+_felony
1299,3264,,1,1,same_race,36+_6+_felony
5441,58,,1,0,cross_race,36+_6+_felony
5233,738,,0,1,cross_race,36+_6+_felony
6670,6983,,1,0,cross_race,36+_6+_felony
2147,6194,,1,1,same_race,36+_6+_felony
3870,1960,,0,1,cross_race,36+_6+_felony
4953,3489,,1,0,cross_race,36+_6+_felony
5542,1400,,0,1,cross_race,36+_6+_felony
3258,5699,,1,1,same_race,36+_6+_felony
6382,700,,1,1,same_race,36+_6+_felony
5542,2672,,0,1,cross_race,36+_6+_felony
2147,1299,,1,1,same_race,36+_6+_felony
398,2391,,1,1,same_race,36+_6+_felony
1299,4847,,1,0,cross_race,36+_6+_felony
58,4699,,0,1,cross_race,36+_6+_felony
2566,1020,,1,1,same_race,36+_6+_felony
398,2649,,1,0,cross_race,36+_6+_felony
6769,1960,,1,1,same_race,36+_6+_felony
6194,3147,,1,0,cross_race,36+_6+_felony
2099,5699,,1,1,same_race,36+_6+_felony
3818,4317,,1,0,cross_race,36+_6+_felony
3841,6210,,1,1,same_race,36+_6+_felony
58,3065,,0,1,cross_race,36+_6+_felony
6816,1020,,1,1,same_race,36+_6+_felony
6382,5699,,1,1,same_race,36+_6+_felony
3972,625,,0,1,cross_race,36+_6+_felony
3870,2649,,0,0,same_race,36+_6+_felony
3912,2099,,0,1,cross_race,36+_6+_felony
700,2268,,1,1,same_race,36+_6+_felony
1299,3523,,1,0,cross_race,36+_6+_felony
833,2974,,1,1,same_race,36+_6+_felony
4998,2974,,0,1,cross_race,36+_6+_felony
700,2099,,1,1,same_race,36+_6+_felony
5441,4732,,1,0,cross_race,36+_6+_felony
5069,1038,,1,1,same_race,36+_6+_felony
2566,4140,,1,1,same_race,36+_6+_felony
7088,2823,,1,1,same_race,36+_6+_felony
7026,3065,,1,1,same_race,36+_6+_felony
3972,6247,,0,1,cross_race,36+_6+_felony
749,6975,,1,1,same_race,36+_6+_felony
3818,3841,,1,1,same_race,36+_6+_felony
2932,6670,,1,1,same_race,36+_6+_felony
3818,625,,1,1,same_race,36+_6+_felony
4238,6194,,0,1,cross_race,36+_6+_felony
2391,3258,,1,1,same_race,36+_6+_felony
7026,1960,,1,1,same_race,36+_6+_felony
5441,2215,,1,1,same_race,36+_6+_felony
2391,5685,,1,1,same_race,36+_6+_felony
1502,3523,,0,0,same_race,36+_6+_felony
6134,3523,,1,0,cross_race,36+_6+_felony
3600,625,,0,1,cross_race,36+_6+_felony
1502,6382,,0,1,cross_race,36+_6+_felony
3600,20,,0,1,cross_race,36+_6+_felony
5613,5685,,1,1,same_race,36+_6+_felony
5233,2649,,0,0,same_race,36+_6+_felony
3912,1960,,0,1,cross_race,36+_6+_felony
749,2391,,1,1,same_race,36+_6+_felony
2288,6382,,1,1,same_race,36+_6+_felony
3870,3912,,0,0,same_race,36+_6+_felony
1020,20,,1,1,same_race,36+_6+_felony
3818,2754,,1,1,same_race,36+_6+_felony
3818,6941,,1,1,same_race,36+_6+_felony
2823,3065,,1,1,same_race,36+_6+_felony
3972,1400,,0,1,cross_race,36+_6+_felony
3912,3523,,0,0,same_race,36+_6+_felony
5441,2754,,1,1,same_race,36+_6+_felony
3841,1960,,1,1,same_race,36+_6+_felony
6975,2754,,1,1,same_race,36+_6+_felony
2268,2169,,1,0,cross_race,36+_6+_felony
3221,6983,,1,0,cross_race,36+_6+_felony
2202,6670,,1,1,same_race,36+_6+_felony
757,1096,,1,0,cross_race,36+_6+_felony
7088,2672,,1,1,same_race,36+_6+_felony
749,625,,1,1,same_race,36+_6+_felony
1001,6670,,0,1,cross_race,36+_6+_felony
58,2169,,0,0,same_race,36+_6+_felony
1020,1537,,1,0,cross_race,36+_6+_felony
749,5706,,1,1,same_race,36+_6+_felony
3912,4317,,0,0,same_race,36+_6+_felony
1960,1096,,1,0,cross_race,36+_6+_felony
6816,6846,,1,1,same_race,36+_6+_felony
4238,6983,,0,0,same_race,36+_6+_felony
2288,4998,,1,0,cross_race,36+_6+_felony
6670,775,,1,1,same_race,36+_6+_felony
5706,6194,,1,1,same_race,36+_6+_felony
2754,1537,,1,0,cross_race,36+_6+_felony
2215,833,,1,1,same_race,36+_6+_felony
5706,3065,,1,1,same_race,36+_6+_felony
3221,3600,,1,0,cross_race,36+_6+_felony
5441,2202,,1,1,same_race,36+_6+_felony
2649,5699,,0,1,cross_race,36+_6+_felony
2932,3912,,1,0,cross_race,36+_6+_felony
6816,2932,,1,1,same_race,36+_6+_felony
2202,833,,1,1,same_race,36+_6+_felony
6210,2202,,1,1,same_race,36+_6+_felony
6816,3489,,1,0,cross_race,36+_6+_felony
3600,2391,,0,1,cross_race,36+_6+_felony
2169,6247,,0,1,cross_race,36+_6+_felony
5613,3523,,1,0,cross_race,36+_6+_felony
3600,833,,0,1,cross_race,36+_6+_felony
3221,1096,,1,0,cross_race,36+_6+_felony
4238,5699,,0,1,cross_race,36+_6+_felony
1502,5613,,0,1,cross_race,36+_6+_felony
4804,3870,,1,0,cross_race,36+_6+_felony
4953,6247,,1,1,same_race,36+_6+_felony
6846,775,,1,1,same_race,36+_6+_felony
2649,3264,,0,1,cross_race,36+_6+_felony
398,4140,,1,1,same_race,36+_6+_felony
3818,1629,,1,1,same_race,36+_6+_felony
3221,3258,,1,1,same_race,36+_6+_felony
5706,6247,,1,1,same_race,36+_6+_felony
4804,2974,,1,1,same_race,36+_6+_felony
3600,3065,,0,1,cross_race,36+_6+_felony
6975,2391,,1,1,same_race,36+_6+_felony
3870,1038,,0,1,cross_race,36+_6+_felony
3818,6382,,1,1,same_race,36+_6+_felony
20,5699,,1,1,same_race,36+_6+_felony
4953,3972,,1,0,cross_race,36+_6+_felony
6134,3912,,1,0,cross_race,36+_6+_felony
2391,868,,1,1,same_race,36+_6+_felony
3489,4732,,0,0,same_race,36+_6+_felony
3147,3065,,0,1,cross_race,36+_6+_felony
3870,2672,,0,1,cross_race,36+_6+_felony
1299,5699,,1,1,same_race,36+_6+_felony
700,775,,1,1,same_race,36+_6+_felony
4238,2672,,0,1,cross_race,36+_6+_felony
4804,5613,,1,1,same_race,36+_6+_felony
6941,2754,,1,1,same_race,36+_6+_felony
6134,6769,,1,1,same_race,36+_6+_felony
3258,2974,,1,1,same_race,36+_6+_felony
749,700,,1,1,same_race,36+_6+_felony
749,868,,1,1,same_race,36+_6+_felony
2566,1400,,1,1,same_race,36+_6+_felony
5233,6247,,0,1,cross_race,36+_6+_felony
1299,738,,1,1,same_race,36+_6+_felony
4317,3523,,0,0,same_race,36+_6+_felony
398,3523,,1,0,cross_race,36+_6+_felony
6846,5699,,1,1,same_race,36+_6+_felony
2932,625,,1,1,same_race,36+_6+_felony
6941,3258,,1,1,same_race,36+_6+_felony
3221,2823,,1,1,same_race,36+_6+_felony
3258,1096,,1,0,cross_race,36+_6+_felony
1001,4847,,0,0,same_race,36+_6+_felony
3221,3091,,1,1,same_race,36+_6+_felony
3972,5069,,0,1,cross_race,36+_6+_felony
5233,3489,,0,0,same_race,36+_6+_felony
3818,6134,,1,1,same_race,36+_6+_felony
3600,3091,,0,1,cross_race,36+_6+_felony
4953,3912,,1,0,cross_race,36+_6+_felony
6816,1001,,1,0,cross_race,36+_6+_felony
6382,7088,,1,1,same_race,36+_6+_felony
2932,6983,,1,0,cross_race,36+_6+_felony
6194,1096,,1,0,cross_race,36+_6+_felony
6975,4998,,1,0,cross_race,36+_6+_felony
1502,6247,,0,1,cross_race,36+_6+_felony
1299,3091,,1,1,same_race,36+_6+_felony
5706,3258,,1,1,same_race,36+_6+_felony
3818,738,,1,1,same_race,36+_6+_felony
2215,4140,,1,1,same_race,36+_6+_felony
3264,5685,,1,1,same_race,36+_6+_felony
4699,2754,,1,1,same_race,36+_6+_felony
5613,2823,,1,1,same_race,36+_6+_felony
757,5685,,1,1,same_race,36+_6+_felony
7088,3523,,1,0,cross_race,36+_6+_felony
6382,1629,,1,1,same_race,36+_6+_felony
5613,3091,,1,1,same_race,36+_6+_felony
3221,5613,,1,1,same_race,36+_6+_felony
6816,1502,,1,0,cross_race,36+_6+_felony
3870,3523,,0,0,same_race,36+_6+_felony
2215,6194,,1,1,same_race,36+_6+_felony
6210,7026,,1,1,same_race,36+_6+_felony
749,3258,,1,1,same_race,36+_6+_felony
6134,7088,,1,1,same_race,36+_6+_felony
2202,775,,1,1,same_race,36+_6+_felony
2147,2932,,1,1,same_race,36+_6+_felony
3972,4699,,0,1,cross_race,36+_6+_felony
2215,4317,,1,0,cross_race,36+_6+_felony
3870,2169,,0,0,same_race,36+_6+_felony
5685,1096,,1,0,cross_race,36+_6+_felony
1400,3523,,1,0,cross_race,36+_6+_felony
2823,4847,,1,0,cross_race,36+_6+_felony
6134,4847,,1,0,cross_race,36+_6+_felony
5613,2099,,1,1,same_race,36+_6+_felony
3841,2932,,1,1,same_race,36+_6+_felony
4140,1960,,1,1,same_race,36+_6+_felony
700,6194,,1,1,same_race,36+_6+_felony
5706,2099,,1,1,same_race,36+_6+_felony
7088,6670,,1,1,same_race,36+_6+_felony
757,20,,1,1,same_race,36+_6+_felony
6382,625,,1,1,same_race,36+_6+_felony
5233,4140,,0,1,cross_race,36+_6+_felony
749,2649,,1,0,cross_race,36+_6+_felony
4804,5069,,1,1,same_race,36+_6+_felony
4238,5613,,0,1,cross_race,36+_6+_felony
3912,757,,0,1,cross_race,36+_6+_felony
6816,2672,,1,1,same_race,36+_6+_felony
6382,1001,,1,0,cross_race,36+_6+_felony
1001,4732,,0,0,same_race,36+_6+_felony
4238,700,,0,1,cross_race,36+_6+_felony
2288,5613,,1,1,same_race,36+_6+_felony
4998,5542,,0,0,same_race,36+_6+_felony
3065,4732,,1,0,cross_race,36+_6+_felony
3264,4699,,1,1,same_race,36+_6+_felony
4953,4317,,1,0,cross_race,36+_6+_felony
4699,5685,,1,1,same_race,36+_6+_felony
2288,1096,,1,0,cross_race,36+_6+_felony
3870,4847,,0,0,same_race,36+_6+_felony
7088,3264,,1,1,same_race,36+_6+_felony
5613,1537,,1,0,cross_race,36+_6+_felony
6769,5699,,1,1,same_race,36+_6+_felony
749,2932,,1,1,same_race,36+_6+_felony
625,4699,,1,1,same_race,36+_6+_felony
6816,5699,,1,1,same_race,36+_6+_felony
749,5542,,1,0,cross_race,36+_6+_felony
2391,2672,,1,1,same_race,36+_6+_felony
2566,3972,,1,0,cross_race,36+_6+_felony
1096,3091,,0,1,cross_race,36+_6+_felony
2288,3818,,1,1,same_race,36+_6+_felony
2566,4238,,1,0,cross_race,36+_6+_felony
2147,4140,,1,1,same_race,36+_6+_felony
2649,6941,,0,1,cross_race,36+_6+_felony
4804,7088,,1,1,same_race,36+_6+_felony
749,1020,,1,1,same_race,36+_6+_felony
7088,7026,,1,1,same_race,36+_6+_felony
3972,6975,,0,1,cross_race,36+_6+_felony
3912,3258,,0,1,cross_race,36+_6+_felony
6846,3258,,1,1,same_race,36+_6+_felony
757,5069,,1,1,same_race,36+_6+_felony
2147,2099,,1,1,same_race,36+_6+_felony
5233,58,,0,0,same_race,36+_6+_felony
4998,4732,,0,0,same_race,36+_6+_felony
5355,4256,,1,0,cross_race,18-25_0_felony
2890,5923,,0,1,cross_race,18-25_0_felony
4924,1221,,1,1,same_race,18-25_0_felony
1930,5479,,0,1,cross_race,18-25_0_felony
2914,1930,,1,0,cross_race,18-25_0_felony
4923,5355,,0,1,cross_race,18-25_0_felony
906,3231,,0,1,cross_race,18-25_0_felony
6855,5923,,1,1,same_race,18-25_0_felony
2378,2570,,1,1,same_race,18-25_0_felony
3969,5479,,1,1,same_race,18-25_0_felony
865,2890,,1,0,cross_race,18-25_0_felony
2172,2914,,1,1,same_race,18-25_0_felony
1556,7079,,0,1,cross_race,18-25_0_felony
354,4256,,0,0,same_race,18-25_0_felony
6002,4480,,1,0,cross_race,18-25_0_felony
2103,1221,,1,1,same_race,18-25_0_felony
1269,5824,,0,1,cross_race,18-25_0_felony
865,3936,,1,1,same_race,18-25_0_felony
2799,5340,,1,0,cross_race,18-25_0_felony
2025,6587,,1,0,cross_race,18-25_0_felony
1887,1556,,0,0,same_race,18-25_0_felony
1338,5784,,1,1,same_race,18-25_0_felony
1472,6295,,0,0,same_race,18-25_0_felony
2378,4492,,1,0,cross_race,18-25_0_felony
6658,5601,,1,1,same_race,18-25_0_felony
6356,3104,,1,1,same_race,18-25_0_felony
2378,1472,,1,0,cross_race,18-25_0_felony
1680,2575,,0,1,cross_race,18-25_0_felony
5904,4492,,1,0,cross_race,18-25_0_felony
3525,640,,1,1,same_race,18-25_0_felony
6009,7208,,0,1,cross_race,18-25_0_felony
2799,2890,,1,0,cross_race,18-25_0_felony
4924,6009,,1,0,cross_race,18-25_0_felony
5601,1472,,1,0,cross_race,18-25_0_felony
3572,735,,0,1,cross_race,18-25_0_felony
402,3969,,0,1,cross_race,18-25_0_felony
402,3104,,0,1,cross_race,18-25_0_felony
865,5824,,1,1,same_race,18-25_0_felony
1887,1269,,0,0,same_race,18-25_0_felony
1137,5197,,1,1,same_race,18-25_0_felony
402,7210,,0,1,cross_race,18-25_0_felony
5503,5923,,1,1,same_race,18-25_0_felony
6356,2677,,1,0,cross_race,18-25_0_felony
2799,3594,,1,0,cross_race,18-25_0_felony
6002,2575,,1,1,same_race,18-25_0_felony
2025,5197,,1,1,same_race,18-25_0_felony
2847,4256,,0,0,same_race,18-25_0_felony
4492,2810,,0,0,same_race,18-25_0_felony
4924,5355,,1,1,same_race,18-25_0_felony
2011,3572,,1,0,cross_race,18-25_0_felony
4902,4492,,0,0,same_race,18-25_0_felony
865,5340,,1,0,cross_race,18-25_0_felony
5578,3936,,0,1,cross_race,18-25_0_felony
6855,1678,,1,1,same_race,18-25_0_felony
5642,6356,,1,1,same_race,18-25_0_felony
6587,5355,,0,1,cross_race,18-25_0_felony
1338,1632,,1,0,cross_race,18-25_0_felony
6658,4256,,1,0,cross_race,18-25_0_felony
5904,3231,,1,1,same_race,18-25_0_felony
7020,2810,,1,0,cross_race,18-25_0_felony
4912,1619,,0,1,cross_race,18-25_0_felony
1930,3231,,0,1,cross_race,18-25_0_felony
2570,5923,,1,1,same_race,18-25_0_felony
3572,5479,,0,1,cross_race,18-25_0_felony
6587,3525,,0,1,cross_race,18-25_0_felony
7020,354,,1,0,cross_race,18-25_0_felony
1137,3104,,1,1,same_race,18-25_0_felony
2025,5479,,1,1,same_race,18-25_0_felony
1472,4492,,0,0,same_race,18-25_0_felony
1137,5340,,1,0,cross_race,18-25_0_felony
6978,5374,,1,1,same_race,18-25_0_felony
3104,5479,,1,1,same_race,18-25_0_felony
6658,3355,,1,0,cross_race,18-25_0_felony
2025,5578,,1,0,cross_race,18-25_0_felony
402,4914,,0,0,same_race,18-25_0_felony
6295,4256,,0,0,same_race,18-25_0_felony
4823,3936,,1,1,same_race,18-25_0_felony
402,5374,,0,1,cross_race,18-25_0_felony
3104,5923,,1,1,same_race,18-25_0_felony
3594,2378,,0,1,cross_race,18-25_0_felony
3103,4924,,1,1,same_race,18-25_0_felony
906,1556,,0,0,same_race,18-25_0_felony
5503,7170,,1,1,same_race,18-25_0_felony
4518,3231,,1,1,same_race,18-25_0_felony
2378,6009,,1,0,cross_race,18-25_0_felony
3103,5578,,1,0,cross_race,18-25_0_felony
4914,3355,,0,0,same_race,18-25_0_felony
2914,735,,1,1,same_race,18-25_0_felony
2570,6295,,1,0,cross_race,18-25_0_felony
4518,5923,,1,1,same_race,18-25_0_felony
2890,1876,,0,1,cross_race,18-25_0_felony
5340,354,,0,0,same_race,18-25_0_felony
5642,4518,,1,1,same_race,18-25_0_felony
6002,640,,1,1,same_race,18-25_0_felony
4914,1556,,0,0,same_race,18-25_0_felony
2103,6191,,1,1,same_race,18-25_0_felony
2103,5784,,1,1,same_race,18-25_0_felony
3936,5824,,1,1,same_race,18-25_0_felony
402,3594,,0,0,same_race,18-25_0_felony
2799,7208,,1,1,same_race,18-25_0_felony
2172,3572,,1,0,cross_race,18-25_0_felony
2890,5355,,0,1,cross_race,18-25_0_felony
4518,5355,,1,1,same_race,18-25_0_felony
6850,4136,,1,0,cross_race,18-25_0_felony
3103,2570,,1,1,same_race,18-25_0_felony
6356,3572,,1,0,cross_race,18-25_0_felony
5374,2575,,1,1,same_race,18-25_0_felony
906,4480,,0,0,same_race,18-25_0_felony
402,744,,0,1,cross_race,18-25_0_felony
3594,6295,,0,0,same_race,18-25_0_felony
5355,7020,,1,1,same_race,18-25_0_felony
1680,5824,,0,1,cross_race,18-25_0_felony
5197,6855,,1,1,same_race,18-25_0_felony
2103,3104,,1,1,same_race,18-25_0_felony
4924,3355,,1,0,cross_race,18-25_0_felony
4902,2914,,0,1,cross_race,18-25_0_felony
744,5099,,1,1,same_race,18-25_0_felony
402,1678,,0,1,cross_race,18-25_0_felony
1632,3231,,0,1,cross_race,18-25_0_felony
1637,2737,,1,1,same_race,18-25_0_felony
1137,5355,,1,1,same_race,18-25_0_felony
3572,2570,,0,1,cross_race,18-25_0_felony
4492,3936,,0,1,cross_race,18-25_0_felony
7210,3355,,1,0,cross_race,18-25_0_felony
4923,3231,,0,1,cross_race,18-25_0_felony
3594,6009,,0,0,same_race,18-25_0_felony
2551,4256,,1,0,cross_race,18-25_0_felony
6587,6850,,0,1,cross_race,18-25_0_felony
4902,3936,,0,1,cross_race,18-25_0_felony
6009,3525,,0,1,cross_race,18-25_0_felony
4136,4914,,0,0,same_race,18-25_0_felony
5601,6009,,1,0,cross_race,18-25_0_felony
2025,4924,,1,1,same_race,18-25_0_felony
3572,5923,,0,1,cross_race,18-25_0_felony
7208,2570,,1,1,same_race,18-25_0_felony
4924,640,,1,1,same_race,18-25_0_felony
5355,1472,,1,0,cross_race,18-25_0_felony
2575,4256,,1,0,cross_race,18-25_0_felony
2677,2570,,0,1,cross_race,18-25_0_felony
6356,6295,,1,0,cross_race,18-25_0_felony
4136,5503,,0,1,cross_race,18-25_0_felony
1260,5904,,1,1,same_race,18-25_0_felony
2103,1678,,1,1,same_race,18-25_0_felony
2551,2208,,1,1,same_race,18-25_0_felony
6978,4924,,1,1,same_race,18-25_0_felony
7210,3231,,1,1,same_race,18-25_0_felony
2025,1632,,1,0,cross_race,18-25_0_felony
1556,2570,,0,1,cross_race,18-25_0_felony
2799,1668,,1,0,cross_race,18-25_0_felony
2551,5503,,1,1,same_race,18-25_0_felony
1668,1137,,0,1,cross_race,18-25_0_felony
3231,354,,1,0,cross_race,18-25_0_felony
4902,5503,,0,1,cross_race,18-25_0_felony
1887,7020,,0,1,cross_race,18-25_0_felony
1137,744,,1,1,same_race,18-25_0_felony
4256,5824,,0,1,cross_race,18-25_0_felony
2378,2575,,1,1,same_race,18-25_0_felony
3103,1678,,1,1,same_race,18-25_0_felony
402,2378,,0,1,cross_race,18-25_0_felony
1930,1938,,0,0,same_race,18-25_0_felony
2025,6009,,1,0,cross_race,18-25_0_felony
1221,2810,,1,0,cross_race,18-25_0_felony
5374,7079,,1,1,same_race,18-25_0_felony
5374,5904,,1,1,same_race,18-25_0_felony
5355,5923,,1,1,same_race,18-25_0_felony
7020,2570,,1,1,same_race,18-25_0_felony
1637,6009,,1,0,cross_race,18-25_0_felony
6356,2847,,1,0,cross_race,18-25_0_felony
7079,1619,,1,1,same_race,18-25_0_felony
2799,4256,,1,0,cross_race,18-25_0_felony
2011,6295,,1,0,cross_race,18-25_0_felony
1269,1938,,0,0,same_race,18-25_0_felony
6587,6855,,0,1,cross_race,18-25_0_felony
3355,6009,,0,0,same_race,18-25_0_felony
1637,2011,,1,1,same_race,18-25_0_felony
4823,4912,,1,0,cross_race,18-25_0_felony
1680,2570,,0,1,cross_race,18-25_0_felony
2025,3104,,1,1,same_race,18-25_0_felony
1680,7210,,0,1,cross_race,18-25_0_felony
2011,640,,1,1,same_race,18-25_0_felony
4823,744,,1,1,same_race,18-25_0_felony
2551,7208,,1,1,same_race,18-25_0_felony
5601,5340,,1,0,cross_race,18-25_0_felony
6658,5374,,1,1,same_race,18-25_0_felony
5099,5355,,1,1,same_race,18-25_0_felony
6658,3103,,1,1,same_race,18-25_0_felony
6658,4924,,1,1,same_race,18-25_0_felony
744,5579,,1,1,same_race,18-25_0_felony
2172,6002,,1,1,same_race,18-25_0_felony
3104,1619,,1,1,same_race,18-25_0_felony
4924,6191,,1,1,same_race,18-25_0_felony
1668,1619,,0,1,cross_race,18-25_0_felony
1876,7020,,1,1,same_race,18-25_0_felony
402,5923,,0,1,cross_race,18-25_0_felony
5601,2810,,1,0,cross_race,18-25_0_felony
4902,7079,,0,1,cross_race,18-25_0_felony
735,1619,,1,1,same_race,18-25_0_felony
3355,6191,,0,1,cross_race,18-25_0_felony
2103,6195,,1,0,cross_race,18-25_0_felony
6850,3969,,1,1,same_race,18-25_0_felony
5642,2890,,1,0,cross_race,18-25_0_felony
5099,3572,,1,0,cross_race,18-25_0_felony
5579,7208,,1,1,same_race,18-25_0_felony
5904,2737,,1,1,same_race,18-25_0_felony
4902,7210,,0,1,cross_race,18-25_0_felony
2208,1472,,1,0,cross_race,18-25_0_felony
6195,4136,,0,0,same_race,18-25_0_felony
6195,1930,,0,0,same_race,18-25_0_felony
5642,2737,,1,1,same_race,18-25_0_felony
1269,2810,,0,0,same_race,18-25_0_felony
7170,1876,,1,1,same_race,18-25_0_felony
4902,1556,,0,0,same_race,18-25_0_felony
1338,5601,,1,1,same_race,18-25_0_felony
4924,3594,,1,0,cross_race,18-25_0_felony
1668,6356,,0,1,cross_race,18-25_0_felony
2847,354,,0,0,same_race,18-25_0_felony
2847,744,,0,1,cross_race,18-25_0_felony
2103,3594,,1,0,cross_race,18-25_0_felony
5374,4256,,1,0,cross_race,18-25_0_felony
3104,4492,,1,0,cross_race,18-25_0_felony
2378,3572,,1,0,cross_race,18-25_0_felony
4823,7208,,1,1,same_race,18-25_0_felony
865,5784,,1,1,same_race,18-25_0_felony
2208,2378,,1,1,same_race,18-25_0_felony
4518,6855,,1,1,same_race,18-25_0_felony
2890,4914,,0,0,same_race,18-25_0_felony
1930,1556,,0,0,same_race,18-25_0_felony
2011,2575,,1,1,same_race,18-25_0_felony
3231,7208,,1,1,same_race,18-25_0_felony
1678,6191,,1,1,same_race,18-25_0_felony
5374,3525,,1,1,same_race,18-25_0_felony
3594,1637,,0,1,cross_race,18-25_0_felony
5642,5579,,1,1,same_race,18-25_0_felony
5374,5355,,1,1,same_race,18-25_0_felony
6002,3525,,1,1,same_race,18-25_0_felony
6195,1876,,0,1,cross_race,18-25_0_felony
5601,1876,,1,1,same_race,18-25_0_felony
5355,3355,,1,0,cross_race,18-25_0_felony
2103,2570,,1,1,same_race,18-25_0_felony
4136,4923,,0,0,same_race,18-25_0_felony
4823,354,,1,0,cross_race,18-25_0_felony
6850,1269,,1,0,cross_race,18-25_0_felony
5197,1221,,1,1,same_race,18-25_0_felony
2677,3104,,0,1,cross_race,18-25_0_felony
2208,5197,,1,1,same_race,18-25_0_felony
2914,7208,,1,1,same_race,18-25_0_felony
2799,4518,,1,1,same_race,18-25_0_felony
2208,5824,,1,1,same_race,18-25_0_felony
2570,4256,,1,0,cross_race,18-25_0_felony
3103,3572,,1,0,cross_race,18-25_0_felony
1338,5904,,1,1,same_race,18-25_0_felony
2103,7210,,1,1,same_race,18-25_0_felony
906,3103,,0,1,cross_race,18-25_0_felony
402,4492,,0,0,same_race,18-25_0_felony
4902,735,,0,1,cross_race,18-25_0_felony
6978,6855,,1,1,same_race,18-25_0_felony
3231,5578,,1,0,cross_race,18-25_0_felony
1338,5340,,1,0,cross_race,18-25_0_felony
6356,1269,,1,0,cross_race,18-25_0_felony
6587,402,,0,0,same_race,18-25_0_felony
5374,5099,,1,1,same_race,18-25_0_felony
2025,6850,,1,1,same_race,18-25_0_felony
2208,354,,1,0,cross_race,18-25_0_felony
6978,1338,,1,1,same_race,18-25_0_felony
1269,640,,0,1,cross_race,18-25_0_felony
2172,865,,1,1,same_race,18-25_0_felony
2172,3936,,1,1,same_race,18-25_0_felony
1632,2378,,0,1,cross_race,18-25_0_felony
6587,5784,,0,1,cross_race,18-25_0_felony
6587,6195,,0,0,same_race,18-25_0_felony
2378,5923,,1,1,same_race,18-25_0_felony
2172,6009,,1,0,cross_race,18-25_0_felony
2551,2172,,1,1,same_race,18-25_0_felony
5503,640,,1,1,same_race,18-25_0_felony
402,1938,,0,0,same_race,18-25_0_felony
2677,4914,,0,0,same_race,18-25_0_felony
906,6978,,0,1,cross_race,18-25_0_felony
5479,7079,,1,1,same_race,18-25_0_felony
2011,1938,,1,0,cross_race,18-25_0_felony
2847,5355,,0,1,cross_race,18-25_0_felony
5374,5197,,1,1,same_race,18-25_0_felony
1668,5784,,0,1,cross_race,18-25_0_felony
6002,1930,,1,0,cross_race,18-25_0_felony
6195,6356,,0,1,cross_race,18-25_0_felony
2677,4823,,0,1,cross_race,18-25_0_felony
5479,2570,,1,1,same_race,18-25_0_felony
5197,3525,,1,1,same_race,18-25_0_felony
6978,2103,,1,1,same_race,18-25_0_felony
906,1269,,0,0,same_race,18-25_0_felony
4136,5923,,0,1,cross_race,18-25_0_felony
2799,3104,,1,1,same_race,18-25_0_felony
906,5340,,0,0,same_race,18-25_0_felony
5197,4480,,1,0,cross_race,18-25_0_felony
1137,3231,,1,1,same_race,18-25_0_felony
1887,5099,,0,1,cross_race,18-25_0_felony
1338,2890,,1,0,cross_race,18-25_0_felony
402,7079,,0,1,cross_race,18-25_0_felony
7020,1619,,1,1,same_race,18-25_0_felony
6978,2677,,1,0,cross_race,18-25_0_felony
6658,5479,,1,1,same_race,18-25_0_felony
1938,3525,,0,1,cross_race,18-25_0_felony
5904,5579,,1,1,same_race,18-25_0_felony
6195,2677,,0,0,same_race,18-25_0_felony
2208,1938,,1,0,cross_race,18-25_0_felony
3594,6191,,0,1,cross_race,18-25_0_felony
5904,5824,,1,1,same_race,18-25_0_felony
7170,2810,,1,0,cross_race,18-25_0_felony
1556,4912,,0,0,same_race,18-25_0_felony
906,6002,,0,1,cross_race,18-25_0_felony
5197,4492,,1,0,cross_race,18-25_0_felony
1637,5578,,1,0,cross_race,18-25_0_felony
5784,3525,,1,1,same_race,18-25_0_felony
1678,640,,1,1,same_race,18-25_0_felony
2799,2551,,1,1,same_race,18-25_0_felony
6658,1338,,1,1,same_race,18-25_0_felony
5642,1556,,1,0,cross_race,18-25_0_felony
3103,5503,,1,1,same_race,18-25_0_felony
6850,3936,,1,1,same_race,18-25_0_felony
6002,1221,,1,1,same_race,18-25_0_felony
6850,2810,,1,0,cross_race,18-25_0_felony
6850,4480,,1,0,cross_race,18-25_0_felony
6587,735,,0,1,cross_race,18-25_0_felony
3594,2570,,0,1,cross_race,18-25_0_felony
1632,2570,,0,1,cross_race,18-25_0_felony
2025,4492,,1,0,cross_race,18-25_0_felony
5099,354,,1,0,cross_race,18-25_0_felony
5340,3936,,0,1,cross_race,18-25_0_felony
6855,5503,,1,1,same_race,18-25_0_felony
6658,640,,1,1,same_race,18-25_0_felony
2172,5579,,1,1,same_race,18-25_0_felony
6195,2737,,0,1,cross_race,18-25_0_felony
1876,5784,,1,1,same_race,18-25_0_felony
1269,3525,,0,1,cross_race,18-25_0_felony
3969,5824,,1,1,same_race,18-25_0_felony
2799,3969,,1,1,same_race,18-25_0_felony
1338,5578,,1,0,cross_race,18-25_0_felony
2847,7170,,0,1,cross_race,18-25_0_felony
7020,5923,,1,1,same_race,18-25_0_felony
4492,1876,,0,1,cross_race,18-25_0_felony
2914,4912,,1,0,cross_race,18-25_0_felony
1260,4480,,1,0,cross_race,18-25_0_felony
2677,1269,,0,0,same_race,18-25_0_felony
2890,6009,,0,0,same_race,18-25_0_felony
4518,7079,,1,1,same_race,18-25_0_felony
5374,4823,,1,1,same_race,18-25_0_felony
5340,1930,,0,0,same_race,18-25_0_felony
735,6191,,1,1,same_race,18-25_0_felony
6002,354,,1,0,cross_race,18-25_0_felony
2103,2847,,1,0,cross_race,18-25_0_felony
7170,735,,1,1,same_race,18-25_0_felony
7020,640,,1,1,same_race,18-25_0_felony
6191,1619,,1,1,same_race,18-25_0_felony
2799,5355,,1,1,same_race,18-25_0_felony
3103,735,,1,1,same_race,18-25_0_felony
5479,5824,,1,1,same_race,18-25_0_felony
402,5578,,0,0,same_race,18-25_0_felony
2208,1619,,1,1,same_race,18-25_0_felony
402,3355,,0,0,same_race,18-25_0_felony
3103,2172,,1,1,same_race,18-25_0_felony
4136,4492,,0,0,same_race,18-25_0_felony
1930,3525,,0,1,cross_race,18-25_0_felony
1338,735,,1,1,same_race,18-25_0_felony
2172,7210,,1,1,same_race,18-25_0_felony
6850,1556,,1,0,cross_race,18-25_0_felony
4924,3525,,1,1,same_race,18-25_0_felony
6587,4912,,0,0,same_race,18-25_0_felony
2677,4480,,0,0,same_race,18-25_0_felony
4924,4136,,1,0,cross_race,18-25_0_felony
2378,354,,1,0,cross_race,18-25_0_felony
3594,4823,,0,1,cross_race,18-25_0_felony
4914,1221,,0,1,cross_race,18-25_0_felony
865,2810,,1,0,cross_race,18-25_0_felony
5642,1338,,1,1,same_race,18-25_0_felony
3572,6191,,0,1,cross_race,18-25_0_felony
6850,2847,,1,0,cross_race,18-25_0_felony
7170,5340,,1,0,cross_race,18-25_0_felony
744,640,,1,1,same_race,18-25_0_felony
1637,1938,,1,0,cross_race,18-25_0_felony
1338,6191,,1,1,same_race,18-25_0_felony
6195,1221,,0,1,cross_race,18-25_0_felony
2551,1637,,1,1,same_race,18-25_0_felony
1668,2011,,0,1,cross_race,18-25_0_felony
3572,4256,,0,0,same_race,18-25_0_felony
2103,2011,,1,1,same_race,18-25_0_felony
1668,4924,,0,1,cross_race,18-25_0_felony
2025,2378,,1,1,same_race,18-25_0_felony
1632,4256,,0,0,same_race,18-25_0_felony
5642,4924,,1,1,same_race,18-25_0_felony
1338,2914,,1,1,same_race,18-25_0_felony
1678,3936,,1,1,same_race,18-25_0_felony
2208,1269,,1,0,cross_race,18-25_0_felony
4136,1938,,0,0,same_race,18-25_0_felony
3104,1678,,1,1,same_race,18-25_0_felony
735,6295,,1,0,cross_race,18-25_0_felony
2890,3936,,0,1,cross_race,18-25_0_felony
5503,1556,,1,0,cross_race,18-25_0_felony
7208,5923,,1,1,same_race,18-25_0_felony
6356,1876,,1,1,same_race,18-25_0_felony
5374,3104,,1,1,same_race,18-25_0_felony
4518,4480,,1,0,cross_race,18-25_0_felony
2172,7079,,1,1,same_race,18-25_0_felony
6658,1269,,1,0,cross_race,18-25_0_felony
6658,2570,,1,1,same_race,18-25_0_felony
1887,2011,,0,1,cross_race,18-25_0_felony
5503,2737,,1,1,same_race,18-25_0_felony
2914,2737,,1,1,same_race,18-25_0_felony
3594,5923,,0,1,cross_race,18-25_0_felony
5099,5784,,1,1,same_race,18-25_0_felony
906,6855,,0,1,cross_race,18-25_0_felony
1637,1221,,1,1,same_race,18-25_0_felony
3355,2570,,0,1,cross_race,18-25_0_felony
1668,5197,,0,1,cross_race,18-25_0_felony
6850,735,,1,1,same_race,18-25_0_felony
4518,5784,,1,1,same_race,18-25_0_felony
6356,1221,,1,1,same_race,18-25_0_felony
2378,4256,,1,0,cross_race,18-25_0_felony
5099,4480,,1,0,cross_race,18-25_0_felony
6978,7079,,1,1,same_race,18-25_0_felony
6658,3231,,1,1,same_race,18-25_0_felony
1338,1269,,1,0,cross_race,18-25_0_felony
6658,3594,,1,0,cross_race,18-25_0_felony
2847,5503,,0,1,cross_race,18-25_0_felony
1876,4912,,1,0,cross_race,18-25_0_felony
1632,6002,,0,1,cross_race,18-25_0_felony
2551,1260,,1,1,same_race,18-25_0_felony
7020,2575,,1,1,same_race,18-25_0_felony
2011,4480,,1,0,cross_race,18-25_0_felony
1472,7020,,0,1,cross_race,18-25_0_felony
2172,4492,,1,0,cross_race,18-25_0_felony
5197,1619,,1,1,same_race,18-25_0_felony
2103,5479,,1,1,same_race,18-25_0_felony
2914,4480,,1,0,cross_race,18-25_0_felony
5340,3525,,0,1,cross_race,18-25_0_felony
6009,1619,,0,1,cross_race,18-25_0_felony
5601,1930,,1,0,cross_race,18-25_0_felony
2570,3525,,1,1,same_race,18-25_0_felony
5355,7210,,1,1,same_race,18-25_0_felony
1668,3231,,0,1,cross_race,18-25_0_felony
4914,4480,,0,0,same_race,18-25_0_felony
5479,2575,,1,1,same_race,18-25_0_felony
2677,1930,,0,0,same_race,18-25_0_felony
6855,5355,,1,1,same_race,18-25_0_felony
2570,1938,,1,0,cross_race,18-25_0_felony
1137,4256,,1,0,cross_race,18-25_0_felony
5579,1619,,1,1,same_race,18-25_0_felony
744,4256,,1,0,cross_race,18-25_0_felony
6978,3104,,1,1,same_race,18-25_0_felony
2172,1472,,1,0,cross_race,18-25_0_felony
5503,2575,,1,1,same_race,18-25_0_felony
2677,6295,,0,0,same_race,18-25_0_felony
6855,1930,,1,0,cross_race,18-25_0_felony
4924,2570,,1,1,same_race,18-25_0_felony
5197,1930,,1,0,cross_race,18-25_0_felony
2025,2677,,1,0,cross_race,18-25_0_felony
2551,4136,,1,0,cross_race,18-25_0_felony
6855,2890,,1,0,cross_race,18-25_0_felony
5601,6191,,1,1,same_race,18-25_0_felony
906,6295,,0,0,same_race,18-25_0_felony
4136,1269,,0,0,same_race,18-25_0_felony
4518,3969,,1,1,same_race,18-25_0_felony
1472,7210,,0,1,cross_race,18-25_0_felony
5374,1930,,1,0,cross_race,18-25_0_felony
4912,4480,,0,0,same_race,18-25_0_felony
2172,1221,,1,1,same_race,18-25_0_felony
6850,4912,,1,0,cross_race,18-25_0_felony
1678,2570,,1,1,same_race,18-25_0_felony
6195,7210,,0,1,cross_race,18-25_0_felony
4914,5824,,0,1,cross_race,18-25_0_felony
5503,7210,,1,1,same_race,18-25_0_felony
865,2847,,1,0,cross_race,18-25_0_felony
2677,5578,,0,0,same_race,18-25_0_felony
744,1938,,1,0,cross_race,18-25_0_felony
1269,5479,,0,1,cross_race,18-25_0_felony
2025,6191,,1,1,same_race,18-25_0_felony
2025,2103,,1,1,same_race,18-25_0_felony
3969,1876,,1,1,same_race,18-25_0_felony
5374,4492,,1,0,cross_race,18-25_0_felony
1338,640,,1,1,same_race,18-25_0_felony
3103,2575,,1,1,same_race,18-25_0_felony
3969,7208,,1,1,same_race,18-25_0_felony
2799,1338,,1,1,same_race,18-25_0_felony
5503,3936,,1,1,same_race,18-25_0_felony
3231,5923,,1,1,same_race,18-25_0_felony
6850,6295,,1,0,cross_race,18-25_0_felony
906,2378,,0,1,cross_race,18-25_0_felony
6195,5099,,0,1,cross_race,18-25_0_felony
2025,5923,,1,1,same_race,18-25_0_felony
2378,5099,,1,1,same_race,18-25_0_felony
4914,640,,0,1,cross_race,18-25_0_felony
4914,7020,,0,1,cross_race,18-25_0_felony
2378,2810,,1,0,cross_race,18-25_0_felony
4924,865,,1,1,same_race,18-25_0_felony
4902,1876,,0,1,cross_race,18-25_0_felony
4823,1930,,1,0,cross_race,18-25_0_felony
3231,6295,,1,0,cross_race,18-25_0_felony
1887,5479,,0,1,cross_race,18-25_0_felony
1137,2378,,1,1,same_race,18-25_0_felony
5197,4256,,1,0,cross_race,18-25_0_felony
4914,2810,,0,0,same_race,18-25_0_felony
865,1472,,1,0,cross_race,18-25_0_felony
5752,4638,,0,0,same_race,36+_1-2_felony
6235,4458,,0,0,same_race,36+_1-2_felony
5900,6053,,1,0,cross_race,36+_1-2_felony
4674,4638,,1,0,cross_race,36+_1-2_felony
4556,4458,,0,0,same_race,36+_1-2_felony
2442,1286,,0,1,cross_race,36+_1-2_felony
2874,6841,,1,0,cross_race,36+_1-2_felony
2276,95,,0,0,same_race,36+_1-2_felony
6022,5678,,1,0,cross_race,36+_1-2_felony
5900,2442,,1,0,cross_race,36+_1-2_felony
6235,4674,,0,1,cross_race,36+_1-2_felony
2276,1968,,0,0,same_race,36+_1-2_felony
5997,602,,0,1,cross_race,36+_1-2_felony
5900,7133,,1,1,same_race,36+_1-2_felony
1319,6053,,0,0,same_race,36+_1-2_felony
2652,3416,,0,0,same_race,36+_1-2_felony
5900,6592,,1,1,same_race,36+_1-2_felony
602,4458,,1,0,cross_race,36+_1-2_felony
6592,3668,,1,0,cross_race,36+_1-2_felony
3158,2276,,1,0,cross_race,36+_1-2_felony
2200,2652,,1,0,cross_race,36+_1-2_felony
2522,106,,0,0,same_race,36+_1-2_felony
6022,2580,,1,1,same_race,36+_1-2_felony
2074,602,,0,1,cross_race,36+_1-2_felony
2492,521,,0,0,same_race,36+_1-2_felony
6022,6053,,1,0,cross_race,36+_1-2_felony
3564,3668,,0,0,same_race,36+_1-2_felony
2652,698,,0,1,cross_race,36+_1-2_felony
2200,95,,1,0,cross_race,36+_1-2_felony
4556,7117,,0,0,same_race,36+_1-2_felony
6319,6057,,0,0,same_race,36+_1-2_felony
6022,6319,,1,0,cross_race,36+_1-2_felony
4785,4638,,1,0,cross_race,36+_1-2_felony
1256,7133,,0,1,cross_race,36+_1-2_felony
6592,1286,,1,1,same_race,36+_1-2_felony
2492,6053,,0,0,same_race,36+_1-2_felony
5678,7133,,0,1,cross_race,36+_1-2_felony
3564,2190,,0,1,cross_race,36+_1-2_felony
268,7133,,1,1,same_race,36+_1-2_felony
6022,2492,,1,0,cross_race,36+_1-2_felony
5900,4674,,1,1,same_race,36+_1-2_felony
1256,2580,,0,1,cross_race,36+_1-2_felony
2276,2580,,0,1,cross_race,36+_1-2_felony
649,7133,,0,1,cross_race,36+_1-2_felony
3564,2591,,0,0,same_race,36+_1-2_felony
5752,1610,,0,1,cross_race,36+_1-2_felony
95,6232,,0,1,cross_race,36+_1-2_felony
4785,2200,,1,1,same_race,36+_1-2_felony
106,5386,,0,0,same_race,36+_1-2_felony
4785,3668,,1,0,cross_race,36+_1-2_felony
4268,2074,,0,0,same_race,36+_1-2_felony
5752,6053,,0,0,same_race,36+_1-2_felony
95,4672,,0,0,same_race,36+_1-2_felony
6467,2213,,0,1,cross_race,36+_1-2_felony
6235,698,,0,1,cross_race,36+_1-2_felony
7044,95,,1,0,cross_race,36+_1-2_felony
5997,2291,,0,0,same_race,36+_1-2_felony
5678,5128,,0,1,cross_race,36+_1-2_felony
3564,2442,,0,0,same_race,36+_1-2_felony
649,2492,,0,0,same_race,36+_1-2_felony
4458,521,,0,0,same_race,36+_1-2_felony
6319,7133,,0,1,cross_race,36+_1-2_felony
2652,4674,,0,1,cross_race,36+_1-2_felony
6319,5752,,0,0,same_race,36+_1-2_felony
4268,649,,0,0,same_race,36+_1-2_felony
4268,75,,0,1,cross_race,36+_1-2_felony
1256,2522,,0,0,same_race,36+_1-2_felony
5333,106,,1,0,cross_race,36+_1-2_felony
2492,2522,,0,0,same_race,36+_1-2_felony
5752,2652,,0,0,same_race,36+_1-2_felony
602,698,,1,1,same_race,36+_1-2_felony
6057,4556,,0,0,same_race,36+_1-2_felony
106,2442,,0,0,same_race,36+_1-2_felony
6053,521,,0,0,same_race,36+_1-2_felony
6841,698,,0,1,cross_race,36+_1-2_felony
5135,6467,,0,0,same_race,36+_1-2_felony
5128,1286,,1,1,same_race,36+_1-2_felony
4556,5997,,0,0,same_race,36+_1-2_felony
2200,3564,,1,0,cross_race,36+_1-2_felony
4785,75,,1,1,same_race,36+_1-2_felony
3668,6232,,0,1,cross_race,36+_1-2_felony
4785,5678,,1,0,cross_race,36+_1-2_felony
5900,3036,,1,1,same_race,36+_1-2_felony
3672,4458,,0,0,same_race,36+_1-2_felony
6841,2291,,0,0,same_race,36+_1-2_felony
2276,2190,,0,1,cross_race,36+_1-2_felony
1610,521,,1,0,cross_race,36+_1-2_felony
5907,6592,,1,1,same_race,36+_1-2_felony
5678,6232,,0,1,cross_race,36+_1-2_felony
3668,2074,,0,0,same_race,36+_1-2_felony
2200,6053,,1,0,cross_race,36+_1-2_felony
6235,6057,,0,0,same_race,36+_1-2_felony
3564,268,,0,1,cross_race,36+_1-2_felony
268,2190,,1,1,same_race,36+_1-2_felony
6053,7117,,0,0,same_race,36+_1-2_felony
649,106,,0,0,same_race,36+_1-2_felony
268,4638,,1,0,cross_race,36+_1-2_felony
4672,6053,,0,0,same_race,36+_1-2_felony
2492,1286,,0,1,cross_race,36+_1-2_felony
3564,1319,,0,0,same_race,36+_1-2_felony
5907,2580,,1,1,same_race,36+_1-2_felony
1319,5333,,0,1,cross_race,36+_1-2_felony
4785,2442,,1,0,cross_race,36+_1-2_felony
2190,1968,,1,0,cross_race,36+_1-2_felony
3158,1286,,1,1,same_race,36+_1-2_felony
2276,2291,,0,0,same_race,36+_1-2_felony
2276,1286,,0,1,cross_race,36+_1-2_felony
2276,4305,,0,0,same_race,36+_1-2_felony
7133,2652,,1,0,cross_race,36+_1-2_felony
2874,3668,,1,0,cross_race,36+_1-2_felony
2200,3158,,1,1,same_race,36+_1-2_felony
2190,1610,,1,1,same_race,36+_1-2_felony
6057,3416,,0,0,same_race,36+_1-2_felony
649,6053,,0,0,same_race,36+_1-2_felony
1319,2291,,0,0,same_race,36+_1-2_felony
5752,7133,,0,1,cross_race,36+_1-2_felony
3036,5386,,1,0,cross_race,36+_1-2_felony
1319,5752,,0,0,same_race,36+_1-2_felony
4556,6841,,0,0,same_race,36+_1-2_felony
2200,7044,,1,1,same_race,36+_1-2_felony
268,2213,,1,1,same_race,36+_1-2_felony
2200,4268,,1,0,cross_race,36+_1-2_felony
6235,6467,,0,0,same_race,36+_1-2_felony
6022,698,,1,1,same_race,36+_1-2_felony
5900,95,,1,0,cross_race,36+_1-2_felony
2591,5997,,0,0,same_race,36+_1-2_felony
6022,2190,,1,1,same_race,36+_1-2_felony
6235,5997,,0,0,same_race,36+_1-2_felony
5997,6232,,0,1,cross_race,36+_1-2_felony
7044,2591,,1,0,cross_race,36+_1-2_felony
1968,602,,0,1,cross_race,36+_1-2_felony
2190,6053,,1,0,cross_race,36+_1-2_felony
4268,2442,,0,0,same_race,36+_1-2_felony
6057,5752,,0,0,same_race,36+_1-2_felony
6592,2213,,1,1,same_race,36+_1-2_felony
3036,602,,1,1,same_race,36+_1-2_felony
5678,2652,,0,0,same_race,36+_1-2_felony
6022,106,,1,0,cross_race,36+_1-2_felony
6467,521,,0,0,same_race,36+_1-2_felony
6235,6592,,0,1,cross_race,36+_1-2_felony
6022,2200,,1,1,same_race,36+_1-2_felony
6235,2291,,0,0,same_race,36+_1-2_felony
2580,6053,,1,0,cross_race,36+_1-2_felony
3158,6592,,1,1,same_race,36+_1-2_felony
4672,1968,,0,0,same_race,36+_1-2_felony
2522,7117,,0,0,same_race,36+_1-2_felony
6841,5386,,0,0,same_race,36+_1-2_felony
3564,5135,,0,0,same_race,36+_1-2_felony
6053,2213,,0,1,cross_race,36+_1-2_felony
1319,2522,,0,0,same_race,36+_1-2_felony
5135,2213,,0,1,cross_race,36+_1-2_felony
2580,2190,,1,1,same_race,36+_1-2_felony
5907,75,,1,1,same_race,36+_1-2_felony
5900,4638,,1,0,cross_race,36+_1-2_felony
268,2291,,1,0,cross_race,36+_1-2_felony
4785,6841,,1,0,cross_race,36+_1-2_felony
3564,6319,,0,0,same_race,36+_1-2_felony
5678,75,,0,1,cross_race,36+_1-2_felony
5900,2074,,1,0,cross_race,36+_1-2_felony
4785,1319,,1,0,cross_race,36+_1-2_felony
4305,4458,,0,0,same_race,36+_1-2_felony
6319,4638,,0,0,same_race,36+_1-2_felony
5997,4458,,0,0,same_race,36+_1-2_felony
2276,5333,,0,1,cross_race,36+_1-2_felony
7044,698,,1,1,same_race,36+_1-2_felony
2874,2200,,1,1,same_race,36+_1-2_felony
2580,2652,,1,0,cross_race,36+_1-2_felony
1319,7133,,0,1,cross_race,36+_1-2_felony
2200,3036,,1,1,same_race,36+_1-2_felony
5678,2074,,0,0,same_race,36+_1-2_felony
4268,2276,,0,0,same_race,36+_1-2_felony
5678,4305,,0,0,same_race,36+_1-2_felony
6022,6841,,1,0,cross_race,36+_1-2_felony
7044,649,,1,0,cross_race,36+_1-2_felony
4305,1968,,0,0,same_race,36+_1-2_felony
5907,698,,1,1,same_race,36+_1-2_felony
95,6053,,0,0,same_race,36+_1-2_felony
7044,521,,1,0,cross_race,36+_1-2_felony
4556,3672,,0,0,same_race,36+_1-2_felony
7044,6841,,1,0,cross_race,36+_1-2_felony
2652,75,,0,1,cross_race,36+_1-2_felony
2074,1286,,0,1,cross_race,36+_1-2_felony
7044,2442,,1,0,cross_race,36+_1-2_felony
2074,2522,,0,0,same_race,36+_1-2_felony
6022,3365,,1,0,cross_race,36+_1-2_felony
2591,3416,,0,0,same_race,36+_1-2_felony
521,5386,,0,0,same_race,36+_1-2_felony
6235,4638,,0,0,same_race,36+_1-2_felony
1256,698,,0,1,cross_race,36+_1-2_felony
3036,6467,,1,0,cross_race,36+_1-2_felony
95,1286,,0,1,cross_race,36+_1-2_felony
7133,2492,,1,0,cross_race,36+_1-2_felony
7044,5128,,1,1,same_race,36+_1-2_felony
3158,3036,,1,1,same_race,36+_1-2_felony
6235,2190,,0,1,cross_race,36+_1-2_felony
1319,5900,,0,1,cross_race,36+_1-2_felony
6319,3672,,0,0,same_race,36+_1-2_felony
2522,2652,,0,0,same_race,36+_1-2_felony
3158,5135,,1,0,cross_race,36+_1-2_felony
5900,649,,1,0,cross_race,36+_1-2_felony
5907,521,,1,0,cross_race,36+_1-2_felony
4268,5135,,0,0,same_race,36+_1-2_felony
106,6053,,0,0,same_race,36+_1-2_felony
268,1968,,1,0,cross_race,36+_1-2_felony
2200,4305,,1,0,cross_race,36+_1-2_felony
2652,7117,,0,0,same_race,36+_1-2_felony
4674,5128,,1,1,same_race,36+_1-2_felony
7044,2213,,1,1,same_race,36+_1-2_felony
4556,2190,,0,1,cross_race,36+_1-2_felony
6235,1610,,0,1,cross_race,36+_1-2_felony
5900,106,,1,0,cross_race,36+_1-2_felony
7044,1286,,1,1,same_race,36+_1-2_felony
3672,106,,0,0,same_race,36+_1-2_felony
1256,521,,0,0,same_race,36+_1-2_felony
6467,106,,0,0,same_race,36+_1-2_felony
1319,4556,,0,0,same_race,36+_1-2_felony
3158,4556,,1,0,cross_race,36+_1-2_felony
6057,3365,,0,0,same_race,36+_1-2_felony
3416,2213,,0,1,cross_race,36+_1-2_felony
2074,2492,,0,0,same_race,36+_1-2_felony
2580,1968,,1,0,cross_race,36+_1-2_felony
5386,7117,,0,0,same_race,36+_1-2_felony
5907,2652,,1,0,cross_race,36+_1-2_felony
106,521,,0,0,same_race,36+_1-2_felony
6022,2213,,1,1,same_race,36+_1-2_felony
4638,7117,,0,0,same_race,36+_1-2_felony
4556,5128,,0,1,cross_race,36+_1-2_felony
3672,2442,,0,0,same_race,36+_1-2_felony
2074,4458,,0,0,same_race,36+_1-2_felony
7044,5333,,1,1,same_race,36+_1-2_felony
2492,698,,0,1,cross_race,36+_1-2_felony
1319,1968,,0,0,same_race,36+_1-2_felony
5678,3416,,0,0,same_race,36+_1-2_felony
4785,1968,,1,0,cross_race,36+_1-2_felony
268,3365,,1,0,cross_race,36+_1-2_felony
7044,3672,,1,0,cross_race,36+_1-2_felony
7044,3564,,1,0,cross_race,36+_1-2_felony
649,5135,,0,0,same_race,36+_1-2_felony
5997,106,,0,0,same_race,36+_1-2_felony
2200,6319,,1,0,cross_race,36+_1-2_felony
2874,6053,,1,0,cross_race,36+_1-2_felony
4672,3672,,0,0,same_race,36+_1-2_felony
7044,3365,,1,0,cross_race,36+_1-2_felony
6235,75,,0,1,cross_race,36+_1-2_felony
6319,698,,0,1,cross_race,36+_1-2_felony
268,2074,,1,0,cross_race,36+_1-2_felony
6841,3668,,0,0,same_race,36+_1-2_felony
268,5752,,1,0,cross_race,36+_1-2_felony
2492,75,,0,1,cross_race,36+_1-2_felony
3564,3672,,0,0,same_race,36+_1-2_felony
2874,5900,,1,1,same_race,36+_1-2_felony
2874,3365,,1,0,cross_race,36+_1-2_felony
7133,2190,,1,1,same_race,36+_1-2_felony
3672,6232,,0,1,cross_race,36+_1-2_felony
2190,6232,,1,1,same_race,36+_1-2_felony
5752,3672,,0,0,same_race,36+_1-2_felony
95,5128,,0,1,cross_race,36+_1-2_felony
2190,3668,,1,0,cross_race,36+_1-2_felony
6319,4458,,0,0,same_race,36+_1-2_felony
6235,3672,,0,0,same_race,36+_1-2_felony
521,1286,,0,1,cross_race,36+_1-2_felony
3564,5678,,0,0,same_race,36+_1-2_felony
6841,106,,0,0,same_race,36+_1-2_felony
3668,521,,0,0,same_race,36+_1-2_felony
75,7117,,1,0,cross_race,36+_1-2_felony
6235,3416,,0,0,same_race,36+_1-2_felony
5128,6232,,1,1,same_race,36+_1-2_felony
1968,6232,,0,1,cross_race,36+_1-2_felony
2580,3672,,1,0,cross_race,36+_1-2_felony
2580,7133,,1,1,same_race,36+_1-2_felony
6057,4458,,0,0,same_race,36+_1-2_felony
268,5997,,1,0,cross_race,36+_1-2_felony
3564,4674,,0,1,cross_race,36+_1-2_felony
3036,6057,,1,0,cross_race,36+_1-2_felony
3036,6841,,1,0,cross_race,36+_1-2_felony
3564,2291,,0,0,same_race,36+_1-2_felony
2874,1610,,1,1,same_race,36+_1-2_felony
6467,1286,,0,1,cross_race,36+_1-2_felony
6232,5386,,1,0,cross_race,36+_1-2_felony
5128,75,,1,1,same_race,36+_1-2_felony
5907,3668,,1,0,cross_race,36+_1-2_felony
5333,2492,,1,0,cross_race,36+_1-2_felony
2276,4674,,0,1,cross_race,36+_1-2_felony
2874,2442,,1,0,cross_race,36+_1-2_felony
3158,2492,,1,0,cross_race,36+_1-2_felony
6057,1610,,0,1,cross_race,36+_1-2_felony
4556,5678,,0,0,same_race,36+_1-2_felony
3365,4458,,0,0,same_race,36+_1-2_felony
5135,4556,,0,0,same_race,36+_1-2_felony
6592,5752,,1,0,cross_race,36+_1-2_felony
6057,6467,,0,0,same_race,36+_1-2_felony
5907,4672,,1,0,cross_race,36+_1-2_felony
4785,95,,1,0,cross_race,36+_1-2_felony
106,75,,0,1,cross_race,36+_1-2_felony
1968,2522,,0,0,same_race,36+_1-2_felony
5135,1968,,0,0,same_race,36+_1-2_felony
6319,4305,,0,0,same_race,36+_1-2_felony
2874,2522,,1,0,cross_race,36+_1-2_felony
6319,2652,,0,0,same_race,36+_1-2_felony
2874,7117,,1,0,cross_race,36+_1-2_felony
95,4674,,0,1,cross_race,36+_1-2_felony
2591,2492,,0,0,same_race,36+_1-2_felony
7044,6592,,1,1,same_race,36+_1-2_felony
4268,1968,,0,0,same_race,36+_1-2_felony
6319,4672,,0,0,same_race,36+_1-2_felony
1256,1286,,0,1,cross_race,36+_1-2_felony
5128,7117,,1,0,cross_race,36+_1-2_felony
2874,3672,,1,0,cross_race,36+_1-2_felony
3158,268,,1,1,same_race,36+_1-2_felony
5678,2591,,0,0,same_race,36+_1-2_felony
6592,6467,,1,0,cross_race,36+_1-2_felony
3036,698,,1,1,same_race,36+_1-2_felony
6022,2442,,1,0,cross_race,36+_1-2_felony
5900,3668,,1,0,cross_race,36+_1-2_felony
2276,6841,,0,0,same_race,36+_1-2_felony
602,2213,,1,1,same_race,36+_1-2_felony
649,3672,,0,0,same_race,36+_1-2_felony
6592,4638,,1,0,cross_race,36+_1-2_felony
2276,4672,,0,0,same_race,36+_1-2_felony
2291,602,,0,1,cross_race,36+_1-2_felony
4556,2291,,0,0,same_race,36+_1-2_felony
6592,75,,1,1,same_race,36+_1-2_felony
95,106,,0,0,same_race,36+_1-2_felony
3668,7117,,0,0,same_race,36+_1-2_felony
268,6319,,1,0,cross_race,36+_1-2_felony
5900,4458,,1,0,cross_race,36+_1-2_felony
6022,5752,,1,0,cross_race,36+_1-2_felony
1968,3416,,0,0,same_race,36+_1-2_felony
2874,6022,,1,1,same_race,36+_1-2_felony
3564,6053,,0,0,same_race,36+_1-2_felony
5907,4638,,1,0,cross_race,36+_1-2_felony
3365,698,,0,1,cross_race,36+_1-2_felony
4785,602,,1,1,same_race,36+_1-2_felony
268,5386,,1,0,cross_race,36+_1-2_felony
2200,5900,,1,1,same_race,36+_1-2_felony
2074,7117,,0,0,same_race,36+_1-2_felony
1968,2652,,0,0,same_race,36+_1-2_felony
4268,698,,0,1,cross_race,36+_1-2_felony
1256,5678,,0,0,same_race,36+_1-2_felony
4638,2442,,0,0,same_race,36+_1-2_felony
5678,6053,,0,0,same_race,36+_1-2_felony
3036,2213,,1,1,same_race,36+_1-2_felony
1319,4638,,0,0,same_race,36+_1-2_felony
1319,7117,,0,0,same_race,36+_1-2_felony
3564,2580,,0,1,cross_race,36+_1-2_felony
4785,4674,,1,1,same_race,36+_1-2_felony
3036,5135,,1,0,cross_race,36+_1-2_felony
6467,6232,,0,1,cross_race,36+_1-2_felony
3668,4458,,0,0,same_race,36+_1-2_felony
7133,4674,,1,1,same_race,36+_1-2_felony
1256,7044,,0,1,cross_race,36+_1-2_felony
2213,1286,,1,1,same_race,36+_1-2_felony
3158,3416,,1,0,cross_race,36+_1-2_felony
2580,2522,,1,0,cross_race,36+_1-2_felony
6841,75,,0,1,cross_race,36+_1-2_felony
3158,106,,1,0,cross_race,36+_1-2_felony
6232,2442,,1,0,cross_race,36+_1-2_felony
2276,3416,,0,0,same_race,36+_1-2_felony
3668,2522,,0,0,same_race,36+_1-2_felony
4268,3036,,0,1,cross_race,36+_1-2_felony
4556,1610,,0,1,cross_race,36+_1-2_felony
1319,2652,,0,0,same_race,36+_1-2_felony
2200,2074,,1,0,cross_race,36+_1-2_felony
5907,1610,,1,1,same_race,36+_1-2_felony
3672,1286,,0,1,cross_race,36+_1-2_felony
3564,5900,,0,1,cross_race,36+_1-2_felony
6467,4674,,0,1,cross_race,36+_1-2_felony
5333,4672,,1,0,cross_race,36+_1-2_felony
2200,1968,,1,0,cross_race,36+_1-2_felony
6319,2190,,0,1,cross_race,36+_1-2_felony
6235,602,,0,1,cross_race,36+_1-2_felony
2652,5128,,0,1,cross_race,36+_1-2_felony
2074,3365,,0,0,same_race,36+_1-2_felony
3672,5386,,0,0,same_race,36+_1-2_felony
3036,3365,,1,0,cross_race,36+_1-2_felony
2874,521,,1,0,cross_race,36+_1-2_felony
5900,6841,,1,0,cross_race,36+_1-2_felony
4305,3668,,0,0,same_race,36+_1-2_felony
1256,2074,,0,0,same_race,36+_1-2_felony
3158,2213,,1,1,same_race,36+_1-2_felony
3036,6053,,1,0,cross_race,36+_1-2_felony
4638,1286,,0,1,cross_race,36+_1-2_felony
3564,6467,,0,0,same_race,36+_1-2_felony
5752,6841,,0,0,same_race,36+_1-2_felony
3416,521,,0,0,same_race,36+_1-2_felony
3564,4305,,0,0,same_race,36+_1-2_felony
5907,3036,,1,1,same_race,36+_1-2_felony
2580,4556,,1,0,cross_race,36+_1-2_felony
5678,521,,0,0,same_race,36+_1-2_felony
4268,3668,,0,0,same_race,36+_1-2_felony
4556,4305,,0,0,same_race,36+_1-2_felony
2200,2492,,1,0,cross_race,36+_1-2_felony
6592,4674,,1,1,same_race,36+_1-2_felony
3158,5128,,1,1,same_race,36+_1-2_felony
5997,6053,,0,0,same_race,36+_1-2_felony
3158,2591,,1,0,cross_race,36+_1-2_felony
2874,6319,,1,0,cross_race,36+_1-2_felony
3036,3416,,1,0,cross_race,36+_1-2_felony
2276,6053,,0,0,same_race,36+_1-2_felony
6467,3416,,0,0,same_race,36+_1-2_felony
7133,602,,1,1,same_race,36+_1-2_felony
3158,5997,,1,0,cross_race,36+_1-2_felony
2580,5135,,1,0,cross_race,36+_1-2_felony
2190,5128,,1,1,same_race,36+_1-2_felony
2276,2522,,0,0,same_race,36+_1-2_felony
2074,698,,0,1,cross_race,36+_1-2_felony
5678,2213,,0,1,cross_race,36+_1-2_felony
2580,4305,,1,0,cross_race,36+_1-2_felony
5997,698,,0,1,cross_race,36+_1-2_felony
268,602,,1,1,same_race,36+_1-2_felony
3564,2074,,0,0,same_race,36+_1-2_felony
3564,4458,,0,0,same_race,36+_1-2_felony
2492,3672,,0,0,same_race,36+_1-2_felony
95,698,,0,1,cross_race,36+_1-2_felony
2522,4638,,0,0,same_race,36+_1-2_felony
5135,3416,,0,0,same_race,36+_1-2_felony
268,5135,,1,0,cross_race,36+_1-2_felony
5752,5678,,0,0,same_race,36+_1-2_felony
5752,698,,0,1,cross_race,36+_1-2_felony
3668,1968,,0,0,same_race,36+_1-2_felony
7044,4268,,1,0,cross_race,36+_1-2_felony
7133,106,,1,0,cross_race,36+_1-2_felony
2874,2291,,1,0,cross_race,36+_1-2_felony
4674,7117,,1,0,cross_race,36+_1-2_felony
3668,2291,,0,0,same_race,36+_1-2_felony
95,5752,,0,0,same_race,36+_1-2_felony
2652,4458,,0,0,same_race,36+_1-2_felony
5900,2190,,1,1,same_race,36+_1-2_felony
5333,602,,1,1,same_race,36+_1-2_felony
4672,521,,0,0,same_race,36+_1-2_felony
4268,6841,,0,0,same_race,36+_1-2_felony
5752,602,,0,1,cross_race,36+_1-2_felony
3036,4305,,1,0,cross_race,36+_1-2_felony
649,4672,,0,0,same_race,36+_1-2_felony
2291,1968,,0,0,same_race,36+_1-2_felony
2291,1610,,0,1,cross_race,36+_1-2_felony
6057,2652,,0,0,same_race,36+_1-2_felony
2276,2492,,0,0,same_race,36+_1-2_felony
5678,1610,,0,1,cross_race,36+_1-2_felony
4268,5128,,0,1,cross_race,36+_1-2_felony
1610,6053,,1,0,cross_race,36+_1-2_felony
95,2213,,0,1,cross_race,36+_1-2_felony
6057,2591,,0,0,same_race,36+_1-2_felony
268,6057,,1,0,cross_race,36+_1-2_felony
6319,5386,,0,0,same_race,36+_1-2_felony
3158,3564,,1,0,cross_race,36+_1-2_felony
2591,4674,,0,1,cross_race,36+_1-2_felony
4268,2492,,0,0,same_race,36+_1-2_felony
4268,5678,,0,0,same_race,36+_1-2_felony
6319,5128,,0,1,cross_race,36+_1-2_felony
1968,2213,,0,1,cross_race,36+_1-2_felony
6235,1968,,0,0,same_race,36+_1-2_felony
6319,521,,0,0,same_race,36+_1-2_felony
1256,5128,,0,1,cross_race,36+_1-2_felony
5333,1968,,1,0,cross_race,36+_1-2_felony
2276,7133,,0,1,cross_race,36+_1-2_felony
2874,4785,,1,1,same_race,36+_1-2_felony
6057,4638,,0,0,same_race,36+_1-2_felony
75,5386,,1,0,cross_race,36+_1-2_felony
5907,1968,,1,0,cross_race,36+_1-2_felony
3668,1286,,0,1,cross_race,36+_1-2_felony
5678,2492,,0,0,same_race,36+_1-2_felony
1968,106,,0,0,same_race,36+_1-2_felony
1256,5135,,0,0,same_race,36+_1-2_felony
1319,3672,,0,0,same_race,36+_1-2_felony
5128,5386,,1,0,cross_race,36+_1-2_felony
4672,2074,,0,0,same_race,36+_1-2_felony
3158,698,,1,1,same_race,36+_1-2_felony
2200,5135,,1,0,cross_race,36+_1-2_felony
6841,6232,,0,1,cross_race,36+_1-2_felony
6057,6232,,0,1,cross_race,36+_1-2_felony
1256,6057,,0,0,same_race,36+_1-2_felony
3564,1610,,0,1,cross_race,36+_1-2_felony
2591,5128,,0,1,cross_race,36+_1-2_felony
5907,7133,,1,1,same_race,36+_1-2_felony
5752,5128,,0,1,cross_race,36+_1-2_felony
1319,602,,0,1,cross_race,36+_1-2_felony
2200,4638,,1,0,cross_race,36+_1-2_felony
649,4674,,0,1,cross_race,36+_1-2_felony
5135,5128,,0,1,cross_race,36+_1-2_felony
1968,1610,,0,1,cross_race,36+_1-2_felony
4305,1286,,0,1,cross_race,36+_1-2_felony
6235,6232,,0,1,cross_race,36+_1-2_felony
6057,3668,,0,0,same_race,36+_1-2_felony
4638,602,,0,1,cross_race,36+_1-2_felony
6235,3036,,0,1,cross_race,36+_1-2_felony
6057,2492,,0,0,same_race,36+_1-2_felony
5333,4305,,1,0,cross_race,36+_1-2_felony
2190,2213,,1,1,same_race,36+_1-2_felony
7133,2291,,1,0,cross_race,36+_1-2_felony
6319,2522,,0,0,same_race,36+_1-2_felony
1319,106,,0,0,same_race,36+_1-2_felony
5135,4672,,0,0,same_race,36+_1-2_felony
2276,4458,,0,0,same_race,36+_1-2_felony
7044,1968,,1,0,cross_race,36+_1-2_felony
2190,521,,1,0,cross_race,36+_1-2_felony
649,95,,0,0,same_race,36+_1-2_felony
268,2276,,1,0,cross_race,36+_1-2_felony
3416,1286,,0,1,cross_race,36+_1-2_felony
95,2591,,0,0,same_race,36+_1-2_felony
567,914,,1,1,same_race,26-35_3-5_misdemeanor
567,2556,,1,0,cross_race,26-35_3-5_misdemeanor
567,5289,,1,1,same_race,26-35_3-5_misdemeanor
567,7212,,1,1,same_race,26-35_3-5_misdemeanor
567,7189,,1,1,same_race,26-35_3-5_misdemeanor
567,819,,1,1,same_race,26-35_3-5_misdemeanor
567,1187,,1,0,cross_race,26-35_3-5_misdemeanor
567,2625,,1,0,cross_race,26-35_3-5_misdemeanor
567,2831,,1,1,same_race,26-35_3-5_misdemeanor
567,2865,,1,1,same_race,26-35_3-5_misdemeanor
567,5310,,1,1,same_race,26-35_3-5_misdemeanor
567,4510,,1,0,cross_race,26-35_3-5_misdemeanor
567,6089,,1,0,cross_race,26-35_3-5_misdemeanor
567,904,,1,0,cross_race,26-35_3-5_misdemeanor
567,3637,,1,1,same_race,26-35_3-5_misdemeanor
567,4863,,1,1,same_race,26-35_3-5_misdemeanor
567,609,,1,1,same_race,26-35_3-5_misdemeanor
567,3328,,1,1,same_race,26-35_3-5_misdemeanor
567,6936,,1,1,same_race,26-35_3-5_misdemeanor
567,4758,,1,0,cross_race,26-35_3-5_misdemeanor
567,5393,,1,1,same_race,26-35_3-5_misdemeanor
567,3813,,1,0,cross_race,26-35_3-5_misdemeanor
567,4224,,1,0,cross_race,26-35_3-5_misdemeanor
914,2556,,1,0,cross_race,26-35_3-5_misdemeanor
914,5289,,1,1,same_race,26-35_3-5_misdemeanor
914,7212,,1,1,same_race,26-35_3-5_misdemeanor
914,7189,,1,1,same_race,26-35_3-5_misdemeanor
914,819,,1,1,same_race,26-35_3-5_misdemeanor
914,1187,,1,0,cross_race,26-35_3-5_misdemeanor
914,2625,,1,0,cross_race,26-35_3-5_misdemeanor
914,2831,,1,1,same_race,26-35_3-5_misdemeanor
914,2865,,1,1,same_race,26-35_3-5_misdemeanor
914,5310,,1,1,same_race,26-35_3-5_misdemeanor
914,4510,,1,0,cross_race,26-35_3-5_misdemeanor
914,6089,,1,0,cross_race,26-35_3-5_misdemeanor
914,904,,1,0,cross_race,26-35_3-5_misdemeanor
914,3637,,1,1,same_race,26-35_3-5_misdemeanor
914,4863,,1,1,same_race,26-35_3-5_misdemeanor
914,609,,1,1,same_race,26-35_3-5_misdemeanor
914,3328,,1,1,same_race,26-35_3-5_misdemeanor
914,6936,,1,1,same_race,26-35_3-5_misdemeanor
914,4758,,1,0,cross_race,26-35_3-5_misdemeanor
914,5393,,1,1,same_race,26-35_3-5_misdemeanor
914,3813,,1,0,cross_race,26-35_3-5_misdemeanor
914,4224,,1,0,cross_race,26-35_3-5_misdemeanor
2556,5289,,0,1,cross_race,26-35_3-5_misdemeanor
2556,7212,,0,1,cross_race,26-35_3-5_misdemeanor
2556,7189,,0,1,cross_race,26-35_3-5_misdemeanor
2556,819,,0,1,cross_race,26-35_3-5_misdemeanor
2556,1187,,0,0,same_race,26-35_3-5_misdemeanor
2556,2625,,0,0,same_race,26-35_3-5_misdemeanor
2556,2831,,0,1,cross_race,26-35_3-5_misdemeanor
2556,2865,,0,1,cross_race,26-35_3-5_misdemeanor
2556,5310,,0,1,cross_race,26-35_3-5_misdemeanor
2556,4510,,0,0,same_race,26-35_3-5_misdemeanor
2556,6089,,0,0,same_race,26-35_3-5_misdemeanor
2556,904,,0,0,same_race,26-35_3-5_misdemeanor
2556,3637,,0,1,cross_race,26-35_3-5_misdemeanor
2556,4863,,0,1,cross_race,26-35_3-5_misdemeanor
2556,609,,0,1,cross_race,26-35_3-5_misdemeanor
2556,3328,,0,1,cross_race,26-35_3-5_misdemeanor
2556,6936,,0,1,cross_race,26-35_3-5_misdemeanor
2556,4758,,0,0,same_race,26-35_3-5_misdemeanor
2556,5393,,0,1,cross_race,26-35_3-5_misdemeanor
2556,3813,,0,0,same_race,26-35_3-5_misdemeanor
2556,4224,,0,0,same_race,26-35_3-5_misdemeanor
5289,7212,,1,1,same_race,26-35_3-5_misdemeanor
5289,7189,,1,1,same_race,26-35_3-5_misdemeanor
5289,819,,1,1,same_race,26-35_3-5_misdemeanor
5289,1187,,1,0,cross_race,26-35_3-5_misdemeanor
5289,2625,,1,0,cross_race,26-35_3-5_misdemeanor
5289,2831,,1,1,same_race,26-35_3-5_misdemeanor
5289,2865,,1,1,same_race,26-35_3-5_misdemeanor
5289,5310,,1,1,same_race,26-35_3-5_misdemeanor
5289,4510,,1,0,cross_race,26-35_3-5_misdemeanor
5289,6089,,1,0,cross_race,26-35_3-5_misdemeanor
5289,904,,1,0,cross_race,26-35_3-5_misdemeanor
5289,3637,,1,1,same_race,26-35_3-5_misdemeanor
5289,4863,,1,1,same_race,26-35_3-5_misdemeanor
5289,609,,1,1,same_race,26-35_3-5_misdemeanor
5289,3328,,1,1,same_race,26-35_3-5_misdemeanor
5289,6936,,1,1,same_race,26-35_3-5_misdemeanor
5289,4758,,1,0,cross_race,26-35_3-5_misdemeanor
5289,5393,,1,1,same_race,26-35_3-5_misdemeanor
5289,3813,,1,0,cross_race,26-35_3-5_misdemeanor
5289,4224,,1,0,cross_race,26-35_3-5_misdemeanor
7212,7189,,1,1,same_race,26-35_3-5_misdemeanor
7212,819,,1,1,same_race,26-35_3-5_misdemeanor
7212,1187,,1,0,cross_race,26-35_3-5_misdemeanor
7212,2625,,1,0,cross_race,26-35_3-5_misdemeanor
7212,2831,,1,1,same_race,26-35_3-5_misdemeanor
7212,2865,,1,1,same_race,26-35_3-5_misdemeanor
7212,5310,,1,1,same_race,26-35_3-5_misdemeanor
7212,4510,,1,0,cross_race,26-35_3-5_misdemeanor
7212,6089,,1,0,cross_race,26-35_3-5_misdemeanor
7212,904,,1,0,cross_race,26-35_3-5_misdemeanor
7212,3637,,1,1,same_race,26-35_3-5_misdemeanor
7212,4863,,1,1,same_race,26-35_3-5_misdemeanor
7212,609,,1,1,same_race,26-35_3-5_misdemeanor
7212,3328,,1,1,same_race,26-35_3-5_misdemeanor
7212,6936,,1,1,same_race,26-35_3-5_misdemeanor
7212,4758,,1,0,cross_race,26-35_3-5_misdemeanor
7212,5393,,1,1,same_race,26-35_3-5_misdemeanor
7212,3813,,1,0,cross_race,26-35_3-5_misdemeanor
7212,4224,,1,0,cross_race,26-35_3-5_misdemeanor
7189,819,,1,1,same_race,26-35_3-5_misdemeanor
7189,1187,,1,0,cross_race,26-35_3-5_misdemeanor
7189,2625,,1,0,cross_race,26-35_3-5_misdemeanor
7189,2831,,1,1,same_race,26-35_3-5_misdemeanor
7189,2865,,1,1,same_race,26-35_3-5_misdemeanor
7189,5310,,1,1,same_race,26-35_3-5_misdemeanor
7189,4510,,1,0,cross_race,26-35_3-5_misdemeanor
7189,6089,,1,0,cross_race,26-35_3-5_misdemeanor
7189,904,,1,0,cross_race,26-35_3-5_misdemeanor
7189,3637,,1,1,same_race,26-35_3-5_misdemeanor
7189,4863,,1,1,same_race,26-35_3-5_misdemeanor
7189,609,,1,1,same_race,26-35_3-5_misdemeanor
7189,3328,,1,1,same_race,26-35_3-5_misdemeanor
7189,6936,,1,1,same_race,26-35_3-5_misdemeanor
7189,4758,,1,0,cross_race,26-35_3-5_misdemeanor
7189,5393,,1,1,same_race,26-35_3-5_misdemeanor
7189,3813,,1,0,cross_race,26-35_3-5_misdemeanor
7189,4224,,1,0,cross_race,26-35_3-5_misdemeanor
819,1187,,1,0,cross_race,26-35_3-5_misdemeanor
819,2625,,1,0,cross_race,26-35_3-5_misdemeanor
819,2831,,1,1,same_race,26-35_3-5_misdemeanor
819,2865,,1,1,same_race,26-35_3-5_misdemeanor
819,5310,,1,1,same_race,26-35_3-5_misdemeanor
819,4510,,1,0,cross_race,26-35_3-5_misdemeanor
819,6089,,1,0,cross_race,26-35_3-5_misdemeanor
819,904,,1,0,cross_race,26-35_3-5_misdemeanor
819,3637,,1,1,same_race,26-35_3-5_misdemeanor
819,4863,,1,1,same_race,26-35_3-5_misdemeanor
819,609,,1,1,same_race,26-35_3-5_misdemeanor
819,3328,,1,1,same_race,26-35_3-5_misdemeanor
819,6936,,1,1,same_race,26-35_3-5_misdemeanor
819,4758,,1,0,cross_race,26-35_3-5_misdemeanor
819,5393,,1,1,same_race,26-35_3-5_misdemeanor
819,3813,,1,0,cross_race,26-35_3-5_misdemeanor
819,4224,,1,0,cross_race,26-35_3-5_misdemeanor
1187,2625,,0,0,same_race,26-35_3-5_misdemeanor
1187,2831,,0,1,cross_race,26-35_3-5_misdemeanor
1187,2865,,0,1,cross_race,26-35_3-5_misdemeanor
1187,5310,,0,1,cross_race,26-35_3-5_misdemeanor
1187,4510,,0,0,same_race,26-35_3-5_misdemeanor
1187,6089,,0,0,same_race,26-35_3-5_misdemeanor
1187,904,,0,0,same_race,26-35_3-5_misdemeanor
1187,3637,,0,1,cross_race,26-35_3-5_misdemeanor
1187,4863,,0,1,cross_race,26-35_3-5_misdemeanor
1187,609,,0,1,cross_race,26-35_3-5_misdemeanor
1187,3328,,0,1,cross_race,26-35_3-5_misdemeanor
1187,6936,,0,1,cross_race,26-35_3-5_misdemeanor
1187,4758,,0,0,same_race,26-35_3-5_misdemeanor
1187,5393,,0,1,cross_race,26-35_3-5_misdemeanor
1187,3813,,0,0,same_race,26-35_3-5_misdemeanor
1187,4224,,0,0,same_race,26-35_3-5_misdemeanor
2625,2831,,0,1,cross_race,26-35_3-5_misdemeanor
2625,2865,,0,1,cross_race,26-35_3-5_misdemeanor
2625,5310,,0,1,cross_race,26-35_3-5_misdemeanor
2625,4510,,0,0,same_race,26-35_3-5_misdemeanor
2625,6089,,0,0,same_race,26-35_3-5_misdemeanor
2625,904,,0,0,same_race,26-35_3-5_misdemeanor
2625,3637,,0,1,cross_race,26-35_3-5_misdemeanor
2625,4863,,0,1,cross_race,26-35_3-5_misdemeanor
2625,609,,0,1,cross_race,26-35_3-5_misdemeanor
2625,3328,,0,1,cross_race,26-35_3-5_misdemeanor
2625,6936,,0,1,cross_race,26-35_3-5_misdemeanor
2625,4758,,0,0,same_race,26-35_3-5_misdemeanor
2625,5393,,0,1,cross_race,26-35_3-5_misdemeanor
2625,3813,,0,0,same_race,26-35_3-5_misdemeanor
2625,4224,,0,0,same_race,26-35_3-5_misdemeanor
2831,2865,,1,1,same_race,26-35_3-5_misdemeanor
2831,5310,,1,1,same_race,26-35_3-5_misdemeanor
2831,4510,,1,0,cross_race,26-35_3-5_misdemeanor
2831,6089,,1,0,cross_race,26-35_3-5_misdemeanor
2831,904,,1,0,cross_race,26-35_3-5_misdemeanor
2831,3637,,1,1,same_race,26-35_3-5_misdemeanor
2831,4863,,1,1,same_race,26-35_3-5_misdemeanor
2831,609,,1,1,same_race,26-35_3-5_misdemeanor
2831,3328,,1,1,same_race,26-35_3-5_misdemeanor
2831,6936,,1,1,same_race,26-35_3-5_misdemeanor
2831,4758,,1,0,cross_race,26-35_3-5_misdemeanor
2831,5393,,1,1,same_race,26-35_3-5_misdemeanor
2831,3813,,1,0,cross_race,26-35_3-5_misdemeanor
2831,4224,,1,0,cross_race,26-35_3-5_misdemeanor
2865,5310,,1,1,same_race,26-35_3-5_misdemeanor
2865,4510,,1,0,cross_race,26-35_3-5_misdemeanor
2865,6089,,1,0,cross_race,26-35_3-5_misdemeanor
2865,904,,1,0,cross_race,26-35_3-5_misdemeanor
2865,3637,,1,1,same_race,26-35_3-5_misdemeanor
2865,4863,,1,1,same_race,26-35_3-5_misdemeanor
2865,609,,1,1,same_race,26-35_3-5_misdemeanor
2865,3328,,1,1,same_race,26-35_3-5_misdemeanor
2865,6936,,1,1,same_race,26-35_3-5_misdemeanor
2865,4758,,1,0,cross_race,26-35_3-5_misdemeanor
2865,5393,,1,1,same_race,26-35_3-5_misdemeanor
2865,3813,,1,0,cross_race,26-35_3-5_misdemeanor
2865,4224,,1,0,cross_race,26-35_3-5_misdemeanor
5310,4510,,1,0,cross_race,26-35_3-5_misdemeanor
5310,6089,,1,0,cross_race,26-35_3-5_misdemeanor
5310,904,,1,0,cross_race,26-35_3-5_misdemeanor
5310,3637,,1,1,same_race,26-35_3-5_misdemeanor
5310,4863,,1,1,same_race,26-35_3-5_misdemeanor
5310,609,,1,1,same_race,26-35_3-5_misdemeanor
5310,3328,,1,1,same_race,26-35_3-5_misdemeanor
5310,6936,,1,1,same_race,26-35_3-5_misdemeanor
5310,4758,,1,0,cross_race,26-35_3-5_misdemeanor
5310,5393,,1,1,same_race,26-35_3-5_misdemeanor
5310,3813,,1,0,cross_race,26-35_3-5_misdemeanor
5310,4224,,1,0,cross_race,26-35_3-5_misdemeanor
4510,6089,,0,0,same_race,26-35_3-5_misdemeanor
4510,904,,0,0,same_race,26-35_3-5_misdemeanor
4510,3637,,0,1,cross_race,26-35_3-5_misdemeanor
4510,4863,,0,1,cross_race,26-35_3-5_misdemeanor
4510,609,,0,1,cross_race,26-35_3-5_misdemeanor
4510,3328,,0,1,cross_race,26-35_3-5_misdemeanor
4510,6936,,0,1,cross_race,26-35_3-5_misdemeanor
4510,4758,,0,0,same_race,26-35_3-5_misdemeanor
4510,5393,,0,1,cross_race,26-35_3-5_misdemeanor
4510,3813,,0,0,same_race,26-35_3-5_misdemeanor
4510,4224,,0,0,same_race,26-35_3-5_misdemeanor
6089,904,,0,0,same_race,26-35_3-5_misdemeanor
6089,3637,,0,1,cross_race,26-35_3-5_misdemeanor
6089,4863,,0,1,cross_race,26-35_3-5_misdemeanor
6089,609,,0,1,cross_race,26-35_3-5_misdemeanor
6089,3328,,0,1,cross_race,26-35_3-5_misdemeanor
6089,6936,,0,1,cross_race,26-35_3-5_misdemeanor
6089,4758,,0,0,same_race,26-35_3-5_misdemeanor
6089,5393,,0,1,cross_race,26-35_3-5_misdemeanor
6089,3813,,0,0,same_race,26-35_3-5_misdemeanor
6089,4224,,0,0,same_race,26-35_3-5_misdemeanor
904,3637,,0,1,cross_race,26-35_3-5_misdemeanor
904,4863,,0,1,cross_race,26-35_3-5_misdemeanor
904,609,,0,1,cross_race,26-35_3-5_misdemeanor
904,3328,,0,1,cross_race,26-35_3-5_misdemeanor
904,6936,,0,1,cross_race,26-35_3-5_misdemeanor
904,4758,,0,0,same_race,26-35_3-5_misdemeanor
904,5393,,0,1,cross_race,26-35_3-5_misdemeanor
904,3813,,0,0,same_race,26-35_3-5_misdemeanor
904,4224,,0,0,same_race,26-35_3-5_misdemeanor
3637,4863,,1,1,same_race,26-35_3-5_misdemeanor
3637,609,,1,1,same_race,26-35_3-5_misdemeanor
3637,3328,,1,1,same_race,26-35_3-5_misdemeanor
3637,6936,,1,1,same_race,26-35_3-5_misdemeanor
3637,4758,,1,0,cross_race,26-35_3-5_misdemeanor
3637,5393,,1,1,same_race,26-35_3-5_misdemeanor
3637,3813,,1,0,cross_race,26-35_3-5_misdemeanor
3637,4224,,1,0,cross_race,26-35_3-5_misdemeanor
4863,609,,1,1,same_race,26-35_3-5_misdemeanor
4863,3328,,1,1,same_race,26-35_3-5_misdemeanor
4863,6936,,1,1,same_race,26-35_3-5_misdemeanor
4863,4758,,1,0,cross_race,26-35_3-5_misdemeanor
4863,5393,,1,1,same_race,26-35_3-5_misdemeanor
4863,3813,,1,0,cross_race,26-35_3-5_misdemeanor
4863,4224,,1,0,cross_race,26-35_3-5_misdemeanor
609,3328,,1,1,same_race,26-35_3-5_misdemeanor
609,6936,,1,1,same_race,26-35_3-5_misdemeanor
609,4758,,1,0,cross_race,26-35_3-5_misdemeanor
609,5393,,1,1,same_race,26-35_3-5_misdemeanor
609,3813,,1,0,cross_race,26-35_3-5_misdemeanor
609,4224,,1,0,cross_race,26-35_3-5_misdemeanor
3328,6936,,1,1,same_race,26-35_3-5_misdemeanor
3328,4758,,1,0,cross_race,26-35_3-5_misdemeanor
3328,5393,,1,1,same_race,26-35_3-5_misdemeanor
3328,3813,,1,0,cross_race,26-35_3-5_misdemeanor
3328,4224,,1,0,cross_race,26-35_3-5_misdemeanor
6936,4758,,1,0,cross_race,26-35_3-5_misdemeanor
6936,5393,,1,1,same_race,26-35_3-5_misdemeanor
6936,3813,,1,0,cross_race,26-35_3-5_misdemeanor
6936,4224,,1,0,cross_race,26-35_3-5_misdemeanor
4758,5393,,0,1,cross_race,26-35_3-5_misdemeanor
4758,3813,,0,0,same_race,26-35_3-5_misdemeanor
4758,4224,,0,0,same_race,26-35_3-5_misdemeanor
5393,3813,,1,0,cross_race,26-35_3-5_misdemeanor
5393,4224,,1,0,cross_race,26-35_3-5_misdemeanor
3813,4224,,0,0,same_race,26-35_3-5_misdemeanor
3039,6676,,0,1,cross_race,26-35_1-2_misdemeanor
3039,2806,,0,1,cross_race,26-35_1-2_misdemeanor
3039,5621,,0,1,cross_race,26-35_1-2_misdemeanor
3039,1718,,0,1,cross_race,26-35_1-2_misdemeanor
3039,2933,,0,1,cross_race,26-35_1-2_misdemeanor
3039,5204,,0,1,cross_race,26-35_1-2_misdemeanor
3039,473,,0,1,cross_race,26-35_1-2_misdemeanor
3039,6506,,0,0,same_race,26-35_1-2_misdemeanor
3039,5250,,0,1,cross_race,26-35_1-2_misdemeanor
3039,1454,,0,0,same_race,26-35_1-2_misdemeanor
3039,2598,,0,0,same_race,26-35_1-2_misdemeanor
3039,6885,,0,0,same_race,26-35_1-2_misdemeanor
3039,129,,0,0,same_race,26-35_1-2_misdemeanor
3039,4267,,0,1,cross_race,26-35_1-2_misdemeanor
3039,2044,,0,1,cross_race,26-35_1-2_misdemeanor
3039,3612,,0,0,same_race,26-35_1-2_misdemeanor
3039,1947,,0,1,cross_race,26-35_1-2_misdemeanor
3039,3669,,0,0,same_race,26-35_1-2_misdemeanor
3039,2480,,0,0,same_race,26-35_1-2_misdemeanor
3039,2262,,0,0,same_race,26-35_1-2_misdemeanor
3039,2511,,0,1,cross_race,26-35_1-2_misdemeanor
3039,821,,0,0,same_race,26-35_1-2_misdemeanor
3039,138,,0,0,same_race,26-35_1-2_misdemeanor
3039,7204,,0,1,cross_race,26-35_1-2_misdemeanor
3039,1383,,0,0,same_race,26-35_1-2_misdemeanor
3039,329,,0,0,same_race,26-35_1-2_misdemeanor
3039,4197,,0,1,cross_race,26-35_1-2_misdemeanor
3039,1949,,0,1,cross_race,26-35_1-2_misdemeanor
3039,5737,,0,0,same_race,26-35_1-2_misdemeanor
3039,6880,,0,0,same_race,26-35_1-2_misdemeanor
6676,2806,,1,1,same_race,26-35_1-2_misdemeanor
6676,5621,,1,1,same_race,26-35_1-2_misdemeanor
6676,1718,,1,1,same_race,26-35_1-2_misdemeanor
6676,2933,,1,1,same_race,26-35_1-2_misdemeanor
6676,5204,,1,1,same_race,26-35_1-2_misdemeanor
6676,473,,1,1,same_race,26-35_1-2_misdemeanor
6676,6506,,1,0,cross_race,26-35_1-2_misdemeanor
6676,5250,,1,1,same_race,26-35_1-2_misdemeanor
6676,1454,,1,0,cross_race,26-35_1-2_misdemeanor
6676,2598,,1,0,cross_race,26-35_1-2_misdemeanor
6676,6885,,1,0,cross_race,26-35_1-2_misdemeanor
6676,129,,1,0,cross_race,26-35_1-2_misdemeanor
6676,4267,,1,1,same_race,26-35_1-2_misdemeanor
6676,2044,,1,1,same_race,26-35_1-2_misdemeanor
6676,3612,,1,0,cross_race,26-35_1-2_misdemeanor
6676,1947,,1,1,same_race,26-35_1-2_misdemeanor
6676,3669,,1,0,cross_race,26-35_1-2_misdemeanor
6676,2480,,1,0,cross_race,26-35_1-2_misdemeanor
6676,2262,,1,0,cross_race,26-35_1-2_misdemeanor
6676,2511,,1,1,same_race,26-35_1-2_misdemeanor
6676,821,,1,0,cross_race,26-35_1-2_misdemeanor
6676,138,,1,0,cross_race,26-35_1-2_misdemeanor
6676,7204,,1,1,same_race,26-35_1-2_misdemeanor
6676,1383,,1,0,cross_race,26-35_1-2_misdemeanor
6676,329,,1,0,cross_race,26-35_1-2_misdemeanor
6676,4197,,1,1,same_race,26-35_1-2_misdemeanor
6676,1949,,1,1,same_race,26-35_1-2_misdemeanor
6676,5737,,1,0,cross_race,26-35_1-2_misdemeanor
6676,6880,,1,0,cross_race,26-35_1-2_misdemeanor
2806,5621,,1,1,same_race,26-35_1-2_misdemeanor
2806,1718,,1,1,same_race,26-35_1-2_misdemeanor
2806,2933,,1,1,same_race,26-35_1-2_misdemeanor
2806,5204,,1,1,same_race,26-35_1-2_misdemeanor
2806,473,,1,1,same_race,26-35_1-2_misdemeanor
2806,6506,,1,0,cross_race,26-35_1-2_misdemeanor
2806,5250,,1,1,same_race,26-35_1-2_misdemeanor
2806,1454,,1,0,cross_race,26-35_1-2_misdemeanor
2806,2598,,1,0,cross_race,26-35_1-2_misdemeanor
2806,6885,,1,0,cross_race,26-35_1-2_misdemeanor
2806,129,,1,0,cross_race,26-35_1-2_misdemeanor
2806,4267,,1,1,same_race,26-35_1-2_misdemeanor
2806,2044,,1,1,same_race,26-35_1-2_misdemeanor
2806,3612,,1,0,cross_race,26-35_1-2_misdemeanor
2806,1947,,1,1,same_race,26-35_1-2_misdemeanor
2806,3669,,1,0,cross_race,26-35_1-2_misdemeanor
2806,2480,,1,0,cross_race,26-35_1-2_misdemeanor
2806,2262,,1,0,cross_race,26-35_1-2_misdemeanor
2806,2511,,1,1,same_race,26-35_1-2_misdemeanor
2806,821,,1,0,cross_race,26-35_1-2_misdemeanor
2806,138,,1,0,cross_race,26-35_1-2_misdemeanor
2806,7204,,1,1,same_race,26-35_1-2_misdemeanor
2806,1383,,1,0,cross_race,26-35_1-2_misdemeanor
2806,329,,1,0,cross_race,26-35_1-2_misdemeanor
2806,4197,,1,1,same_race,26-35_1-2_misdemeanor
2806,1949,,1,1,same_race,26-35_1-2_misdemeanor
2806,5737,,1,0,cross_race,26-35_1-2_misdemeanor
2806,6880,,1,0,cross_race,26-35_1-2_misdemeanor
5621,1718,,1,1,same_race,26-35_1-2_misdemeanor
5621,2933,,1,1,same_race,26-35_1-2_misdemeanor
5621,5204,,1,1,same_race,26-35_1-2_misdemeanor
5621,473,,1,1,same_race,26-35_1-2_misdemeanor
5621,6506,,1,0,cross_race,26-35_1-2_misdemeanor
5621,5250,,1,1,same_race,26-35_1-2_misdemeanor
5621,1454,,1,0,cross_race,26-35_1-2_misdemeanor
5621,2598,,1,0,cross_race,26-35_1-2_misdemeanor
5621,6885,,1,0,cross_race,26-35_1-2_misdemeanor
5621,129,,1,0,cross_race,26-35_1-2_misdemeanor
5621,4267,,1,1,same_race,26-35_1-2_misdemeanor
5621,2044,,1,1,same_race,26-35_1-2_misdemeanor
5621,3612,,1,0,cross_race,26-35_1-2_misdemeanor
5621,1947,,1,1,same_race,26-35_1-2_misdemeanor
5621,3669,,1,0,cross_race,26-35_1-2_misdemeanor
5621,2480,,1,0,cross_race,26-35_1-2_misdemeanor
5621,2262,,1,0,cross_race,26-35_1-2_misdemeanor
5621,2511,,1,1,same_race,26-35_1-2_misdemeanor
5621,821,,1,0,cross_race,26-35_1-2_misdemeanor
5621,138,,1,0,cross_race,26-35_1-2_misdemeanor
5621,7204,,1,1,same_race,26-35_1-2_misdemeanor
5621,1383,,1,0,cross_race,26-35_1-2_misdemeanor
5621,329,,1,0,cross_race,26-35_1-2_misdemeanor
5621,4197,,1,1,same_race,26-35_1-2_misdemeanor
5621,1949,,1,1,same_race,26-35_1-2_misdemeanor
5621,5737,,1,0,cross_race,26-35_1-2_misdemeanor
5621,6880,,1,0,cross_race,26-35_1-2_misdemeanor
1718,2933,,1,1,same_race,26-35_1-2_misdemeanor
1718,5204,,1,1,same_race,26-35_1-2_misdemeanor
1718,473,,1,1,same_race,26-35_1-2_misdemeanor
1718,6506,,1,0,cross_race,26-35_1-2_misdemeanor
1718,5250,,1,1,same_race,26-35_1-2_misdemeanor
1718,1454,,1,0,cross_race,26-35_1-2_misdemeanor
1718,2598,,1,0,cross_race,26-35_1-2_misdemeanor
1718,6885,,1,0,cross_race,26-35_1-2_misdemeanor
1718,129,,1,0,cross_race,26-35_1-2_misdemeanor
1718,4267,,1,1,same_race,26-35_1-2_misdemeanor
1718,2044,,1,1,same_race,26-35_1-2_misdemeanor
1718,3612,,1,0,cross_race,26-35_1-2_misdemeanor
1718,1947,,1,1,same_race,26-35_1-2_misdemeanor
1718,3669,,1,0,cross_race,26-35_1-2_misdemeanor
1718,2480,,1,0,cross_race,26-35_1-2_misdemeanor
1718,2262,,1,0,cross_race,26-35_1-2_misdemeanor
1718,2511,,1,1,same_race,26-35_1-2_misdemeanor
1718,821,,1,0,cross_race,26-35_1-2_misdemeanor
1718,138,,1,0,cross_race,26-35_1-2_misdemeanor
1718,7204,,1,1,same_race,26-35_1-2_misdemeanor
1718,1383,,1,0,cross_race,26-35_1-2_misdemeanor
1718,329,,1,0,cross_race,26-35_1-2_misdemeanor
1718,4197,,1,1,same_race,26-35_1-2_misdemeanor
1718,1949,,1,1,same_race,26-35_1-2_misdemeanor
1718,5737,,1,0,cross_race,26-35_1-2_misdemeanor
1718,6880,,1,0,cross_race,26-35_1-2_misdemeanor
2933,5204,,1,1,same_race,26-35_1-2_misdemeanor
2933,473,,1,1,same_race,26-35_1-2_misdemeanor
2933,6506,,1,0,cross_race,26-35_1-2_misdemeanor
2933,5250,,1,1,same_race,26-35_1-2_misdemeanor
2933,1454,,1,0,cross_race,26-35_1-2_misdemeanor
2933,2598,,1,0,cross_race,26-35_1-2_misdemeanor
2933,6885,,1,0,cross_race,26-35_1-2_misdemeanor
2933,129,,1,0,cross_race,26-35_1-2_misdemeanor
2933,4267,,1,1,same_race,26-35_1-2_misdemeanor
2933,2044,,1,1,same_race,26-35_1-2_misdemeanor
2933,3612,,1,0,cross_race,26-35_1-2_misdemeanor
2933,1947,,1,1,same_race,26-35_1-2_misdemeanor
2933,3669,,1,0,cross_race,26-35_1-2_misdemeanor
2933,2480,,1,0,cross_race,26-35_1-2_misdemeanor
2933,2262,,1,0,cross_race,26-35_1-2_misdemeanor
2933,2511,,1,1,same_race,26-35_1-2_misdemeanor
2933,821,,1,0,cross_race,26-35_1-2_misdemeanor
2933,138,,1,0,cross_race,26-35_1-2_misdemeanor
2933,7204,,1,1,same_race,26-35_1-2_misdemeanor
2933,1383,,1,0,cross_race,26-35_1-2_misdemeanor
2933,329,,1,0,cross_race,26-35_1-2_misdemeanor
2933,4197,,1,1,same_race,26-35_1-2_misdemeanor
2933,1949,,1,1,same_race,26-35_1-2_misdemeanor
2933,5737,,1,0,cross_race,26-35_1-2_misdemeanor
2933,6880,,1,0,cross_race,26-35_1-2_misdemeanor
5204,473,,1,1,same_race,26-35_1-2_misdemeanor
5204,6506,,1,0,cross_race,26-35_1-2_misdemeanor
5204,5250,,1,1,same_race,26-35_1-2_misdemeanor
5204,1454,,1,0,cross_race,26-35_1-2_misdemeanor
5204,2598,,1,0,cross_race,26-35_1-2_misdemeanor
5204,6885,,1,0,cross_race,26-35_1-2_misdemeanor
5204,129,,1,0,cross_race,26-35_1-2_misdemeanor
5204,4267,,1,1,same_race,26-35_1-2_misdemeanor
5204,2044,,1,1,same_race,26-35_1-2_misdemeanor
5204,3612,,1,0,cross_race,26-35_1-2_misdemeanor
5204,1947,,1,1,same_race,26-35_1-2_misdemeanor
5204,3669,,1,0,cross_race,26-35_1-2_misdemeanor
5204,2480,,1,0,cross_race,26-35_1-2_misdemeanor
5204,2262,,1,0,cross_race,26-35_1-2_misdemeanor
5204,2511,,1,1,same_race,26-35_1-2_misdemeanor
5204,821,,1,0,cross_race,26-35_1-2_misdemeanor
5204,138,,1,0,cross_race,26-35_1-2_misdemeanor
5204,7204,,1,1,same_race,26-35_1-2_misdemeanor
5204,1383,,1,0,cross_race,26-35_1-2_misdemeanor
5204,329,,1,0,cross_race,26-35_1-2_misdemeanor
5204,4197,,1,1,same_race,26-35_1-2_misdemeanor
5204,1949,,1,1,same_race,26-35_1-2_misdemeanor
5204,5737,,1,0,cross_race,26-35_1-2_misdemeanor
5204,6880,,1,0,cross_race,26-35_1-2_misdemeanor
473,6506,,1,0,cross_race,26-35_1-2_misdemeanor
473,5250,,1,1,same_race,26-35_1-2_misdemeanor
473,1454,,1,0,cross_race,26-35_1-2_misdemeanor
473,2598,,1,0,cross_race,26-35_1-2_misdemeanor
473,6885,,1,0,cross_race,26-35_1-2_misdemeanor
473,129,,1,0,cross_race,26-35_1-2_misdemeanor
473,4267,,1,1,same_race,26-35_1-2_misdemeanor
473,2044,,1,1,same_race,26-35_1-2_misdemeanor
473,3612,,1,0,cross_race,26-35_1-2_misdemeanor
473,1947,,1,1,same_race,26-35_1-2_misdemeanor
473,3669,,1,0,cross_race,26-35_1-2_misdemeanor
473,2480,,1,0,cross_race,26-35_1-2_misdemeanor
473,2262,,1,0,cross_race,26-35_1-2_misdemeanor
473,2511,,1,1,same_race,26-35_1-2_misdemeanor
473,821,,1,0,cross_race,26-35_1-2_misdemeanor
473,138,,1,0,cross_race,26-35_1-2_misdemeanor
473,7204,,1,1,same_race,26-35_1-2_misdemeanor
473,1383,,1,0,cross_race,26-35_1-2_misdemeanor
473,329,,1,0,cross_race,26-35_1-2_misdemeanor
473,4197,,1,1,same_race,26-35_1-2_misdemeanor
473,1949,,1,1,same_race,26-35_1-2_misdemeanor
473,5737,,1,0,cross_race,26-35_1-2_misdemeanor
473,6880,,1,0,cross_race,26-35_1-2_misdemeanor
6506,5250,,0,1,cross_race,26-35_1-2_misdemeanor
6506,1454,,0,0,same_race,26-35_1-2_misdemeanor
6506,2598,,0,0,same_race,26-35_1-2_misdemeanor
6506,6885,,0,0,same_race,26-35_1-2_misdemeanor
6506,129,,0,0,same_race,26-35_1-2_misdemeanor
6506,4267,,0,1,cross_race,26-35_1-2_misdemeanor
6506,2044,,0,1,cross_race,26-35_1-2_misdemeanor
6506,3612,,0,0,same_race,26-35_1-2_misdemeanor
6506,1947,,0,1,cross_race,26-35_1-2_misdemeanor
6506,3669,,0,0,same_race,26-35_1-2_misdemeanor
6506,2480,,0,0,same_race,26-35_1-2_misdemeanor
6506,2262,,0,0,same_race,26-35_1-2_misdemeanor
6506,2511,,0,1,cross_race,26-35_1-2_misdemeanor
6506,821,,0,0,same_race,26-35_1-2_misdemeanor
6506,138,,0,0,same_race,26-35_1-2_misdemeanor
6506,7204,,0,1,cross_race,26-35_1-2_misdemeanor
6506,1383,,0,0,same_race,26-35_1-2_misdemeanor
6506,329,,0,0,same_race,26-35_1-2_misdemeanor
6506,4197,,0,1,cross_race,26-35_1-2_misdemeanor
6506,1949,,0,1,cross_race,26-35_1-2_misdemeanor
6506,5737,,0,0,same_race,26-35_1-2_misdemeanor
6506,6880,,0,0,same_race,26-35_1-2_misdemeanor
5250,1454,,1,0,cross_race,26-35_1-2_misdemeanor
5250,2598,,1,0,cross_race,26-35_1-2_misdemeanor
5250,6885,,1,0,cross_race,26-35_1-2_misdemeanor
5250,129,,1,0,cross_race,26-35_1-2_misdemeanor
5250,4267,,1,1,same_race,26-35_1-2_misdemeanor
5250,2044,,1,1,same_race,26-35_1-2_misdemeanor
5250,3612,,1,0,cross_race,26-35_1-2_misdemeanor
5250,1947,,1,1,same_race,26-35_1-2_misdemeanor
5250,3669,,1,0,cross_race,26-35_1-2_misdemeanor
5250,2480,,1,0,cross_race,26-35_1-2_misdemeanor
5250,2262,,1,0,cross_race,26-35_1-2_misdemeanor
5250,2511,,1,1,same_race,26-35_1-2_misdemeanor
5250,821,,1,0,cross_race,26-35_1-2_misdemeanor
5250,138,,1,0,cross_race,26-35_1-2_misdemeanor
5250,7204,,1,1,same_race,26-35_1-2_misdemeanor
5250,1383,,1,0,cross_race,26-35_1-2_misdemeanor
5250,329,,1,0,cross_race,26-35_1-2_misdemeanor
5250,4197,,1,1,same_race,26-35_1-2_misdemeanor
5250,1949,,1,1,same_race,26-35_1-2_misdemeanor
5250,5737,,1,0,cross_race,26-35_1-2_misdemeanor
5250,6880,,1,0,cross_race,26-35_1-2_misdemeanor
1454,2598,,0,0,same_race,26-35_1-2_misdemeanor
1454,6885,,0,0,same_race,26-35_1-2_misdemeanor
1454,129,,0,0,same_race,26-35_1-2_misdemeanor
1454,4267,,0,1,cross_race,26-35_1-2_misdemeanor
1454,2044,,0,1,cross_race,26-35_1-2_misdemeanor
1454,3612,,0,0,same_race,26-35_1-2_misdemeanor
1454,1947,,0,1,cross_race,26-35_1-2_misdemeanor
1454,3669,,0,0,same_race,26-35_1-2_misdemeanor
1454,2480,,0,0,same_race,26-35_1-2_misdemeanor
1454,2262,,0,0,same_race,26-35_1-2_misdemeanor
1454,2511,,0,1,cross_race,26-35_1-2_misdemeanor
1454,821,,0,0,same_race,26-35_1-2_misdemeanor
1454,138,,0,0,same_race,26-35_1-2_misdemeanor
1454,7204,,0,1,cross_race,26-35_1-2_misdemeanor
1454,1383,,0,0,same_race,26-35_1-2_misdemeanor
1454,329,,0,0,same_race,26-35_1-2_misdemeanor
1454,4197,,0,1,cross_race,26-35_1-2_misdemeanor
1454,1949,,0,1,cross_race,26-35_1-2_misdemeanor
1454,5737,,0,0,same_race,26-35_1-2_misdemeanor
1454,6880,,0,0,same_race,26-35_1-2_misdemeanor
2598,6885,,0,0,same_race,26-35_1-2_misdemeanor
2598,129,,0,0,same_race,26-35_1-2_misdemeanor
2598,4267,,0,1,cross_race,26-35_1-2_misdemeanor
2598,2044,,0,1,cross_race,26-35_1-2_misdemeanor
2598,3612,,0,0,same_race,26-35_1-2_misdemeanor
2598,1947,,0,1,cross_race,26-35_1-2_misdemeanor
2598,3669,,0,0,same_race,26-35_1-2_misdemeanor
2598,2480,,0,0,same_race,26-35_1-2_misdemeanor
2598,2262,,0,0,same_race,26-35_1-2_misdemeanor
2598,2511,,0,1,cross_race,26-35_1-2_misdemeanor
2598,821,,0,0,same_race,26-35_1-2_misdemeanor
2598,138,,0,0,same_race,26-35_1-2_misdemeanor
2598,7204,,0,1,cross_race,26-35_1-2_misdemeanor
2598,1383,,0,0,same_race,26-35_1-2_misdemeanor
2598,329,,0,0,same_race,26-35_1-2_misdemeanor
2598,4197,,0,1,cross_race,26-35_1-2_misdemeanor
2598,1949,,0,1,cross_race,26-35_1-2_misdemeanor
2598,5737,,0,0,same_race,26-35_1-2_misdemeanor
2598,6880,,0,0,same_race,26-35_1-2_misdemeanor
6885,129,,0,0,same_race,26-35_1-2_misdemeanor
6885,4267,,0,1,cross_race,26-35_1-2_misdemeanor
6885,2044,,0,1,cross_race,26-35_1-2_misdemeanor
6885,3612,,0,0,same_race,26-35_1-2_misdemeanor
6885,1947,,0,1,cross_race,26-35_1-2_misdemeanor
6885,3669,,0,0,same_race,26-35_1-2_misdemeanor
6885,2480,,0,0,same_race,26-35_1-2_misdemeanor
6885,2262,,0,0,same_race,26-35_1-2_misdemeanor
6885,2511,,0,1,cross_race,26-35_1-2_misdemeanor
6885,821,,0,0,same_race,26-35_1-2_misdemeanor
6885,138,,0,0,same_race,26-35_1-2_misdemeanor
6885,7204,,0,1,cross_race,26-35_1-2_misdemeanor
6885,1383,,0,0,same_race,26-35_1-2_misdemeanor
6885,329,,0,0,same_race,26-35_1-2_misdemeanor
6885,4197,,0,1,cross_race,26-35_1-2_misdemeanor
6885,1949,,0,1,cross_race,26-35_1-2_misdemeanor
6885,5737,,0,0,same_race,26-35_1-2_misdemeanor
6885,6880,,0,0,same_race,26-35_1-2_misdemeanor
129,4267,,0,1,cross_race,26-35_1-2_misdemeanor
129,2044,,0,1,cross_race,26-35_1-2_misdemeanor
129,3612,,0,0,same_race,26-35_1-2_misdemeanor
129,1947,,0,1,cross_race,26-35_1-2_misdemeanor
129,3669,,0,0,same_race,26-35_1-2_misdemeanor
129,2480,,0,0,same_race,26-35_1-2_misdemeanor
129,2262,,0,0,same_race,26-35_1-2_misdemeanor
129,2511,,0,1,cross_race,26-35_1-2_misdemeanor
129,821,,0,0,same_race,26-35_1-2_misdemeanor
129,138,,0,0,same_race,26-35_1-2_misdemeanor
129,7204,,0,1,cross_race,26-35_1-2_misdemeanor
129,1383,,0,0,same_race,26-35_1-2_misdemeanor
129,329,,0,0,same_race,26-35_1-2_misdemeanor
129,4197,,0,1,cross_race,26-35_1-2_misdemeanor
129,1949,,0,1,cross_race,26-35_1-2_misdemeanor
129,5737,,0,0,same_race,26-35_1-2_misdemeanor
129,6880,,0,0,same_race,26-35_1-2_misdemeanor
4267,2044,,1,1,same_race,26-35_1-2_misdemeanor
4267,3612,,1,0,cross_race,26-35_1-2_misdemeanor
4267,1947,,1,1,same_race,26-35_1-2_misdemeanor
4267,3669,,1,0,cross_race,26-35_1-2_misdemeanor
4267,2480,,1,0,cross_race,26-35_1-2_misdemeanor
4267,2262,,1,0,cross_race,26-35_1-2_misdemeanor
4267,2511,,1,1,same_race,26-35_1-2_misdemeanor
4267,821,,1,0,cross_race,26-35_1-2_misdemeanor
4267,138,,1,0,cross_race,26-35_1-2_misdemeanor
4267,7204,,1,1,same_race,26-35_1-2_misdemeanor
4267,1383,,1,0,cross_race,26-35_1-2_misdemeanor
4267,329,,1,0,cross_race,26-35_1-2_misdemeanor
4267,4197,,1,1,same_race,26-35_1-2_misdemeanor
4267,1949,,1,1,same_race,26-35_1-2_misdemeanor
4267,5737,,1,0,cross_race,26-35_1-2_misdemeanor
4267,6880,,1,0,cross_race,26-35_1-2_misdemeanor
2044,3612,,1,0,cross_race,26-35_1-2_misdemeanor
2044,1947,,1,1,same_race,26-35_1-2_misdemeanor
2044,3669,,1,0,cross_race,26-35_1-2_misdemeanor
2044,2480,,1,0,cross_race,26-35_1-2_misdemeanor
2044,2262,,1,0,cross_race,26-35_1-2_misdemeanor
2044,2511,,1,1,same_race,26-35_1-2_misdemeanor
2044,821,,1,0,cross_race,26-35_1-2_misdemeanor
2044,138,,1,0,cross_race,26-35_1-2_misdemeanor
2044,7204,,1,1,same_race,26-35_1-2_misdemeanor
2044,1383,,1,0,cross_race,26-35_1-2_misdemeanor
2044,329,,1,0,cross_race,26-35_1-2_misdemeanor
2044,4197,,1,1,same_race,26-35_1-2_misdemeanor
2044,1949,,1,1,same_race,26-35_1-2_misdemeanor
2044,5737,,1,0,cross_race,26-35_1-2_misdemeanor
2044,6880,,1,0,cross_race,26-35_1-2_misdemeanor
3612,1947,,0,1,cross_race,26-35_1-2_misdemeanor
3612,3669,,0,0,same_race,26-35_1-2_misdemeanor
3612,2480,,0,0,same_race,26-35_1-2_misdemeanor
3612,2262,,0,0,same_race,26-35_1-2_misdemeanor
3612,2511,,0,1,cross_race,26-35_1-2_misdemeanor
3612,821,,0,0,same_race,26-35_1-2_misdemeanor
3612,138,,0,0,same_race,26-35_1-2_misdemeanor
3612,7204,,0,1,cross_race,26-35_1-2_misdemeanor
3612,1383,,0,0,same_race,26-35_1-2_misdemeanor
3612,329,,0,0,same_race,26-35_1-2_misdemeanor
3612,4197,,0,1,cross_race,26-35_1-2_misdemeanor
3612,1949,,0,1,cross_race,26-35_1-2_misdemeanor
3612,5737,,0,0,same_race,26-35_1-2_misdemeanor
3612,6880,,0,0,same_race,26-35_1-2_misdemeanor
1947,3669,,1,0,cross_race,26-35_1-2_misdemeanor
1947,2480,,1,0,cross_race,26-35_1-2_misdemeanor
1947,2262,,1,0,cross_race,26-35_1-2_misdemeanor
1947,2511,,1,1,same_race,26-35_1-2_misdemeanor
1947,821,,1,0,cross_race,26-35_1-2_misdemeanor
1947,138,,1,0,cross_race,26-35_1-2_misdemeanor
1947,7204,,1,1,same_race,26-35_1-2_misdemeanor
1947,1383,,1,0,cross_race,26-35_1-2_misdemeanor
1947,329,,1,0,cross_race,26-35_1-2_misdemeanor
1947,4197,,1,1,same_race,26-35_1-2_misdemeanor
1947,1949,,1,1,same_race,26-35_1-2_misdemeanor
1947,5737,,1,0,cross_race,26-35_1-2_misdemeanor
1947,6880,,1,0,cross_race,26-35_1-2_misdemeanor
3669,2480,,0,0,same_race,26-35_1-2_misdemeanor
3669,2262,,0,0,same_race,26-35_1-2_misdemeanor
3669,2511,,0,1,cross_race,26-35_1-2_misdemeanor
3669,821,,0,0,same_race,26-35_1-2_misdemeanor
3669,138,,0,0,same_race,26-35_1-2_misdemeanor
3669,7204,,0,1,cross_race,26-35_1-2_misdemeanor
3669,1383,,0,0,same_race,26-35_1-2_misdemeanor
3669,329,,0,0,same_race,26-35_1-2_misdemeanor
3669,4197,,0,1,cross_race,26-35_1-2_misdemeanor
3669,1949,,0,1,cross_race,26-35_1-2_misdemeanor
3669,5737,,0,0,same_race,26-35_1-2_misdemeanor
3669,6880,,0,0,same_race,26-35_1-2_misdemeanor
2480,2262,,0,0,same_race,26-35_1-2_misdemeanor
2480,2511,,0,1,cross_race,26-35_1-2_misdemeanor
2480,821,,0,0,same_race,26-35_1-2_misdemeanor
2480,138,,0,0,same_race,26-35_1-2_misdemeanor
2480,7204,,0,1,cross_race,26-35_1-2_misdemeanor
2480,1383,,0,0,same_race,26-35_1-2_misdemeanor
2480,329,,0,0,same_race,26-35_1-2_misdemeanor
2480,4197,,0,1,cross_race,26-35_1-2_misdemeanor
2480,1949,,0,1,cross_race,26-35_1-2_misdemeanor
2480,5737,,0,0,same_race,26-35_1-2_misdemeanor
2480,6880,,0,0,same_race,26-35_1-2_misdemeanor
2262,2511,,0,1,cross_race,26-35_1-2_misdemeanor
2262,821,,0,0,same_race,26-35_1-2_misdemeanor
2262,138,,0,0,same_race,26-35_1-2_misdemeanor
2262,7204,,0,1,cross_race,26-35_1-2_misdemeanor
2262,1383,,0,0,same_race,26-35_1-2_misdemeanor
2262,329,,0,0,same_race,26-35_1-2_misdemeanor
2262,4197,,0,1,cross_race,26-35_1-2_misdemeanor
2262,1949,,0,1,cross_race,26-35_1-2_misdemeanor
2262,5737,,0,0,same_race,26-35_1-2_misdemeanor
2262,6880,,0,0,same_race,26-35_1-2_misdemeanor
2511,821,,1,0,cross_race,26-35_1-2_misdemeanor
2511,138,,1,0,cross_race,26-35_1-2_misdemeanor
2511,7204,,1,1,same_race,26-35_1-2_misdemeanor
2511,1383,,1,0,cross_race,26-35_1-2_misdemeanor
2511,329,,1,0,cross_race,26-35_1-2_misdemeanor
2511,4197,,1,1,same_race,26-35_1-2_misdemeanor
2511,1949,,1,1,same_race,26-35_1-2_misdemeanor
2511,5737,,1,0,cross_race,26-35_1-2_misdemeanor
2511,6880,,1,0,cross_race,26-35_1-2_misdemeanor
821,138,,0,0,same_race,26-35_1-2_misdemeanor
821,7204,,0,1,cross_race,26-35_1-2_misdemeanor
821,1383,,0,0,same_race,26-35_1-2_misdemeanor
821,329,,0,0,same_race,26-35_1-2_misdemeanor
821,4197,,0,1,cross_race,26-35_1-2_misdemeanor
821,1949,,0,1,cross_race,26-35_1-2_misdemeanor
821,5737,,0,0,same_race,26-35_1-2_misdemeanor
821,6880,,0,0,same_race,26-35_1-2_misdemeanor
138,7204,,0,1,cross_race,26-35_1-2_misdemeanor
138,1383,,0,0,same_race,26-35_1-2_misdemeanor
138,329,,0,0,same_race,26-35_1-2_misdemeanor
138,4197,,0,1,cross_race,26-35_1-2_misdemeanor
138,1949,,0,1,cross_race,26-35_1-2_misdemeanor
138,5737,,0,0,same_race,26-35_1-2_misdemeanor
138,6880,,0,0,same_race,26-35_1-2_misdemeanor
7204,1383,,1,0,cross_race,26-35_1-2_misdemeanor
7204,329,,1,0,cross_race,26-35_1-2_misdemeanor
7204,4197,,1,1,same_race,26-35_1-2_misdemeanor
7204,1949,,1,1,same_race,26-35_1-2_misdemeanor
7204,5737,,1,0,cross_race,26-35_1-2_misdemeanor
7204,6880,,1,0,cross_race,26-35_1-2_misdemeanor
1383,329,,0,0,same_race,26-35_1-2_misdemeanor
1383,4197,,0,1,cross_race,26-35_1-2_misdemeanor
1383,1949,,0,1,cross_race,26-35_1-2_misdemeanor
1383,5737,,0,0,same_race,26-35_1-2_misdemeanor
1383,6880,,0,0,same_race,26-35_1-2_misdemeanor
329,4197,,0,1,cross_race,26-35_1-2_misdemeanor
329,1949,,0,1,cross_race,26-35_1-2_misdemeanor
329,5737,,0,0,same_race,26-35_1-2_misdemeanor
329,6880,,0,0,same_race,26-35_1-2_misdemeanor
4197,1949,,1,1,same_race,26-35_1-2_misdemeanor
4197,5737,,1,0,cross_race,26-35_1-2_misdemeanor
4197,6880,,1,0,cross_race,26-35_1-2_misdemeanor
1949,5737,,1,0,cross_race,26-35_1-2_misdemeanor
1949,6880,,1,0,cross_race,26-35_1-2_misdemeanor
5737,6880,,0,0,same_race,26-35_1-2_misdemeanor
4232,6679,,1,1,same_race,26-35_6+_felony
4656,5580,,1,1,same_race,26-35_6+_felony
3340,2469,,1,1,same_race,26-35_6+_felony
4656,6900,,1,1,same_race,26-35_6+_felony
816,1899,,1,1,same_race,26-35_6+_felony
5617,3141,,1,1,same_race,26-35_6+_felony
6900,2223,,1,1,same_race,26-35_6+_felony
5648,1207,,1,1,same_race,26-35_6+_felony
4731,2541,,1,1,same_race,26-35_6+_felony
1646,2469,,1,1,same_race,26-35_6+_felony
5077,2541,,1,1,same_race,26-35_6+_felony
1885,3934,,1,1,same_race,26-35_6+_felony
194,5643,,1,1,same_race,26-35_6+_felony
2469,1713,,1,1,same_race,26-35_6+_felony
1912,5592,,1,1,same_race,26-35_6+_felony
2264,6810,,1,1,same_race,26-35_6+_felony
405,6758,,1,1,same_race,26-35_6+_felony
5592,5401,,1,1,same_race,26-35_6+_felony
4038,2766,,1,1,same_race,26-35_6+_felony
3228,5401,,1,1,same_race,26-35_6+_felony
2245,2467,,1,1,same_race,26-35_6+_felony
1805,2183,,1,1,same_race,26-35_6+_felony
5648,2541,,1,1,same_race,26-35_6+_felony
2264,194,,1,1,same_race,26-35_6+_felony
1879,226,,1,1,same_race,26-35_6+_felony
4232,5826,,1,1,same_race,26-35_6+_felony
405,6329,,1,1,same_race,26-35_6+_felony
2264,5648,,1,1,same_race,26-35_6+_felony
7145,3228,,0,1,cross_race,26-35_6+_felony
1724,561,,1,1,same_race,26-35_6+_felony
2679,3715,,1,1,same_race,26-35_6+_felony
6515,5412,,1,0,cross_race,26-35_6+_felony
194,5114,,1,1,same_race,26-35_6+_felony
405,5401,,1,1,same_race,26-35_6+_felony
226,6810,,1,1,same_race,26-35_6+_felony
5438,5592,,1,1,same_race,26-35_6+_felony
194,2942,,1,1,same_race,26-35_6+_felony
2942,4620,,1,1,same_race,26-35_6+_felony
5508,6329,,1,1,same_race,26-35_6+_felony
2776,2795,,1,1,same_race,26-35_6+_felony
816,5666,,1,1,same_race,26-35_6+_felony
194,3833,,1,0,cross_race,26-35_6+_felony
4232,5237,,1,0,cross_race,26-35_6+_felony
5077,2469,,1,1,same_race,26-35_6+_felony
4582,5592,,1,1,same_race,26-35_6+_felony
1207,6742,,1,1,same_race,26-35_6+_felony
226,1885,,1,1,same_race,26-35_6+_felony
6097,4620,,1,1,same_race,26-35_6+_felony
4582,1912,,1,1,same_race,26-35_6+_felony
1469,3967,,1,1,same_race,26-35_6+_felony
3715,3228,,1,1,same_race,26-35_6+_felony
1899,2467,,1,1,same_race,26-35_6+_felony
6679,2795,,1,1,same_race,26-35_6+_felony
6560,2766,,1,1,same_race,26-35_6+_felony
3459,1646,,1,1,same_race,26-35_6+_felony
6515,2776,,1,1,same_race,26-35_6+_felony
5580,3141,,1,1,same_race,26-35_6+_felony
2541,5412,,1,0,cross_race,26-35_6+_felony
6454,5666,,1,1,same_race,26-35_6+_felony
6097,655,,1,1,same_race,26-35_6+_felony
1724,6329,,1,1,same_race,26-35_6+_felony
3033,5508,,1,1,same_race,26-35_6+_felony
5826,2469,,1,1,same_race,26-35_6+_felony
3534,5592,,1,1,same_race,26-35_6+_felony
3702,5611,,1,1,same_race,26-35_6+_felony
561,1646,,1,1,same_race,26-35_6+_felony
2766,5401,,1,1,same_race,26-35_6+_felony
5617,5114,,1,1,same_race,26-35_6+_felony
4582,2467,,1,1,same_race,26-35_6+_felony
5666,6742,,1,1,same_race,26-35_6+_felony
2766,1885,,1,1,same_race,26-35_6+_felony
6810,6689,,1,1,same_race,26-35_6+_felony
2758,561,,1,1,same_race,26-35_6+_felony
3459,6329,,1,1,same_race,26-35_6+_felony
1885,5412,,1,0,cross_race,26-35_6+_felony
976,1899,,1,1,same_race,26-35_6+_felony
2183,5401,,1,1,same_race,26-35_6+_felony
1724,3459,,1,1,same_race,26-35_6+_felony
6560,1646,,1,1,same_race,26-35_6+_felony
6560,1885,,1,1,same_race,26-35_6+_felony
4003,6742,,1,1,same_race,26-35_6+_felony
405,2679,,1,1,same_race,26-35_6+_felony
811,6758,,1,1,same_race,26-35_6+_felony
6515,2245,,1,1,same_race,26-35_6+_felony
2766,3934,,1,1,same_race,26-35_6+_felony
2766,5666,,1,1,same_race,26-35_6+_felony
4038,124,,1,1,same_race,26-35_6+_felony
5643,6689,,1,1,same_race,26-35_6+_felony
4731,6454,,1,1,same_race,26-35_6+_felony
3228,1885,,1,1,same_race,26-35_6+_felony
4038,1207,,1,1,same_race,26-35_6+_felony
1879,6810,,1,1,same_race,26-35_6+_felony
6560,124,,1,1,same_race,26-35_6+_felony
4003,6689,,1,1,same_race,26-35_6+_felony
1207,4620,,1,1,same_race,26-35_6+_felony
61,5114,,1,1,same_race,26-35_6+_felony
811,5643,,1,1,same_race,26-35_6+_felony
1879,1646,,1,1,same_race,26-35_6+_felony
3459,6758,,1,1,same_race,26-35_6+_felony
61,1879,,1,1,same_race,26-35_6+_felony
61,6742,,1,1,same_race,26-35_6+_felony
3715,2776,,1,1,same_race,26-35_6+_felony
2264,7201,,1,1,same_race,26-35_6+_felony
5077,4731,,1,1,same_race,26-35_6+_felony
3459,3141,,1,1,same_race,26-35_6+_felony
6329,2795,,1,1,same_race,26-35_6+_felony
5617,5077,,1,1,same_race,26-35_6+_felony
1138,2467,,1,1,same_race,26-35_6+_felony
4003,3934,,1,1,same_race,26-35_6+_felony
6810,3934,,1,1,same_race,26-35_6+_felony
6679,5592,,1,1,same_race,26-35_6+_felony
1912,4620,,1,1,same_race,26-35_6+_felony
4656,5666,,1,1,same_race,26-35_6+_felony
4582,6689,,1,1,same_race,26-35_6+_felony
6454,976,,1,1,same_race,26-35_6+_felony
2942,5237,,1,0,cross_race,26-35_6+_felony
1459,1724,,0,1,cross_race,26-35_6+_felony
2679,3702,,1,1,same_race,26-35_6+_felony
811,124,,1,1,same_race,26-35_6+_felony
194,1082,,1,1,same_race,26-35_6+_felony
6097,226,,1,1,same_race,26-35_6+_felony
1912,405,,1,1,same_race,26-35_6+_felony
3340,6097,,1,1,same_race,26-35_6+_felony
405,1885,,1,1,same_race,26-35_6+_felony
4582,6329,,1,1,same_race,26-35_6+_felony
3033,5592,,1,1,same_race,26-35_6+_felony
6900,2467,,1,1,same_race,26-35_6+_felony
4003,1646,,1,1,same_race,26-35_6+_felony
3833,6810,,0,1,cross_race,26-35_6+_felony
4003,4620,,1,1,same_race,26-35_6+_felony
6679,5237,,1,0,cross_race,26-35_6+_felony
6810,6742,,1,1,same_race,26-35_6+_felony
6560,655,,1,1,same_race,26-35_6+_felony
4038,5580,,1,1,same_race,26-35_6+_felony
3715,5412,,1,0,cross_race,26-35_6+_felony
4656,1713,,1,1,same_race,26-35_6+_felony
1805,5648,,1,1,same_race,26-35_6+_felony
5592,2467,,1,1,same_race,26-35_6+_felony
5077,4003,,1,1,same_race,26-35_6+_felony
4620,1713,,1,1,same_race,26-35_6+_felony
6097,3934,,1,1,same_race,26-35_6+_felony
5617,6515,,1,1,same_race,26-35_6+_felony
2758,2469,,1,1,same_race,26-35_6+_felony
561,2467,,1,1,same_race,26-35_6+_felony
3033,226,,1,1,same_race,26-35_6+_felony
3967,2541,,1,1,same_race,26-35_6+_felony
2496,3459,,1,1,same_race,26-35_6+_felony
1879,5648,,1,1,same_race,26-35_6+_felony
816,405,,1,1,same_race,26-35_6+_felony
3534,5412,,1,0,cross_race,26-35_6+_felony
5438,2679,,1,1,same_race,26-35_6+_felony
61,6679,,1,1,same_race,26-35_6+_felony
3459,5643,,1,1,same_race,26-35_6+_felony
6454,943,,1,1,same_race,26-35_6+_felony
1912,1138,,1,1,same_race,26-35_6+_felony
3534,3934,,1,1,same_race,26-35_6+_felony
3833,1713,,0,1,cross_race,26-35_6+_felony
3459,2467,,1,1,same_race,26-35_6+_felony
1459,4731,,0,1,cross_race,26-35_6+_felony
1879,2183,,1,1,same_race,26-35_6+_felony
5617,5611,,1,1,same_race,26-35_6+_felony
4656,6454,,1,1,same_race,26-35_6+_felony
3534,1138,,1,1,same_race,26-35_6+_felony
4038,4731,,1,1,same_race,26-35_6+_felony
6758,1138,,1,1,same_race,26-35_6+_felony
6329,226,,1,1,same_race,26-35_6+_felony
6560,3141,,1,1,same_race,26-35_6+_felony
816,3459,,1,1,same_race,26-35_6+_felony
61,5580,,1,1,same_race,26-35_6+_felony
1459,1885,,0,1,cross_race,26-35_6+_felony
811,3534,,1,1,same_race,26-35_6+_felony
976,2467,,1,1,same_race,26-35_6+_felony
1912,2541,,1,1,same_race,26-35_6+_felony
3459,1082,,1,1,same_race,26-35_6+_felony
4656,1138,,1,1,same_race,26-35_6+_felony
6560,3228,,1,1,same_race,26-35_6+_felony
194,976,,1,1,same_race,26-35_6+_felony
2245,7201,,1,1,same_race,26-35_6+_felony
7145,3141,,0,1,cross_race,26-35_6+_felony
6560,4656,,1,1,same_race,26-35_6+_felony
3228,6329,,1,1,same_race,26-35_6+_felony
6097,2467,,1,1,same_race,26-35_6+_felony
61,5412,,1,0,cross_race,26-35_6+_felony
5826,5508,,1,1,same_race,26-35_6+_felony
2183,2467,,1,1,same_race,26-35_6+_felony
4656,2776,,1,1,same_race,26-35_6+_felony
5826,226,,1,1,same_race,26-35_6+_felony
6758,5611,,1,1,same_race,26-35_6+_felony
5617,1713,,1,1,same_race,26-35_6+_felony
3459,1899,,1,1,same_race,26-35_6+_felony
4582,194,,1,1,same_race,26-35_6+_felony
5643,2795,,1,1,same_race,26-35_6+_felony
1469,2469,,1,1,same_race,26-35_6+_felony
2758,6679,,1,1,same_race,26-35_6+_felony
816,655,,1,1,same_race,26-35_6+_felony
3715,6900,,1,1,same_race,26-35_6+_felony
1912,1885,,1,1,same_race,26-35_6+_felony
5643,5592,,1,1,same_race,26-35_6+_felony
1879,3833,,1,0,cross_race,26-35_6+_felony
2183,226,,1,1,same_race,26-35_6+_felony
194,6742,,1,1,same_race,26-35_6+_felony
561,5666,,1,1,same_race,26-35_6+_felony
5412,2469,,0,1,cross_race,26-35_6+_felony
5826,6097,,1,1,same_race,26-35_6+_felony
4038,5611,,1,1,same_race,26-35_6+_felony
4582,1459,,1,0,cross_race,26-35_6+_felony
1459,1138,,0,1,cross_race,26-35_6+_felony
5077,3702,,1,1,same_race,26-35_6+_felony
1912,1724,,1,1,same_race,26-35_6+_felony
5648,6097,,1,1,same_race,26-35_6+_felony
7145,5666,,0,1,cross_race,26-35_6+_felony
4656,226,,1,1,same_race,26-35_6+_felony
5666,976,,1,1,same_race,26-35_6+_felony
6900,124,,1,1,same_race,26-35_6+_felony
943,1138,,1,1,same_race,26-35_6+_felony
2496,1713,,1,1,same_race,26-35_6+_felony
194,2541,,1,1,same_race,26-35_6+_felony
3141,1885,,1,1,same_race,26-35_6+_felony
6515,1207,,1,1,same_race,26-35_6+_felony
3141,2467,,1,1,same_race,26-35_6+_felony
6560,2223,,1,1,same_race,26-35_6+_felony
5438,6515,,1,1,same_race,26-35_6+_felony
943,1207,,1,1,same_race,26-35_6+_felony
2541,3934,,1,1,same_race,26-35_6+_felony
5580,5508,,1,1,same_race,26-35_6+_felony
4731,2766,,1,1,same_race,26-35_6+_felony
5580,6329,,1,1,same_race,26-35_6+_felony
3715,5592,,1,1,same_race,26-35_6+_felony
2679,5592,,1,1,same_race,26-35_6+_felony
2679,2776,,1,1,same_race,26-35_6+_felony
6097,2469,,1,1,same_race,26-35_6+_felony
816,2467,,1,1,same_race,26-35_6+_felony
2758,3459,,1,1,same_race,26-35_6+_felony
1469,2245,,1,1,same_race,26-35_6+_felony
3715,6329,,1,1,same_race,26-35_6+_felony
3228,4620,,1,1,same_race,26-35_6+_felony
4003,6097,,1,1,same_race,26-35_6+_felony
6515,2223,,1,1,same_race,26-35_6+_felony
3340,7201,,1,1,same_race,26-35_6+_felony
5580,3833,,1,0,cross_race,26-35_6+_felony
943,5508,,1,1,same_race,26-35_6+_felony
1879,4003,,1,1,same_race,26-35_6+_felony
811,6900,,1,1,same_race,26-35_6+_felony
816,3534,,1,1,same_race,26-35_6+_felony
2496,6329,,1,1,same_race,26-35_6+_felony
1899,655,,1,1,same_race,26-35_6+_felony
5580,3340,,1,1,same_race,26-35_6+_felony
3833,2469,,0,1,cross_race,26-35_6+_felony
194,3228,,1,1,same_race,26-35_6+_felony
3833,6689,,0,1,cross_race,26-35_6+_felony
3228,2467,,1,1,same_race,26-35_6+_felony
3459,5114,,1,1,same_race,26-35_6+_felony
5643,5412,,1,0,cross_race,26-35_6+_felony
3141,5643,,1,1,same_race,26-35_6+_felony
816,3967,,1,1,same_race,26-35_6+_felony
811,2496,,1,1,same_race,26-35_6+_felony
3715,5237,,1,0,cross_race,26-35_6+_felony
2264,6097,,1,1,same_race,26-35_6+_felony
3340,1885,,1,1,same_race,26-35_6+_felony
6329,5611,,1,1,same_race,26-35_6+_felony
1912,5648,,1,1,same_race,26-35_6+_felony
2245,3534,,1,1,same_race,26-35_6+_felony
1207,2223,,1,1,same_race,26-35_6+_felony
4003,1138,,1,1,same_race,26-35_6+_felony
4656,5508,,1,1,same_race,26-35_6+_felony
6097,6689,,1,1,same_race,26-35_6+_felony
3228,6689,,1,1,same_race,26-35_6+_felony
2758,5643,,1,1,same_race,26-35_6+_felony
2758,2264,,1,1,same_race,26-35_6+_felony
5580,6454,,1,1,same_race,26-35_6+_felony
5648,6742,,1,1,same_race,26-35_6+_felony
3715,2467,,1,1,same_race,26-35_6+_felony
3340,2223,,1,1,same_race,26-35_6+_felony
5666,2795,,1,1,same_race,26-35_6+_felony
1805,3967,,1,1,same_race,26-35_6+_felony
226,5114,,1,1,same_race,26-35_6+_felony
6515,7201,,1,1,same_race,26-35_6+_felony
4731,3934,,1,1,same_race,26-35_6+_felony
3702,5643,,1,1,same_race,26-35_6+_felony
1724,5114,,1,1,same_race,26-35_6+_felony
5508,6900,,1,1,same_race,26-35_6+_felony
6742,2469,,1,1,same_race,26-35_6+_felony
6097,3534,,1,1,same_race,26-35_6+_felony
2758,226,,1,1,same_race,26-35_6+_felony
3967,2469,,1,1,same_race,26-35_6+_felony
4003,2942,,1,1,same_race,26-35_6+_felony
6515,1899,,1,1,same_race,26-35_6+_felony
5077,6900,,1,1,same_race,26-35_6+_felony
226,2795,,1,1,same_race,26-35_6+_felony
5438,4656,,1,1,same_race,26-35_6+_felony
4038,943,,1,1,same_race,26-35_6+_felony
811,1724,,1,1,same_race,26-35_6+_felony
561,1082,,1,1,same_race,26-35_6+_felony
816,5412,,1,0,cross_race,26-35_6+_felony
5077,1713,,1,1,same_race,26-35_6+_felony
6900,1899,,1,1,same_race,26-35_6+_felony
1646,1899,,1,1,same_race,26-35_6+_felony
5611,2223,,1,1,same_race,26-35_6+_felony
2758,6097,,1,1,same_race,26-35_6+_felony
2264,226,,1,1,same_race,26-35_6+_felony
405,2776,,1,1,same_race,26-35_6+_felony
5438,2264,,1,1,same_race,26-35_6+_felony
6689,2469,,1,1,same_race,26-35_6+_felony
811,1138,,1,1,same_race,26-35_6+_felony
1879,2942,,1,1,same_race,26-35_6+_felony
61,5826,,1,1,same_race,26-35_6+_felony
1912,2679,,1,1,same_race,26-35_6+_felony
1879,6097,,1,1,same_race,26-35_6+_felony
3459,5592,,1,1,same_race,26-35_6+_felony
5617,6560,,1,1,same_race,26-35_6+_felony
561,5508,,1,1,same_race,26-35_6+_felony
3534,2942,,1,1,same_race,26-35_6+_felony
7145,2795,,0,1,cross_race,26-35_6+_felony
1469,5412,,1,0,cross_race,26-35_6+_felony
1724,2467,,1,1,same_race,26-35_6+_felony
4232,1713,,1,1,same_race,26-35_6+_felony
1912,6097,,1,1,same_race,26-35_6+_felony
7201,3702,,1,1,same_race,26-35_6+_felony
5617,655,,1,1,same_race,26-35_6+_felony
2766,6900,,1,1,same_race,26-35_6+_felony
6515,5237,,1,0,cross_race,26-35_6+_felony
811,1646,,1,1,same_race,26-35_6+_felony
2496,6097,,1,1,same_race,26-35_6+_felony
1459,6679,,0,1,cross_race,26-35_6+_felony
6560,6454,,1,1,same_race,26-35_6+_felony
5077,6758,,1,1,same_race,26-35_6+_felony
5617,5580,,1,1,same_race,26-35_6+_felony
1805,226,,1,1,same_race,26-35_6+_felony
1469,1885,,1,1,same_race,26-35_6+_felony
194,5237,,1,0,cross_race,26-35_6+_felony
2496,2245,,1,1,same_race,26-35_6+_felony
5648,3534,,1,1,same_race,26-35_6+_felony
6900,6329,,1,1,same_race,26-35_6+_felony
1082,5237,,1,0,cross_race,26-35_6+_felony
2758,3702,,1,1,same_race,26-35_6+_felony
61,2776,,1,1,same_race,26-35_6+_felony
4620,5412,,1,0,cross_race,26-35_6+_felony
4038,5592,,1,1,same_race,26-35_6+_felony
226,3833,,1,0,cross_race,26-35_6+_felony
2766,6810,,1,1,same_race,26-35_6+_felony
4656,3534,,1,1,same_race,26-35_6+_felony
1138,1646,,1,1,same_race,26-35_6+_felony
5412,3934,,0,1,cross_race,26-35_6+_felony
61,1459,,1,0,cross_race,26-35_6+_felony
405,2469,,1,1,same_race,26-35_6+_felony
4582,1899,,1,1,same_race,26-35_6+_felony
1912,5401,,1,1,same_race,26-35_6+_felony
816,2469,,1,1,same_race,26-35_6+_felony
1469,655,,1,1,same_race,26-35_6+_felony
3459,6810,,1,1,same_race,26-35_6+_felony
6097,5114,,1,1,same_race,26-35_6+_felony
4620,1885,,1,1,same_race,26-35_6+_felony
1459,3534,,0,1,cross_race,26-35_6+_felony
6679,3833,,1,0,cross_race,26-35_6+_felony
4582,943,,1,1,same_race,26-35_6+_felony
5077,3934,,1,1,same_race,26-35_6+_felony
2758,1646,,1,1,same_race,26-35_6+_felony
5580,811,,1,1,same_race,26-35_6+_felony
5114,5401,,1,1,same_race,26-35_6+_felony
2679,2467,,1,1,same_race,26-35_6+_felony
1724,4620,,1,1,same_race,26-35_6+_felony
3459,2183,,1,1,same_race,26-35_6+_felony
1646,2541,,1,1,same_race,26-35_6+_felony
6689,1713,,1,1,same_race,26-35_6+_felony
3033,811,,1,1,same_race,26-35_6+_felony
2758,6560,,1,1,same_race,26-35_6+_felony
3967,5401,,1,1,same_race,26-35_6+_felony
3340,6810,,1,1,same_race,26-35_6+_felony
5438,6742,,1,1,same_race,26-35_6+_felony
405,561,,1,1,same_race,26-35_6+_felony
2942,5592,,1,1,same_race,26-35_6+_felony
6560,5666,,1,1,same_race,26-35_6+_felony
6454,6097,,1,1,same_race,26-35_6+_felony
3141,1713,,1,1,same_race,26-35_6+_felony
2679,2795,,1,1,same_race,26-35_6+_felony
4656,5826,,1,1,same_race,26-35_6+_felony
1459,6758,,0,1,cross_race,26-35_6+_felony
3033,61,,1,1,same_race,26-35_6+_felony
3141,2541,,1,1,same_race,26-35_6+_felony
5617,1646,,1,1,same_race,26-35_6+_felony
6454,3340,,1,1,same_race,26-35_6+_felony
405,4003,,1,1,same_race,26-35_6+_felony
4656,943,,1,1,same_race,26-35_6+_felony
655,5237,,1,0,cross_race,26-35_6+_felony
5077,5666,,1,1,same_race,26-35_6+_felony
405,3340,,1,1,same_race,26-35_6+_felony
2183,1138,,1,1,same_race,26-35_6+_felony
5826,2679,,1,1,same_race,26-35_6+_felony
5666,5401,,1,1,same_race,26-35_6+_felony
943,5412,,1,0,cross_race,26-35_6+_felony
6900,3934,,1,1,same_race,26-35_6+_felony
1724,5237,,1,0,cross_race,26-35_6+_felony
1082,976,,1,1,same_race,26-35_6+_felony
124,5666,,1,1,same_race,26-35_6+_felony
5826,3141,,1,1,same_race,26-35_6+_felony
3702,6742,,1,1,same_race,26-35_6+_felony
6515,561,,1,1,same_race,26-35_6+_felony
5508,2467,,1,1,same_race,26-35_6+_felony
2766,1207,,1,1,same_race,26-35_6+_felony
4620,3833,,1,0,cross_race,26-35_6+_felony
7145,2264,,0,1,cross_race,26-35_6+_felony
3967,6742,,1,1,same_race,26-35_6+_felony
4038,6679,,1,1,same_race,26-35_6+_felony
5826,2183,,1,1,same_race,26-35_6+_felony
3534,6689,,1,1,same_race,26-35_6+_felony
3340,561,,1,1,same_race,26-35_6+_felony
4038,2795,,1,1,same_race,26-35_6+_felony
405,3715,,1,1,same_race,26-35_6+_felony
3141,976,,1,1,same_race,26-35_6+_felony
3715,1082,,1,1,same_race,26-35_6+_felony
3715,3702,,1,1,same_race,26-35_6+_felony
1879,1713,,1,1,same_race,26-35_6+_felony
1459,6900,,0,1,cross_race,26-35_6+_felony
3534,5401,,1,1,same_race,26-35_6+_felony
1912,5237,,1,0,cross_race,26-35_6+_felony
3141,6810,,1,1,same_race,26-35_6+_felony
1879,1082,,1,1,same_race,26-35_6+_felony
3534,5114,,1,1,same_race,26-35_6+_felony
4003,5666,,1,1,same_race,26-35_6+_felony
61,2679,,1,1,same_race,26-35_6+_felony
1805,6097,,1,1,same_race,26-35_6+_felony
1805,4003,,1,1,same_race,26-35_6+_felony
6900,3833,,1,0,cross_race,26-35_6+_felony
4731,3534,,1,1,same_race,26-35_6+_felony
5617,2183,,1,1,same_race,26-35_6+_felony
4731,5826,,1,1,same_race,26-35_6+_felony
3967,124,,1,1,same_race,26-35_6+_felony
5438,6900,,1,1,same_race,26-35_6+_felony
7145,1207,,0,1,cross_race,26-35_6+_felony
4582,976,,1,1,same_race,26-35_6+_felony
5077,2183,,1,1,same_race,26-35_6+_felony
2758,4003,,1,1,same_race,26-35_6+_felony
2758,2183,,1,1,same_race,26-35_6+_felony
4582,5077,,1,1,same_race,26-35_6+_felony
3702,3934,,1,1,same_race,26-35_6+_felony
4003,6329,,1,1,same_race,26-35_6+_felony
4582,4731,,1,1,same_race,26-35_6+_felony
124,1899,,1,1,same_race,26-35_6+_felony
6560,3715,,1,1,same_race,26-35_6+_felony
2942,3833,,1,0,cross_race,26-35_6+_felony
1805,3141,,1,1,same_race,26-35_6+_felony
5508,5401,,1,1,same_race,26-35_6+_felony
5077,5401,,1,1,same_race,26-35_6+_felony
1082,5412,,1,0,cross_race,26-35_6+_felony
5648,6810,,1,1,same_race,26-35_6+_felony
3534,1646,,1,1,same_race,26-35_6+_felony
5617,4620,,1,1,same_race,26-35_6+_felony
7145,6742,,0,1,cross_race,26-35_6+_felony
5438,6758,,1,1,same_race,26-35_6+_felony
5077,1912,,1,1,same_race,26-35_6+_felony
4620,2541,,1,1,same_race,26-35_6+_felony
6810,5114,,1,1,same_race,26-35_6+_felony
943,561,,1,1,same_race,26-35_6+_felony
1805,5617,,1,1,same_race,26-35_6+_felony
124,6679,,1,1,same_race,26-35_6+_felony
5580,3702,,1,1,same_race,26-35_6+_felony
1912,6758,,1,1,same_race,26-35_6+_felony
2766,2541,,1,1,same_race,26-35_6+_felony
3033,3534,,1,1,same_race,26-35_6+_felony
1805,6758,,1,1,same_race,26-35_6+_felony
6515,6679,,1,1,same_race,26-35_6+_felony
1912,124,,1,1,same_race,26-35_6+_felony
1805,2541,,1,1,same_race,26-35_6+_felony
3459,7201,,1,1,same_race,26-35_6+_felony
3033,1459,,1,0,cross_race,26-35_6+_felony
6329,1713,,1,1,same_race,26-35_6+_felony
2942,6689,,1,1,same_race,26-35_6+_felony
6515,2496,,1,1,same_race,26-35_6+_felony
1459,2942,,0,1,cross_race,26-35_6+_felony
2776,3833,,1,0,cross_race,26-35_6+_felony
1912,6742,,1,1,same_race,26-35_6+_felony
4582,5643,,1,1,same_race,26-35_6+_felony
943,3228,,1,1,same_race,26-35_6+_felony
1207,3534,,1,1,same_race,26-35_6+_felony
2541,1713,,1,1,same_race,26-35_6+_felony
3534,7201,,1,1,same_race,26-35_6+_felony
1469,2795,,1,1,same_race,26-35_6+_felony
943,5114,,1,1,same_race,26-35_6+_felony
1879,5611,,1,1,same_race,26-35_6+_felony
1912,5114,,1,1,same_race,26-35_6+_felony
5617,2469,,1,1,same_race,26-35_6+_felony
3459,124,,1,1,same_race,26-35_6+_felony
4656,6679,,1,1,same_race,26-35_6+_felony
2766,3967,,1,1,same_race,26-35_6+_felony
1912,5666,,1,1,same_race,26-35_6+_felony
3833,5592,,0,1,cross_race,26-35_6+_felony
2758,5412,,1,0,cross_race,26-35_6+_felony
1912,3934,,1,1,same_race,26-35_6+_felony
5826,2467,,1,1,same_race,26-35_6+_felony
816,4232,,1,1,same_race,26-35_6+_felony
943,2223,,1,1,same_race,26-35_6+_felony
816,5648,,1,1,same_race,26-35_6+_felony
6515,5643,,1,1,same_race,26-35_6+_felony
1879,2223,,1,1,same_race,26-35_6+_felony
943,3833,,1,0,cross_race,26-35_6+_felony
6560,5592,,1,1,same_race,26-35_6+_felony
943,2795,,1,1,same_race,26-35_6+_felony
943,2541,,1,1,same_race,26-35_6+_felony
816,3833,,1,0,cross_race,26-35_6+_felony
5826,3715,,1,1,same_race,26-35_6+_felony
4107,4082,,0,0,same_race,36+_1-2_misdemeanor
4107,2273,,0,0,same_race,36+_1-2_misdemeanor
4107,5407,,0,1,cross_race,36+_1-2_misdemeanor
4107,2696,,0,0,same_race,36+_1-2_misdemeanor
4107,3898,,0,0,same_race,36+_1-2_misdemeanor
4107,3076,,0,0,same_race,36+_1-2_misdemeanor
4107,1420,,0,0,same_race,36+_1-2_misdemeanor
4107,192,,0,1,cross_race,36+_1-2_misdemeanor
4107,5627,,0,1,cross_race,36+_1-2_misdemeanor
4107,4692,,0,1,cross_race,36+_1-2_misdemeanor
4107,3610,,0,1,cross_race,36+_1-2_misdemeanor
4107,1540,,0,0,same_race,36+_1-2_misdemeanor
4107,4895,,0,1,cross_race,36+_1-2_misdemeanor
4107,2080,,0,0,same_race,36+_1-2_misdemeanor
4107,2454,,0,0,same_race,36+_1-2_misdemeanor
4107,1389,,0,0,same_race,36+_1-2_misdemeanor
4107,5363,,0,0,same_race,36+_1-2_misdemeanor
4107,4450,,0,0,same_race,36+_1-2_misdemeanor
4107,179,,0,0,same_race,36+_1-2_misdemeanor
4107,1675,,0,1,cross_race,36+_1-2_misdemeanor
4107,5956,,0,0,same_race,36+_1-2_misdemeanor
4107,2848,,0,1,cross_race,36+_1-2_misdemeanor
4107,2720,,0,1,cross_race,36+_1-2_misdemeanor
4107,6241,,0,1,cross_race,36+_1-2_misdemeanor
4107,5787,,0,1,cross_race,36+_1-2_misdemeanor
4107,3748,,0,0,same_race,36+_1-2_misdemeanor
4082,2273,,0,0,same_race,36+_1-2_misdemeanor
4082,5407,,0,1,cross_race,36+_1-2_misdemeanor
4082,2696,,0,0,same_race,36+_1-2_misdemeanor
4082,3898,,0,0,same_race,36+_1-2_misdemeanor
4082,3076,,0,0,same_race,36+_1-2_misdemeanor
4082,1420,,0,0,same_race,36+_1-2_misdemeanor
4082,192,,0,1,cross_race,36+_1-2_misdemeanor
4082,5627,,0,1,cross_race,36+_1-2_misdemeanor
4082,4692,,0,1,cross_race,36+_1-2_misdemeanor
4082,3610,,0,1,cross_race,36+_1-2_misdemeanor
4082,1540,,0,0,same_race,36+_1-2_misdemeanor
4082,4895,,0,1,cross_race,36+_1-2_misdemeanor
4082,2080,,0,0,same_race,36+_1-2_misdemeanor
4082,2454,,0,0,same_race,36+_1-2_misdemeanor
4082,1389,,0,0,same_race,36+_1-2_misdemeanor
4082,5363,,0,0,same_race,36+_1-2_misdemeanor
4082,4450,,0,0,same_race,36+_1-2_misdemeanor
4082,179,,0,0,same_race,36+_1-2_misdemeanor
4082,1675,,0,1,cross_race,36+_1-2_misdemeanor
4082,5956,,0,0,same_race,36+_1-2_misdemeanor
4082,2848,,0,1,cross_race,36+_1-2_misdemeanor
4082,2720,,0,1,cross_race,36+_1-2_misdemeanor
4082,6241,,0,1,cross_race,36+_1-2_misdemeanor
4082,5787,,0,1,cross_race,36+_1-2_misdemeanor
4082,3748,,0,0,same_race,36+_1-2_misdemeanor
2273,5407,,0,1,cross_race,36+_1-2_misdemeanor
2273,2696,,0,0,same_race,36+_1-2_misdemeanor
2273,3898,,0,0,same_race,36+_1-2_misdemeanor
2273,3076,,0,0,same_race,36+_1-2_misdemeanor
2273,1420,,0,0,same_race,36+_1-2_misdemeanor
2273,192,,0,1,cross_race,36+_1-2_misdemeanor
2273,5627,,0,1,cross_race,36+_1-2_misdemeanor
2273,4692,,0,1,cross_race,36+_1-2_misdemeanor
2273,3610,,0,1,cross_race,36+_1-2_misdemeanor
2273,1540,,0,0,same_race,36+_1-2_misdemeanor
2273,4895,,0,1,cross_race,36+_1-2_misdemeanor
2273,2080,,0,0,same_race,36+_1-2_misdemeanor
2273,2454,,0,0,same_race,36+_1-2_misdemeanor
2273,1389,,0,0,same_race,36+_1-2_misdemeanor
2273,5363,,0,0,same_race,36+_1-2_misdemeanor
2273,4450,,0,0,same_race,36+_1-2_misdemeanor
2273,179,,0,0,same_race,36+_1-2_misdemeanor
2273,1675,,0,1,cross_race,36+_1-2_misdemeanor
2273,5956,,0,0,same_race,36+_1-2_misdemeanor
2273,2848,,0,1,cross_race,36+_1-2_misdemeanor
2273,2720,,0,1,cross_race,36+_1-2_misdemeanor
2273,6241,,0,1,cross_race,36+_1-2_misdemeanor
2273,5787,,0,1,cross_race,36+_1-2_misdemeanor
2273,3748,,0,0,same_race,36+_1-2_misdemeanor
5407,2696,,1,0,cross_race,36+_1-2_misdemeanor
5407,3898,,1,0,cross_race,36+_1-2_misdemeanor
5407,3076,,1,0,cross_race,36+_1-2_misdemeanor
5407,1420,,1,0,cross_race,36+_1-2_misdemeanor
5407,192,,1,1,same_race,36+_1-2_misdemeanor
5407,5627,,1,1,same_race,36+_1-2_misdemeanor
5407,4692,,1,1,same_race,36+_1-2_misdemeanor
5407,3610,,1,1,same_race,36+_1-2_misdemeanor
5407,1540,,1,0,cross_race,36+_1-2_misdemeanor
5407,4895,,1,1,same_race,36+_1-2_misdemeanor
5407,2080,,1,0,cross_race,36+_1-2_misdemeanor
5407,2454,,1,0,cross_race,36+_1-2_misdemeanor
5407,1389,,1,0,cross_race,36+_1-2_misdemeanor
5407,5363,,1,0,cross_race,36+_1-2_misdemeanor
5407,4450,,1,0,cross_race,36+_1-2_misdemeanor
5407,179,,1,0,cross_race,36+_1-2_misdemeanor
5407,1675,,1,1,same_race,36+_1-2_misdemeanor
5407,5956,,1,0,cross_race,36+_1-2_misdemeanor
5407,2848,,1,1,same_race,36+_1-2_misdemeanor
5407,2720,,1,1,same_race,36+_1-2_misdemeanor
5407,6241,,1,1,same_race,36+_1-2_misdemeanor
5407,5787,,1,1,same_race,36+_1-2_misdemeanor
5407,3748,,1,0,cross_race,36+_1-2_misdemeanor
2696,3898,,0,0,same_race,36+_1-2_misdemeanor
2696,3076,,0,0,same_race,36+_1-2_misdemeanor
2696,1420,,0,0,same_race,36+_1-2_misdemeanor
2696,192,,0,1,cross_race,36+_1-2_misdemeanor
2696,5627,,0,1,cross_race,36+_1-2_misdemeanor
2696,4692,,0,1,cross_race,36+_1-2_misdemeanor
2696,3610,,0,1,cross_race,36+_1-2_misdemeanor
2696,1540,,0,0,same_race,36+_1-2_misdemeanor
2696,4895,,0,1,cross_race,36+_1-2_misdemeanor
2696,2080,,0,0,same_race,36+_1-2_misdemeanor
2696,2454,,0,0,same_race,36+_1-2_misdemeanor
2696,1389,,0,0,same_race,36+_1-2_misdemeanor
2696,5363,,0,0,same_race,36+_1-2_misdemeanor
2696,4450,,0,0,same_race,36+_1-2_misdemeanor
2696,179,,0,0,same_race,36+_1-2_misdemeanor
2696,1675,,0,1,cross_race,36+_1-2_misdemeanor
2696,5956,,0,0,same_race,36+_1-2_misdemeanor
2696,2848,,0,1,cross_race,36+_1-2_misdemeanor
2696,2720,,0,1,cross_race,36+_1-2_misdemeanor
2696,6241,,0,1,cross_race,36+_1-2_misdemeanor
2696,5787,,0,1,cross_race,36+_1-2_misdemeanor
2696,3748,,0,0,same_race,36+_1-2_misdemeanor
3898,3076,,0,0,same_race,36+_1-2_misdemeanor
3898,1420,,0,0,same_race,36+_1-2_misdemeanor
3898,192,,0,1,cross_race,36+_1-2_misdemeanor
3898,5627,,0,1,cross_race,36+_1-2_misdemeanor
3898,4692,,0,1,cross_race,36+_1-2_misdemeanor
3898,3610,,0,1,cross_race,36+_1-2_misdemeanor
3898,1540,,0,0,same_race,36+_1-2_misdemeanor
3898,4895,,0,1,cross_race,36+_1-2_misdemeanor
3898,2080,,0,0,same_race,36+_1-2_misdemeanor
3898,2454,,0,0,same_race,36+_1-2_misdemeanor
3898,1389,,0,0,same_race,36+_1-2_misdemeanor
3898,5363,,0,0,same_race,36+_1-2_misdemeanor
3898,4450,,0,0,same_race,36+_1-2_misdemeanor
3898,179,,0,0,same_race,36+_1-2_misdemeanor
3898,1675,,0,1,cross_race,36+_1-2_misdemeanor
3898,5956,,0,0,same_race,36+_1-2_misdemeanor
3898,2848,,0,1,cross_race,36+_1-2_misdemeanor
3898,2720,,0,1,cross_race,36+_1-2_misdemeanor
3898,6241,,0,1,cross_race,36+_1-2_misdemeanor
3898,5787,,0,1,cross_race,36+_1-2_misdemeanor
3898,3748,,0,0,same_race,36+_1-2_misdemeanor
3076,1420,,0,0,same_race,36+_1-2_misdemeanor
3076,192,,0,1,cross_race,36+_1-2_misdemeanor
3076,5627,,0,1,cross_race,36+_1-2_misdemeanor
3076,4692,,0,1,cross_race,36+_1-2_misdemeanor
3076,3610,,0,1,cross_race,36+_1-2_misdemeanor
3076,1540,,0,0,same_race,36+_1-2_misdemeanor
3076,4895,,0,1,cross_race,36+_1-2_misdemeanor
3076,2080,,0,0,same_race,36+_1-2_misdemeanor
3076,2454,,0,0,same_race,36+_1-2_misdemeanor
3076,1389,,0,0,same_race,36+_1-2_misdemeanor
3076,5363,,0,0,same_race,36+_1-2_misdemeanor
3076,4450,,0,0,same_race,36+_1-2_misdemeanor
3076,179,,0,0,same_race,36+_1-2_misdemeanor
3076,1675,,0,1,cross_race,36+_1-2_misdemeanor
3076,5956,,0,0,same_race,36+_1-2_misdemeanor
3076,2848,,0,1,cross_race,36+_1-2_misdemeanor
3076,2720,,0,1,cross_race,36+_1-2_misdemeanor
3076,6241,,0,1,cross_race,36+_1-2_misdemeanor
3076,5787,,0,1,cross_race,36+_1-2_misdemeanor
3076,3748,,0,0,same_race,36+_1-2_misdemeanor
1420,192,,0,1,cross_race,36+_1-2_misdemeanor
1420,5627,,0,1,cross_race,36+_1-2_misdemeanor
1420,4692,,0,1,cross_race,36+_1-2_misdemeanor
1420,3610,,0,1,cross_race,36+_1-2_misdemeanor
1420,1540,,0,0,same_race,36+_1-2_misdemeanor
1420,4895,,0,1,cross_race,36+_1-2_misdemeanor
1420,2080,,0,0,same_race,36+_1-2_misdemeanor
1420,2454,,0,0,same_race,36+_1-2_misdemeanor
1420,1389,,0,0,same_race,36+_1-2_misdemeanor
1420,5363,,0,0,same_race,36+_1-2_misdemeanor
1420,4450,,0,0,same_race,36+_1-2_misdemeanor
1420,179,,0,0,same_race,36+_1-2_misdemeanor
1420,1675,,0,1,cross_race,36+_1-2_misdemeanor
1420,5956,,0,0,same_race,36+_1-2_misdemeanor
1420,2848,,0,1,cross_race,36+_1-2_misdemeanor
1420,2720,,0,1,cross_race,36+_1-2_misdemeanor
1420,6241,,0,1,cross_race,36+_1-2_misdemeanor
1420,5787,,0,1,cross_race,36+_1-2_misdemeanor
1420,3748,,0,0,same_race,36+_1-2_misdemeanor
192,5627,,1,1,same_race,36+_1-2_misdemeanor
192,4692,,1,1,same_race,36+_1-2_misdemeanor
192,3610,,1,1,same_race,36+_1-2_misdemeanor
192,1540,,1,0,cross_race,36+_1-2_misdemeanor
192,4895,,1,1,same_race,36+_1-2_misdemeanor
192,2080,,1,0,cross_race,36+_1-2_misdemeanor
192,2454,,1,0,cross_race,36+_1-2_misdemeanor
192,1389,,1,0,cross_race,36+_1-2_misdemeanor
192,5363,,1,0,cross_race,36+_1-2_misdemeanor
192,4450,,1,0,cross_race,36+_1-2_misdemeanor
192,179,,1,0,cross_race,36+_1-2_misdemeanor
192,1675,,1,1,same_race,36+_1-2_misdemeanor
192,5956,,1,0,cross_race,36+_1-2_misdemeanor
192,2848,,1,1,same_race,36+_1-2_misdemeanor
192,2720,,1,1,same_race,36+_1-2_misdemeanor
192,6241,,1,1,same_race,36+_1-2_misdemeanor
192,5787,,1,1,same_race,36+_1-2_misdemeanor
192,3748,,1,0,cross_race,36+_1-2_misdemeanor
5627,4692,,1,1,same_race,36+_1-2_misdemeanor
5627,3610,,1,1,same_race,36+_1-2_misdemeanor
5627,1540,,1,0,cross_race,36+_1-2_misdemeanor
5627,4895,,1,1,same_race,36+_1-2_misdemeanor
5627,2080,,1,0,cross_race,36+_1-2_misdemeanor
5627,2454,,1,0,cross_race,36+_1-2_misdemeanor
5627,1389,,1,0,cross_race,36+_1-2_misdemeanor
5627,5363,,1,0,cross_race,36+_1-2_misdemeanor
5627,4450,,1,0,cross_race,36+_1-2_misdemeanor
5627,179,,1,0,cross_race,36+_1-2_misdemeanor
5627,1675,,1,1,same_race,36+_1-2_misdemeanor
5627,5956,,1,0,cross_race,36+_1-2_misdemeanor
5627,2848,,1,1,same_race,36+_1-2_misdemeanor
5627,2720,,1,1,same_race,36+_1-2_misdemeanor
5627,6241,,1,1,same_race,36+_1-2_misdemeanor
5627,5787,,1,1,same_race,36+_1-2_misdemeanor
5627,3748,,1,0,cross_race,36+_1-2_misdemeanor
4692,3610,,1,1,same_race,36+_1-2_misdemeanor
4692,1540,,1,0,cross_race,36+_1-2_misdemeanor
4692,4895,,1,1,same_race,36+_1-2_misdemeanor
4692,2080,,1,0,cross_race,36+_1-2_misdemeanor
4692,2454,,1,0,cross_race,36+_1-2_misdemeanor
4692,1389,,1,0,cross_race,36+_1-2_misdemeanor
4692,5363,,1,0,cross_race,36+_1-2_misdemeanor
4692,4450,,1,0,cross_race,36+_1-2_misdemeanor
4692,179,,1,0,cross_race,36+_1-2_misdemeanor
4692,1675,,1,1,same_race,36+_1-2_misdemeanor
4692,5956,,1,0,cross_race,36+_1-2_misdemeanor
4692,2848,,1,1,same_race,36+_1-2_misdemeanor
4692,2720,,1,1,same_race,36+_1-2_misdemeanor
4692,6241,,1,1,same_race,36+_1-2_misdemeanor
4692,5787,,1,1,same_race,36+_1-2_misdemeanor
4692,3748,,1,0,cross_race,36+_1-2_misdemeanor
3610,1540,,1,0,cross_race,36+_1-2_misdemeanor
3610,4895,,1,1,same_race,36+_1-2_misdemeanor
3610,2080,,1,0,cross_race,36+_1-2_misdemeanor
3610,2454,,1,0,cross_race,36+_1-2_misdemeanor
3610,1389,,1,0,cross_race,36+_1-2_misdemeanor
3610,5363,,1,0,cross_race,36+_1-2_misdemeanor
3610,4450,,1,0,cross_race,36+_1-2_misdemeanor
3610,179,,1,0,cross_race,36+_1-2_misdemeanor
3610,1675,,1,1,same_race,36+_1-2_misdemeanor
3610,5956,,1,0,cross_race,36+_1-2_misdemeanor
3610,2848,,1,1,same_race,36+_1-2_misdemeanor
3610,2720,,1,1,same_race,36+_1-2_misdemeanor
3610,6241,,1,1,same_race,36+_1-2_misdemeanor
3610,5787,,1,1,same_race,36+_1-2_misdemeanor
3610,3748,,1,0,cross_race,36+_1-2_misdemeanor
1540,4895,,0,1,cross_race,36+_1-2_misdemeanor
1540,2080,,0,0,same_race,36+_1-2_misdemeanor
1540,2454,,0,0,same_race,36+_1-2_misdemeanor
1540,1389,,0,0,same_race,36+_1-2_misdemeanor
1540,5363,,0,0,same_race,36+_1-2_misdemeanor
1540,4450,,0,0,same_race,36+_1-2_misdemeanor
1540,179,,0,0,same_race,36+_1-2_misdemeanor
1540,1675,,0,1,cross_race,36+_1-2_misdemeanor
1540,5956,,0,0,same_race,36+_1-2_misdemeanor
1540,2848,,0,1,cross_race,36+_1-2_misdemeanor
1540,2720,,0,1,cross_race,36+_1-2_misdemeanor
1540,6241,,0,1,cross_race,36+_1-2_misdemeanor
1540,5787,,0,1,cross_race,36+_1-2_misdemeanor
1540,3748,,0,0,same_race,36+_1-2_misdemeanor
4895,2080,,1,0,cross_race,36+_1-2_misdemeanor
4895,2454,,1,0,cross_race,36+_1-2_misdemeanor
4895,1389,,1,0,cross_race,36+_1-2_misdemeanor
4895,5363,,1,0,cross_race,36+_1-2_misdemeanor
4895,4450,,1,0,cross_race,36+_1-2_misdemeanor
4895,179,,1,0,cross_race,36+_1-2_misdemeanor
4895,1675,,1,1,same_race,36+_1-2_misdemeanor
4895,5956,,1,0,cross_race,36+_1-2_misdemeanor
4895,2848,,1,1,same_race,36+_1-2_misdemeanor
4895,2720,,1,1,same_race,36+_1-2_misdemeanor
4895,6241,,1,1,same_race,36+_1-2_misdemeanor
4895,5787,,1,1,same_race,36+_1-2_misdemeanor
4895,3748,,1,0,cross_race,36+_1-2_misdemeanor
2080,2454,,0,0,same_race,36+_1-2_misdemeanor
2080,1389,,0,0,same_race,36+_1-2_misdemeanor
2080,5363,,0,0,same_race,36+_1-2_misdemeanor
2080,4450,,0,0,same_race,36+_1-2_misdemeanor
2080,179,,0,0,same_race,36+_1-2_misdemeanor
2080,1675,,0,1,cross_race,36+_1-2_misdemeanor
2080,5956,,0,0,same_race,36+_1-2_misdemeanor
2080,2848,,0,1,cross_race,36+_1-2_misdemeanor
2080,2720,,0,1,cross_race,36+_1-2_misdemeanor
2080,6241,,0,1,cross_race,36+_1-2_misdemeanor
2080,5787,,0,1,cross_race,36+_1-2_misdemeanor
2080,3748,,0,0,same_race,36+_1-2_misdemeanor
2454,1389,,0,0,same_race,36+_1-2_misdemeanor
2454,5363,,0,0,same_race,36+_1-2_misdemeanor
2454,4450,,0,0,same_race,36+_1-2_misdemeanor
2454,179,,0,0,same_race,36+_1-2_misdemeanor
2454,1675,,0,1,cross_race,36+_1-2_misdemeanor
2454,5956,,0,0,same_race,36+_1-2_misdemeanor
2454,2848,,0,1,cross_race,36+_1-2_misdemeanor
2454,2720,,0,1,cross_race,36+_1-2_misdemeanor
2454,6241,,0,1,cross_race,36+_1-2_misdemeanor
2454,5787,,0,1,cross_race,36+_1-2_misdemeanor
2454,3748,,0,0,same_race,36+_1-2_misdemeanor
1389,5363,,0,0,same_race,36+_1-2_misdemeanor
1389,4450,,0,0,same_race,36+_1-2_misdemeanor
1389,179,,0,0,same_race,36+_1-2_misdemeanor
1389,1675,,0,1,cross_race,36+_1-2_misdemeanor
1389,5956,,0,0,same_race,36+_1-2_misdemeanor
1389,2848,,0,1,cross_race,36+_1-2_misdemeanor
1389,2720,,0,1,cross_race,36+_1-2_misdemeanor
1389,6241,,0,1,cross_race,36+_1-2_misdemeanor
1389,5787,,0,1,cross_race,36+_1-2_misdemeanor
1389,3748,,0,0,same_race,36+_1-2_misdemeanor
5363,4450,,0,0,same_race,36+_1-2_misdemeanor
5363,179,,0,0,same_race,36+_1-2_misdemeanor
5363,1675,,0,1,cross_race,36+_1-2_misdemeanor
5363,5956,,0,0,same_race,36+_1-2_misdemeanor
5363,2848,,0,1,cross_race,36+_1-2_misdemeanor
5363,2720,,0,1,cross_race,36+_1-2_misdemeanor
5363,6241,,0,1,cross_race,36+_1-2_misdemeanor
5363,5787,,0,1,cross_race,36+_1-2_misdemeanor
5363,3748,,0,0,same_race,36+_1-2_misdemeanor
4450,179,,0,0,same_race,36+_1-2_misdemeanor
4450,1675,,0,1,cross_race,36+_1-2_misdemeanor
4450,5956,,0,0,same_race,36+_1-2_misdemeanor
4450,2848,,0,1,cross_race,36+_1-2_misdemeanor
4450,2720,,0,1,cross_race,36+_1-2_misdemeanor
4450,6241,,0,1,cross_race,36+_1-2_misdemeanor
4450,5787,,0,1,cross_race,36+_1-2_misdemeanor
4450,3748,,0,0,same_race,36+_1-2_misdemeanor
179,1675,,0,1,cross_race,36+_1-2_misdemeanor
179,5956,,0,0,same_race,36+_1-2_misdemeanor
179,2848,,0,1,cross_race,36+_1-2_misdemeanor
179,2720,,0,1,cross_race,36+_1-2_misdemeanor
179,6241,,0,1,cross_race,36+_1-2_misdemeanor
179,5787,,0,1,cross_race,36+_1-2_misdemeanor
179,3748,,0,0,same_race,36+_1-2_misdemeanor
1675,5956,,1,0,cross_race,36+_1-2_misdemeanor
1675,2848,,1,1,same_race,36+_1-2_misdemeanor
1675,2720,,1,1,same_race,36+_1-2_misdemeanor
1675,6241,,1,1,same_race,36+_1-2_misdemeanor
1675,5787,,1,1,same_race,36+_1-2_misdemeanor
1675,3748,,1,0,cross_race,36+_1-2_misdemeanor
5956,2848,,0,1,cross_race,36+_1-2_misdemeanor
5956,2720,,0,1,cross_race,36+_1-2_misdemeanor
5956,6241,,0,1,cross_race,36+_1-2_misdemeanor
5956,5787,,0,1,cross_race,36+_1-2_misdemeanor
5956,3748,,0,0,same_race,36+_1-2_misdemeanor
2848,2720,,1,1,same_race,36+_1-2_misdemeanor
2848,6241,,1,1,same_race,36+_1-2_misdemeanor
2848,5787,,1,1,same_race,36+_1-2_misdemeanor
2848,3748,,1,0,cross_race,36+_1-2_misdemeanor
2720,6241,,1,1,same_race,36+_1-2_misdemeanor
2720,5787,,1,1,same_race,36+_1-2_misdemeanor
2720,3748,,1,0,cross_race,36+_1-2_misdemeanor
6241,5787,,1,1,same_race,36+_1-2_misdemeanor
6241,3748,,1,0,cross_race,36+_1-2_misdemeanor
5787,3748,,1,0,cross_race,36+_1-2_misdemeanor
583,6832,,0,1,cross_race,18-25_1-2_misdemeanor
583,2271,,0,1,cross_race,18-25_1-2_misdemeanor
583,3390,,0,1,cross_race,18-25_1-2_misdemeanor
583,1890,,0,1,cross_race,18-25_1-2_misdemeanor
583,6375,,0,1,cross_race,18-25_1-2_misdemeanor
583,887,,0,0,same_race,18-25_1-2_misdemeanor
583,4375,,0,0,same_race,18-25_1-2_misdemeanor
583,1228,,0,1,cross_race,18-25_1-2_misdemeanor
583,780,,0,0,same_race,18-25_1-2_misdemeanor
583,6496,,0,0,same_race,18-25_1-2_misdemeanor
583,3182,,0,0,same_race,18-25_1-2_misdemeanor
583,4187,,0,1,cross_race,18-25_1-2_misdemeanor
583,5483,,0,0,same_race,18-25_1-2_misdemeanor
583,1327,,0,0,same_race,18-25_1-2_misdemeanor
583,4416,,0,1,cross_race,18-25_1-2_misdemeanor
583,5856,,0,1,cross_race,18-25_1-2_misdemeanor
583,3930,,0,1,cross_race,18-25_1-2_misdemeanor
583,4045,,0,0,same_race,18-25_1-2_misdemeanor
583,3312,,0,1,cross_race,18-25_1-2_misdemeanor
583,99,,0,1,cross_race,18-25_1-2_misdemeanor
583,1403,,0,0,same_race,18-25_1-2_misdemeanor
583,5769,,0,0,same_race,18-25_1-2_misdemeanor
583,529,,0,1,cross_race,18-25_1-2_misdemeanor
583,1158,,0,0,same_race,18-25_1-2_misdemeanor
583,4220,,0,1,cross_race,18-25_1-2_misdemeanor
583,6265,,0,1,cross_race,18-25_1-2_misdemeanor
583,2828,,0,1,cross_race,18-25_1-2_misdemeanor
6832,2271,,1,1,same_race,18-25_1-2_misdemeanor
6832,3390,,1,1,same_race,18-25_1-2_misdemeanor
6832,1890,,1,1,same_race,18-25_1-2_misdemeanor
6832,6375,,1,1,same_race,18-25_1-2_misdemeanor
6832,887,,1,0,cross_race,18-25_1-2_misdemeanor
6832,4375,,1,0,cross_race,18-25_1-2_misdemeanor
6832,1228,,1,1,same_race,18-25_1-2_misdemeanor
6832,780,,1,0,cross_race,18-25_1-2_misdemeanor
6832,6496,,1,0,cross_race,18-25_1-2_misdemeanor
6832,3182,,1,0,cross_race,18-25_1-2_misdemeanor
6832,4187,,1,1,same_race,18-25_1-2_misdemeanor
6832,5483,,1,0,cross_race,18-25_1-2_misdemeanor
6832,1327,,1,0,cross_race,18-25_1-2_misdemeanor
6832,4416,,1,1,same_race,18-25_1-2_misdemeanor
6832,5856,,1,1,same_race,18-25_1-2_misdemeanor
6832,3930,,1,1,same_race,18-25_1-2_misdemeanor
6832,4045,,1,0,cross_race,18-25_1-2_misdemeanor
6832,3312,,1,1,same_race,18-25_1-2_misdemeanor
6832,99,,1,1,same_race,18-25_1-2_misdemeanor
6832,1403,,1,0,cross_race,18-25_1-2_misdemeanor
6832,5769,,1,0,cross_race,18-25_1-2_misdemeanor
6832,529,,1,1,same_race,18-25_1-2_misdemeanor
6832,1158,,1,0,cross_race,18-25_1-2_misdemeanor
6832,4220,,1,1,same_race,18-25_1-2_misdemeanor
6832,6265,,1,1,same_race,18-25_1-2_misdemeanor
6832,2828,,1,1,same_race,18-25_1-2_misdemeanor
2271,3390,,1,1,same_race,18-25_1-2_misdemeanor
2271,1890,,1,1,same_race,18-25_1-2_misdemeanor
2271,6375,,1,1,same_race,18-25_1-2_misdemeanor
2271,887,,1,0,cross_race,18-25_1-2_misdemeanor
2271,4375,,1,0,cross_race,18-25_1-2_misdemeanor
2271,1228,,1,1,same_race,18-25_1-2_misdemeanor
2271,780,,1,0,cross_race,18-25_1-2_misdemeanor
2271,6496,,1,0,cross_race,18-25_1-2_misdemeanor
2271,3182,,1,0,cross_race,18-25_1-2_misdemeanor
2271,4187,,1,1,same_race,18-25_1-2_misdemeanor
2271,5483,,1,0,cross_race,18-25_1-2_misdemeanor
2271,1327,,1,0,cross_race,18-25_1-2_misdemeanor
2271,4416,,1,1,same_race,18-25_1-2_misdemeanor
2271,5856,,1,1,same_race,18-25_1-2_misdemeanor
2271,3930,,1,1,same_race,18-25_1-2_misdemeanor
2271,4045,,1,0,cross_race,18-25_1-2_misdemeanor
2271,3312,,1,1,same_race,18-25_1-2_misdemeanor
2271,99,,1,1,same_race,18-25_1-2_misdemeanor
2271,1403,,1,0,cross_race,18-25_1-2_misdemeanor
2271,5769,,1,0,cross_race,18-25_1-2_misdemeanor
2271,529,,1,1,same_race,18-25_1-2_misdemeanor
2271,1158,,1,0,cross_race,18-25_1-2_misdemeanor
2271,4220,,1,1,same_race,18-25_1-2_misdemeanor
2271,6265,,1,1,same_race,18-25_1-2_misdemeanor
2271,2828,,1,1,same_race,18-25_1-2_misdemeanor
3390,1890,,1,1,same_race,18-25_1-2_misdemeanor
3390,6375,,1,1,same_race,18-25_1-2_misdemeanor
3390,887,,1,0,cross_race,18-25_1-2_misdemeanor
3390,4375,,1,0,cross_race,18-25_1-2_misdemeanor
3390,1228,,1,1,same_race,18-25_1-2_misdemeanor
3390,780,,1,0,cross_race,18-25_1-2_misdemeanor
3390,6496,,1,0,cross_race,18-25_1-2_misdemeanor
3390,3182,,1,0,cross_race,18-25_1-2_misdemeanor
3390,4187,,1,1,same_race,18-25_1-2_misdemeanor
3390,5483,,1,0,cross_race,18-25_1-2_misdemeanor
3390,1327,,1,0,cross_race,18-25_1-2_misdemeanor
3390,4416,,1,1,same_race,18-25_1-2_misdemeanor
3390,5856,,1,1,same_race,18-25_1-2_misdemeanor
3390,3930,,1,1,same_race,18-25_1-2_misdemeanor
3390,4045,,1,0,cross_race,18-25_1-2_misdemeanor
3390,3312,,1,1,same_race,18-25_1-2_misdemeanor
3390,99,,1,1,same_race,18-25_1-2_misdemeanor
3390,1403,,1,0,cross_race,18-25_1-2_misdemeanor
3390,5769,,1,0,cross_race,18-25_1-2_misdemeanor
3390,529,,1,1,same_race,18-25_1-2_misdemeanor
3390,1158,,1,0,cross_race,18-25_1-2_misdemeanor
3390,4220,,1,1,same_race,18-25_1-2_misdemeanor
3390,6265,,1,1,same_race,18-25_1-2_misdemeanor
3390,2828,,1,1,same_race,18-25_1-2_misdemeanor
1890,6375,,1,1,same_race,18-25_1-2_misdemeanor
1890,887,,1,0,cross_race,18-25_1-2_misdemeanor
1890,4375,,1,0,cross_race,18-25_1-2_misdemeanor
1890,1228,,1,1,same_race,18-25_1-2_misdemeanor
1890,780,,1,0,cross_race,18-25_1-2_misdemeanor
1890,6496,,1,0,cross_race,18-25_1-2_misdemeanor
1890,3182,,1,0,cross_race,18-25_1-2_misdemeanor
1890,4187,,1,1,same_race,18-25_1-2_misdemeanor
1890,5483,,1,0,cross_race,18-25_1-2_misdemeanor
1890,1327,,1,0,cross_race,18-25_1-2_misdemeanor
1890,4416,,1,1,same_race,18-25_1-2_misdemeanor
1890,5856,,1,1,same_race,18-25_1-2_misdemeanor
1890,3930,,1,1,same_race,18-25_1-2_misdemeanor
1890,4045,,1,0,cross_race,18-25_1-2_misdemeanor
1890,3312,,1,1,same_race,18-25_1-2_misdemeanor
1890,99,,1,1,same_race,18-25_1-2_misdemeanor
1890,1403,,1,0,cross_race,18-25_1-2_misdemeanor
1890,5769,,1,0,cross_race,18-25_1-2_misdemeanor
1890,529,,1,1,same_race,18-25_1-2_misdemeanor
1890,1158,,1,0,cross_race,18-25_1-2_misdemeanor
1890,4220,,1,1,same_race,18-25_1-2_misdemeanor
1890,6265,,1,1,same_race,18-25_1-2_misdemeanor
1890,2828,,1,1,same_race,18-25_1-2_misdemeanor
6375,887,,1,0,cross_race,18-25_1-2_misdemeanor
6375,4375,,1,0,cross_race,18-25_1-2_misdemeanor
6375,1228,,1,1,same_race,18-25_1-2_misdemeanor
6375,780,,1,0,cross_race,18-25_1-2_misdemeanor
6375,6496,,1,0,cross_race,18-25_1-2_misdemeanor
6375,3182,,1,0,cross_race,18-25_1-2_misdemeanor
6375,4187,,1,1,same_race,18-25_1-2_misdemeanor
6375,5483,,1,0,cross_race,18-25_1-2_misdemeanor
6375,1327,,1,0,cross_race,18-25_1-2_misdemeanor
6375,4416,,1,1,same_race,18-25_1-2_misdemeanor
6375,5856,,1,1,same_race,18-25_1-2_misdemeanor
6375,3930,,1,1,same_race,18-25_1-2_misdemeanor
6375,4045,,1,0,cross_race,18-25_1-2_misdemeanor
6375,3312,,1,1,same_race,18-25_1-2_misdemeanor
6375,99,,1,1,same_race,18-25_1-2_misdemeanor
6375,1403,,1,0,cross_race,18-25_1-2_misdemeanor
6375,5769,,1,0,cross_race,18-25_1-2_misdemeanor
6375,529,,1,1,same_race,18-25_1-2_misdemeanor
6375,1158,,1,0,cross_race,18-25_1-2_misdemeanor
6375,4220,,1,1,same_race,18-25_1-2_misdemeanor
6375,6265,,1,1,same_race,18-25_1-2_misdemeanor
6375,2828,,1,1,same_race,18-25_1-2_misdemeanor
887,4375,,0,0,same_race,18-25_1-2_misdemeanor
887,1228,,0,1,cross_race,18-25_1-2_misdemeanor
887,780,,0,0,same_race,18-25_1-2_misdemeanor
887,6496,,0,0,same_race,18-25_1-2_misdemeanor
887,3182,,0,0,same_race,18-25_1-2_misdemeanor
887,4187,,0,1,cross_race,18-25_1-2_misdemeanor
887,5483,,0,0,same_race,18-25_1-2_misdemeanor
887,1327,,0,0,same_race,18-25_1-2_misdemeanor
887,4416,,0,1,cross_race,18-25_1-2_misdemeanor
887,5856,,0,1,cross_race,18-25_1-2_misdemeanor
887,3930,,0,1,cross_race,18-25_1-2_misdemeanor
887,4045,,0,0,same_race,18-25_1-2_misdemeanor
887,3312,,0,1,cross_race,18-25_1-2_misdemeanor
887,99,,0,1,cross_race,18-25_1-2_misdemeanor
887,1403,,0,0,same_race,18-25_1-2_misdemeanor
887,5769,,0,0,same_race,18-25_1-2_misdemeanor
887,529,,0,1,cross_race,18-25_1-2_misdemeanor
887,1158,,0,0,same_race,18-25_1-2_misdemeanor
887,4220,,0,1,cross_race,18-25_1-2_misdemeanor
887,6265,,0,1,cross_race,18-25_1-2_misdemeanor
887,2828,,0,1,cross_race,18-25_1-2_misdemeanor
4375,1228,,0,1,cross_race,18-25_1-2_misdemeanor
4375,780,,0,0,same_race,18-25_1-2_misdemeanor
4375,6496,,0,0,same_race,18-25_1-2_misdemeanor
4375,3182,,0,0,same_race,18-25_1-2_misdemeanor
4375,4187,,0,1,cross_race,18-25_1-2_misdemeanor
4375,5483,,0,0,same_race,18-25_1-2_misdemeanor
4375,1327,,0,0,same_race,18-25_1-2_misdemeanor
4375,4416,,0,1,cross_race,18-25_1-2_misdemeanor
4375,5856,,0,1,cross_race,18-25_1-2_misdemeanor
4375,3930,,0,1,cross_race,18-25_1-2_misdemeanor
4375,4045,,0,0,same_race,18-25_1-2_misdemeanor
4375,3312,,0,1,cross_race,18-25_1-2_misdemeanor
4375,99,,0,1,cross_race,18-25_1-2_misdemeanor
4375,1403,,0,0,same_race,18-25_1-2_misdemeanor
4375,5769,,0,0,same_race,18-25_1-2_misdemeanor
4375,529,,0,1,cross_race,18-25_1-2_misdemeanor
4375,1158,,0,0,same_race,18-25_1-2_misdemeanor
4375,4220,,0,1,cross_race,18-25_1-2_misdemeanor
4375,6265,,0,1,cross_race,18-25_1-2_misdemeanor
4375,2828,,0,1,cross_race,18-25_1-2_misdemeanor
1228,780,,1,0,cross_race,18-25_1-2_misdemeanor
1228,6496,,1,0,cross_race,18-25_1-2_misdemeanor
1228,3182,,1,0,cross_race,18-25_1-2_misdemeanor
1228,4187,,1,1,same_race,18-25_1-2_misdemeanor
1228,5483,,1,0,cross_race,18-25_1-2_misdemeanor
1228,1327,,1,0,cross_race,18-25_1-2_misdemeanor
1228,4416,,1,1,same_race,18-25_1-2_misdemeanor
1228,5856,,1,1,same_race,18-25_1-2_misdemeanor
1228,3930,,1,1,same_race,18-25_1-2_misdemeanor
1228,4045,,1,0,cross_race,18-25_1-2_misdemeanor
1228,3312,,1,1,same_race,18-25_1-2_misdemeanor
1228,99,,1,1,same_race,18-25_1-2_misdemeanor
1228,1403,,1,0,cross_race,18-25_1-2_misdemeanor
1228,5769,,1,0,cross_race,18-25_1-2_misdemeanor
1228,529,,1,1,same_race,18-25_1-2_misdemeanor
1228,1158,,1,0,cross_race,18-25_1-2_misdemeanor
1228,4220,,1,1,same_race,18-25_1-2_misdemeanor
1228,6265,,1,1,same_race,18-25_1-2_misdemeanor
1228,2828,,1,1,same_race,18-25_1-2_misdemeanor
780,6496,,0,0,same_race,18-25_1-2_misdemeanor
780,3182,,0,0,same_race,18-25_1-2_misdemeanor
780,4187,,0,1,cross_race,18-25_1-2_misdemeanor
780,5483,,0,0,same_race,18-25_1-2_misdemeanor
780,1327,,0,0,same_race,18-25_1-2_misdemeanor
780,4416,,0,1,cross_race,18-25_1-2_misdemeanor
780,5856,,0,1,cross_race,18-25_1-2_misdemeanor
780,3930,,0,1,cross_race,18-25_1-2_misdemeanor
780,4045,,0,0,same_race,18-25_1-2_misdemeanor
780,3312,,0,1,cross_race,18-25_1-2_misdemeanor
780,99,,0,1,cross_race,18-25_1-2_misdemeanor
780,1403,,0,0,same_race,18-25_1-2_misdemeanor
780,5769,,0,0,same_race,18-25_1-2_misdemeanor
780,529,,0,1,cross_race,18-25_1-2_misdemeanor
780,1158,,0,0,same_race,18-25_1-2_misdemeanor
780,4220,,0,1,cross_race,18-25_1-2_misdemeanor
780,6265,,0,1,cross_race,18-25_1-2_misdemeanor
780,2828,,0,1,cross_race,18-25_1-2_misdemeanor
6496,3182,,0,0,same_race,18-25_1-2_misdemeanor
6496,4187,,0,1,cross_race,18-25_1-2_misdemeanor
6496,5483,,0,0,same_race,18-25_1-2_misdemeanor
6496,1327,,0,0,same_race,18-25_1-2_misdemeanor
6496,4416,,0,1,cross_race,18-25_1-2_misdemeanor
6496,5856,,0,1,cross_race,18-25_1-2_misdemeanor
6496,3930,,0,1,cross_race,18-25_1-2_misdemeanor
6496,4045,,0,0,same_race,18-25_1-2_misdemeanor
6496,3312,,0,1,cross_race,18-25_1-2_misdemeanor
6496,99,,0,1,cross_race,18-25_1-2_misdemeanor
6496,1403,,0,0,same_race,18-25_1-2_misdemeanor
6496,5769,,0,0,same_race,18-25_1-2_misdemeanor
6496,529,,0,1,cross_race,18-25_1-2_misdemeanor
6496,1158,,0,0,same_race,18-25_1-2_misdemeanor
6496,4220,,0,1,cross_race,18-25_1-2_misdemeanor
6496,6265,,0,1,cross_race,18-25_1-2_misdemeanor
6496,2828,,0,1,cross_race,18-25_1-2_misdemeanor
3182,4187,,0,1,cross_race,18-25_1-2_misdemeanor
3182,5483,,0,0,same_race,18-25_1-2_misdemeanor
3182,1327,,0,0,same_race,18-25_1-2_misdemeanor
3182,4416,,0,1,cross_race,18-25_1-2_misdemeanor
3182,5856,,0,1,cross_race,18-25_1-2_misdemeanor
3182,3930,,0,1,cross_race,18-25_1-2_misdemeanor
3182,4045,,0,0,same_race,18-25_1-2_misdemeanor
3182,3312,,0,1,cross_race,18-25_1-2_misdemeanor
3182,99,,0,1,cross_race,18-25_1-2_misdemeanor
3182,1403,,0,0,same_race,18-25_1-2_misdemeanor
3182,5769,,0,0,same_race,18-25_1-2_misdemeanor
3182,529,,0,1,cross_race,18-25_1-2_misdemeanor
3182,1158,,0,0,same_race,18-25_1-2_misdemeanor
3182,4220,,0,1,cross_race,18-25_1-2_misdemeanor
3182,6265,,0,1,cross_race,18-25_1-2_misdemeanor
3182,2828,,0,1,cross_race,18-25_1-2_misdemeanor
4187,5483,,1,0,cross_race,18-25_1-2_misdemeanor
4187,1327,,1,0,cross_race,18-25_1-2_misdemeanor
4187,4416,,1,1,same_race,18-25_1-2_misdemeanor
4187,5856,,1,1,same_race,18-25_1-2_misdemeanor
4187,3930,,1,1,same_race,18-25_1-2_misdemeanor
4187,4045,,1,0,cross_race,18-25_1-2_misdemeanor
4187,3312,,1,1,same_race,18-25_1-2_misdemeanor
4187,99,,1,1,same_race,18-25_1-2_misdemeanor
4187,1403,,1,0,cross_race,18-25_1-2_misdemeanor
4187,5769,,1,0,cross_race,18-25_1-2_misdemeanor
4187,529,,1,1,same_race,18-25_1-2_misdemeanor
4187,1158,,1,0,cross_race,18-25_1-2_misdemeanor
4187,4220,,1,1,same_race,18-25_1-2_misdemeanor
4187,6265,,1,1,same_race,18-25_1-2_misdemeanor
4187,2828,,1,1,same_race,18-25_1-2_misdemeanor
5483,1327,,0,0,same_race,18-25_1-2_misdemeanor
5483,4416,,0,1,cross_race,18-25_1-2_misdemeanor
5483,5856,,0,1,cross_race,18-25_1-2_misdemeanor
5483,3930,,0,1,cross_race,18-25_1-2_misdemeanor
5483,4045,,0,0,same_race,18-25_1-2_misdemeanor
5483,3312,,0,1,cross_race,18-25_1-2_misdemeanor
5483,99,,0,1,cross_race,18-25_1-2_misdemeanor
5483,1403,,0,0,same_race,18-25_1-2_misdemeanor
5483,5769,,0,0,same_race,18-25_1-2_misdemeanor
5483,529,,0,1,cross_race,18-25_1-2_misdemeanor
5483,1158,,0,0,same_race,18-25_1-2_misdemeanor
5483,4220,,0,1,cross_race,18-25_1-2_misdemeanor
5483,6265,,0,1,cross_race,18-25_1-2_misdemeanor
5483,2828,,0,1,cross_race,18-25_1-2_misdemeanor
1327,4416,,0,1,cross_race,18-25_1-2_misdemeanor
1327,5856,,0,1,cross_race,18-25_1-2_misdemeanor
1327,3930,,0,1,cross_race,18-25_1-2_misdemeanor
1327,4045,,0,0,same_race,18-25_1-2_misdemeanor
1327,3312,,0,1,cross_race,18-25_1-2_misdemeanor
1327,99,,0,1,cross_race,18-25_1-2_misdemeanor
1327,1403,,0,0,same_race,18-25_1-2_misdemeanor
1327,5769,,0,0,same_race,18-25_1-2_misdemeanor
1327,529,,0,1,cross_race,18-25_1-2_misdemeanor
1327,1158,,0,0,same_race,18-25_1-2_misdemeanor
1327,4220,,0,1,cross_race,18-25_1-2_misdemeanor
1327,6265,,0,1,cross_race,18-25_1-2_misdemeanor
1327,2828,,0,1,cross_race,18-25_1-2_misdemeanor
4416,5856,,1,1,same_race,18-25_1-2_misdemeanor
4416,3930,,1,1,same_race,18-25_1-2_misdemeanor
4416,4045,,1,0,cross_race,18-25_1-2_misdemeanor
4416,3312,,1,1,same_race,18-25_1-2_misdemeanor
4416,99,,1,1,same_race,18-25_1-2_misdemeanor
4416,1403,,1,0,cross_race,18-25_1-2_misdemeanor
4416,5769,,1,0,cross_race,18-25_1-2_misdemeanor
4416,529,,1,1,same_race,18-25_1-2_misdemeanor
4416,1158,,1,0,cross_race,18-25_1-2_misdemeanor
4416,4220,,1,1,same_race,18-25_1-2_misdemeanor
4416,6265,,1,1,same_race,18-25_1-2_misdemeanor
4416,2828,,1,1,same_race,18-25_1-2_misdemeanor
5856,3930,,1,1,same_race,18-25_1-2_misdemeanor
5856,4045,,1,0,cross_race,18-25_1-2_misdemeanor
5856,3312,,1,1,same_race,18-25_1-2_misdemeanor
5856,99,,1,1,same_race,18-25_1-2_misdemeanor
5856,1403,,1,0,cross_race,18-25_1-2_misdemeanor
5856,5769,,1,0,cross_race,18-25_1-2_misdemeanor
5856,529,,1,1,same_race,18-25_1-2_misdemeanor
5856,1158,,1,0,cross_race,18-25_1-2_misdemeanor
5856,4220,,1,1,same_race,18-25_1-2_misdemeanor
5856,6265,,1,1,same_race,18-25_1-2_misdemeanor
5856,2828,,1,1,same_race,18-25_1-2_misdemeanor
3930,4045,,1,0,cross_race,18-25_1-2_misdemeanor
3930,3312,,1,1,same_race,18-25_1-2_misdemeanor
3930,99,,1,1,same_race,18-25_1-2_misdemeanor
3930,1403,,1,0,cross_race,18-25_1-2_misdemeanor
3930,5769,,1,0,cross_race,18-25_1-2_misdemeanor
3930,529,,1,1,same_race,18-25_1-2_misdemeanor
3930,1158,,1,0,cross_race,18-25_1-2_misdemeanor
3930,4220,,1,1,same_race,18-25_1-2_misdemeanor
3930,6265,,1,1,same_race,18-25_1-2_misdemeanor
3930,2828,,1,1,same_race,18-25_1-2_misdemeanor
4045,3312,,0,1,cross_race,18-25_1-2_misdemeanor
4045,99,,0,1,cross_race,18-25_1-2_misdemeanor
4045,1403,,0,0,same_race,18-25_1-2_misdemeanor
4045,5769,,0,0,same_race,18-25_1-2_misdemeanor
4045,529,,0,1,cross_race,18-25_1-2_misdemeanor
4045,1158,,0,0,same_race,18-25_1-2_misdemeanor
4045,4220,,0,1,cross_race,18-25_1-2_misdemeanor
4045,6265,,0,1,cross_race,18-25_1-2_misdemeanor
4045,2828,,0,1,cross_race,18-25_1-2_misdemeanor
3312,99,,1,1,same_race,18-25_1-2_misdemeanor
3312,1403,,1,0,cross_race,18-25_1-2_misdemeanor
3312,5769,,1,0,cross_race,18-25_1-2_misdemeanor
3312,529,,1,1,same_race,18-25_1-2_misdemeanor
3312,1158,,1,0,cross_race,18-25_1-2_misdemeanor
3312,4220,,1,1,same_race,18-25_1-2_misdemeanor
3312,6265,,1,1,same_race,18-25_1-2_misdemeanor
3312,2828,,1,1,same_race,18-25_1-2_misdemeanor
99,1403,,1,0,cross_race,18-25_1-2_misdemeanor
99,5769,,1,0,cross_race,18-25_1-2_misdemeanor
99,529,,1,1,same_race,18-25_1-2_misdemeanor
99,1158,,1,0,cross_race,18-25_1-2_misdemeanor
99,4220,,1,1,same_race,18-25_1-2_misdemeanor
99,6265,,1,1,same_race,18-25_1-2_misdemeanor
99,2828,,1,1,same_race,18-25_1-2_misdemeanor
1403,5769,,0,0,same_race,18-25_1-2_misdemeanor
1403,529,,0,1,cross_race,18-25_1-2_misdemeanor
1403,1158,,0,0,same_race,18-25_1-2_misdemeanor
1403,4220,,0,1,cross_race,18-25_1-2_misdemeanor
1403,6265,,0,1,cross_race,18-25_1-2_misdemeanor
1403,2828,,0,1,cross_race,18-25_1-2_misdemeanor
5769,529,,0,1,cross_race,18-25_1-2_misdemeanor
5769,1158,,0,0,same_race,18-25_1-2_misdemeanor
5769,4220,,0,1,cross_race,18-25_1-2_misdemeanor
5769,6265,,0,1,cross_race,18-25_1-2_misdemeanor
5769,2828,,0,1,cross_race,18-25_1-2_misdemeanor
529,1158,,1,0,cross_race,18-25_1-2_misdemeanor
529,4220,,1,1,same_race,18-25_1-2_misdemeanor
529,6265,,1,1,same_race,18-25_1-2_misdemeanor
529,2828,,1,1,same_race,18-25_1-2_misdemeanor
1158,4220,,0,1,cross_race,18-25_1-2_misdemeanor
1158,6265,,0,1,cross_race,18-25_1-2_misdemeanor
1158,2828,,0,1,cross_race,18-25_1-2_misdemeanor
4220,6265,,1,1,same_race,18-25_1-2_misdemeanor
4220,2828,,1,1,same_race,18-25_1-2_misdemeanor
6265,2828,,1,1,same_race,18-25_1-2_misdemeanor
4212,4962,,1,0,cross_race,36+_0_misdemeanor
4212,2174,,1,0,cross_race,36+_0_misdemeanor
5352,5842,,0,0,same_race,36+_0_misdemeanor
4516,5842,,0,0,same_race,36+_0_misdemeanor
905,4962,,0,0,same_race,36+_0_misdemeanor
3607,2222,,0,0,same_race,36+_0_misdemeanor
7050,2667,,0,0,same_race,36+_0_misdemeanor
5183,5350,,1,0,cross_race,36+_0_misdemeanor
1601,5361,,0,0,same_race,36+_0_misdemeanor
2882,2497,,0,0,same_race,36+_0_misdemeanor
3808,2222,,0,0,same_race,36+_0_misdemeanor
4181,2602,,0,0,same_race,36+_0_misdemeanor
3808,5350,,0,0,same_race,36+_0_misdemeanor
5352,5361,,0,0,same_race,36+_0_misdemeanor
4077,5842,,1,0,cross_race,36+_0_misdemeanor
5884,5350,,0,0,same_race,36+_0_misdemeanor
5842,2602,,0,0,same_race,36+_0_misdemeanor
6765,2537,,1,0,cross_race,36+_0_misdemeanor
5183,4773,,1,0,cross_race,36+_0_misdemeanor
1143,7120,,0,0,same_race,36+_0_misdemeanor
6479,4773,,0,0,same_race,36+_0_misdemeanor
2904,69,,0,1,cross_race,36+_0_misdemeanor
315,4962,,0,0,same_race,36+_0_misdemeanor
4212,4936,,1,1,same_race,36+_0_misdemeanor
6508,6707,,0,0,same_race,36+_0_misdemeanor
3607,2497,,0,0,same_race,36+_0_misdemeanor
4765,1601,,0,0,same_race,36+_0_misdemeanor
5884,7175,,0,0,same_race,36+_0_misdemeanor
2904,2222,,0,0,same_race,36+_0_misdemeanor
7005,2497,,0,0,same_race,36+_0_misdemeanor
3509,6707,,1,0,cross_race,36+_0_misdemeanor
1816,6508,,0,0,same_race,36+_0_misdemeanor
6479,5842,,0,0,same_race,36+_0_misdemeanor
1504,1414,,0,1,cross_race,36+_0_misdemeanor
7120,7050,,0,0,same_race,36+_0_misdemeanor
1816,6906,,0,0,same_race,36+_0_misdemeanor
5892,5262,,0,0,same_race,36+_0_misdemeanor
5892,6479,,0,0,same_race,36+_0_misdemeanor
3808,1414,,0,1,cross_race,36+_0_misdemeanor
1380,1414,,0,1,cross_race,36+_0_misdemeanor
143,2667,,0,0,same_race,36+_0_misdemeanor
7050,4181,,0,0,same_race,36+_0_misdemeanor
6519,5262,,0,0,same_race,36+_0_misdemeanor
6765,4181,,1,0,cross_race,36+_0_misdemeanor
6906,2667,,0,0,same_race,36+_0_misdemeanor
2579,1776,,0,1,cross_race,36+_0_misdemeanor
5719,315,,1,0,cross_race,36+_0_misdemeanor
2537,1601,,0,0,same_race,36+_0_misdemeanor
2904,5719,,0,1,cross_race,36+_0_misdemeanor
6765,2174,,1,0,cross_race,36+_0_misdemeanor
2497,4181,,0,0,same_race,36+_0_misdemeanor
7175,4077,,0,1,cross_race,36+_0_misdemeanor
4392,5009,,0,0,same_race,36+_0_misdemeanor
7120,315,,0,0,same_race,36+_0_misdemeanor
2579,1414,,0,1,cross_race,36+_0_misdemeanor
5350,5009,,0,0,same_race,36+_0_misdemeanor
315,7050,,0,0,same_race,36+_0_misdemeanor
4936,1414,,1,1,same_race,36+_0_misdemeanor
7050,2497,,0,0,same_race,36+_0_misdemeanor
2667,1414,,0,1,cross_race,36+_0_misdemeanor
2579,2850,,0,0,same_race,36+_0_misdemeanor
3509,1267,,1,0,cross_race,36+_0_misdemeanor
315,2850,,0,0,same_race,36+_0_misdemeanor
6707,2850,,0,0,same_race,36+_0_misdemeanor
4765,6479,,0,0,same_race,36+_0_misdemeanor
5892,2220,,0,0,same_race,36+_0_misdemeanor
905,1414,,0,1,cross_race,36+_0_misdemeanor
7005,5361,,0,0,same_race,36+_0_misdemeanor
2579,1267,,0,0,same_race,36+_0_misdemeanor
2579,7050,,0,0,same_race,36+_0_misdemeanor
4617,232,,0,1,cross_race,36+_0_misdemeanor
6184,5262,,1,0,cross_race,36+_0_misdemeanor
2222,1601,,0,0,same_race,36+_0_misdemeanor
6519,315,,0,0,same_race,36+_0_misdemeanor
1816,2579,,0,0,same_race,36+_0_misdemeanor
3808,143,,0,0,same_race,36+_0_misdemeanor
1143,6479,,0,0,same_race,36+_0_misdemeanor
4617,69,,0,1,cross_race,36+_0_misdemeanor
5884,6479,,0,0,same_race,36+_0_misdemeanor
4617,1504,,0,0,same_race,36+_0_misdemeanor
905,4773,,0,0,same_race,36+_0_misdemeanor
7120,905,,0,0,same_race,36+_0_misdemeanor
6508,2497,,0,0,same_race,36+_0_misdemeanor
4212,2602,,1,0,cross_race,36+_0_misdemeanor
4212,905,,1,0,cross_race,36+_0_misdemeanor
6906,4181,,0,0,same_race,36+_0_misdemeanor
2537,143,,0,0,same_race,36+_0_misdemeanor
7120,5361,,0,0,same_race,36+_0_misdemeanor
5719,2850,,1,0,cross_race,36+_0_misdemeanor
6906,4077,,0,1,cross_race,36+_0_misdemeanor
2174,315,,0,0,same_race,36+_0_misdemeanor
6765,1601,,1,0,cross_race,36+_0_misdemeanor
7175,1601,,0,0,same_race,36+_0_misdemeanor
6906,2537,,0,0,same_race,36+_0_misdemeanor
3607,5350,,0,0,same_race,36+_0_misdemeanor
1143,69,,0,1,cross_race,36+_0_misdemeanor
69,4773,,1,0,cross_race,36+_0_misdemeanor
4765,69,,0,1,cross_race,36+_0_misdemeanor
2904,2667,,0,0,same_race,36+_0_misdemeanor
7120,4253,,0,0,same_race,36+_0_misdemeanor
232,4253,,1,0,cross_race,36+_0_misdemeanor
3607,4962,,0,0,same_race,36+_0_misdemeanor
232,1380,,1,0,cross_race,36+_0_misdemeanor
4617,4773,,0,0,same_race,36+_0_misdemeanor
2904,6184,,0,1,cross_race,36+_0_misdemeanor
5884,3928,,0,0,same_race,36+_0_misdemeanor
4212,2537,,1,0,cross_race,36+_0_misdemeanor
5842,6820,,0,0,same_race,36+_0_misdemeanor
4516,2882,,0,0,same_race,36+_0_misdemeanor
1816,7175,,0,0,same_race,36+_0_misdemeanor
6184,3808,,1,0,cross_race,36+_0_misdemeanor
5350,4253,,0,0,same_race,36+_0_misdemeanor
2579,6707,,0,0,same_race,36+_0_misdemeanor
7120,4773,,0,0,same_race,36+_0_misdemeanor
2220,2850,,0,0,same_race,36+_0_misdemeanor
4212,4994,,1,0,cross_race,36+_0_misdemeanor
69,5009,,1,0,cross_race,36+_0_misdemeanor
905,2602,,0,0,same_race,36+_0_misdemeanor
69,2850,,1,0,cross_race,36+_0_misdemeanor
4617,7120,,0,0,same_race,36+_0_misdemeanor
4617,2667,,0,0,same_race,36+_0_misdemeanor
143,6820,,0,0,same_race,36+_0_misdemeanor
7120,2882,,0,0,same_race,36+_0_misdemeanor
1816,6707,,0,0,same_race,36+_0_misdemeanor
6508,905,,0,0,same_race,36+_0_misdemeanor
5361,1380,,0,0,same_race,36+_0_misdemeanor
5262,4773,,0,0,same_race,36+_0_misdemeanor
4516,7120,,0,0,same_race,36+_0_misdemeanor
5352,2222,,0,0,same_race,36+_0_misdemeanor
5719,143,,1,0,cross_race,36+_0_misdemeanor
1776,2602,,1,0,cross_race,36+_0_misdemeanor
5884,1601,,0,0,same_race,36+_0_misdemeanor
3607,1380,,0,0,same_race,36+_0_misdemeanor
7175,3808,,0,0,same_race,36+_0_misdemeanor
5183,1776,,1,1,same_race,36+_0_misdemeanor
2222,6479,,0,0,same_race,36+_0_misdemeanor
3509,69,,1,1,same_race,36+_0_misdemeanor
3509,5262,,1,0,cross_race,36+_0_misdemeanor
2537,4936,,0,1,cross_race,36+_0_misdemeanor
2222,2602,,0,0,same_race,36+_0_misdemeanor
6508,5361,,0,0,same_race,36+_0_misdemeanor
4516,1601,,0,0,same_race,36+_0_misdemeanor
7005,3002,,0,0,same_race,36+_0_misdemeanor
2904,4392,,0,0,same_race,36+_0_misdemeanor
315,4773,,0,0,same_race,36+_0_misdemeanor
3002,2174,,0,0,same_race,36+_0_misdemeanor
4212,3607,,1,0,cross_race,36+_0_misdemeanor
4617,6519,,0,0,same_race,36+_0_misdemeanor
2602,4773,,0,0,same_race,36+_0_misdemeanor
7120,5842,,0,0,same_race,36+_0_misdemeanor
3509,7120,,1,0,cross_race,36+_0_misdemeanor
3002,4936,,0,1,cross_race,36+_0_misdemeanor
5719,4181,,1,0,cross_race,36+_0_misdemeanor
7050,4962,,0,0,same_race,36+_0_misdemeanor
4516,7050,,0,0,same_race,36+_0_misdemeanor
2904,6906,,0,0,same_race,36+_0_misdemeanor
6479,2850,,0,0,same_race,36+_0_misdemeanor
3607,6479,,0,0,same_race,36+_0_misdemeanor
6765,5262,,1,0,cross_race,36+_0_misdemeanor
2537,1504,,0,0,same_race,36+_0_misdemeanor
4077,1601,,1,0,cross_race,36+_0_misdemeanor
1143,2220,,0,0,same_race,36+_0_misdemeanor
6906,1776,,0,1,cross_race,36+_0_misdemeanor
4765,2850,,0,0,same_race,36+_0_misdemeanor
1601,4773,,0,0,same_race,36+_0_misdemeanor
232,5842,,1,0,cross_race,36+_0_misdemeanor
315,1380,,0,0,same_race,36+_0_misdemeanor
6263,7050,,0,0,same_race,36+_0_misdemeanor
2904,4994,,0,0,same_race,36+_0_misdemeanor
2904,2537,,0,0,same_race,36+_0_misdemeanor
4936,4253,,1,0,cross_race,36+_0_misdemeanor
2579,2602,,0,0,same_race,36+_0_misdemeanor
1816,69,,0,1,cross_race,36+_0_misdemeanor
4516,3607,,0,0,same_race,36+_0_misdemeanor
5892,2882,,0,0,same_race,36+_0_misdemeanor
3808,5009,,0,0,same_race,36+_0_misdemeanor
5183,4077,,1,1,same_race,36+_0_misdemeanor
232,4181,,1,0,cross_race,36+_0_misdemeanor
4994,4962,,0,0,same_race,36+_0_misdemeanor
4617,1380,,0,0,same_race,36+_0_misdemeanor
6906,1601,,0,0,same_race,36+_0_misdemeanor
6707,4936,,0,1,cross_race,36+_0_misdemeanor
5183,7050,,1,0,cross_race,36+_0_misdemeanor
5892,4077,,0,1,cross_race,36+_0_misdemeanor
1267,3607,,0,0,same_race,36+_0_misdemeanor
4765,6508,,0,0,same_race,36+_0_misdemeanor
6508,6519,,0,0,same_race,36+_0_misdemeanor
4765,1776,,0,1,cross_race,36+_0_misdemeanor
4181,4773,,0,0,same_race,36+_0_misdemeanor
143,7050,,0,0,same_race,36+_0_misdemeanor
6765,4077,,1,1,same_race,36+_0_misdemeanor
7175,5719,,0,1,cross_race,36+_0_misdemeanor
4077,143,,1,0,cross_race,36+_0_misdemeanor
4212,5010,,1,1,same_race,36+_0_misdemeanor
7005,2904,,0,0,same_race,36+_0_misdemeanor
3509,6906,,1,0,cross_race,36+_0_misdemeanor
5892,6906,,0,0,same_race,36+_0_misdemeanor
1504,2222,,0,0,same_race,36+_0_misdemeanor
4516,5719,,0,1,cross_race,36+_0_misdemeanor
6765,1380,,1,0,cross_race,36+_0_misdemeanor
2904,6479,,0,0,same_race,36+_0_misdemeanor
5010,4253,,1,0,cross_race,36+_0_misdemeanor
6263,3928,,0,0,same_race,36+_0_misdemeanor
3928,2882,,0,0,same_race,36+_0_misdemeanor
3002,4962,,0,0,same_race,36+_0_misdemeanor
5183,3607,,1,0,cross_race,36+_0_misdemeanor
1143,6519,,0,0,same_race,36+_0_misdemeanor
232,6519,,1,0,cross_race,36+_0_misdemeanor
1816,4765,,0,0,same_race,36+_0_misdemeanor
6184,5719,,1,1,same_race,36+_0_misdemeanor
2882,2850,,0,0,same_race,36+_0_misdemeanor
2667,4994,,0,0,same_race,36+_0_misdemeanor
4077,6820,,1,0,cross_race,36+_0_misdemeanor
4936,5842,,1,0,cross_race,36+_0_misdemeanor
2579,315,,0,0,same_race,36+_0_misdemeanor
3509,1504,,1,0,cross_race,36+_0_misdemeanor
5892,1267,,0,0,same_race,36+_0_misdemeanor
2220,1380,,0,0,same_race,36+_0_misdemeanor
4617,2602,,0,0,same_race,36+_0_misdemeanor
4765,7050,,0,0,same_race,36+_0_misdemeanor
2667,6479,,0,0,same_race,36+_0_misdemeanor
6820,4962,,0,0,same_race,36+_0_misdemeanor
6184,2850,,1,0,cross_race,36+_0_misdemeanor
2174,2850,,0,0,same_race,36+_0_misdemeanor
2850,1414,,0,1,cross_race,36+_0_misdemeanor
5183,6820,,1,0,cross_race,36+_0_misdemeanor
4212,232,,1,1,same_race,36+_0_misdemeanor
1816,3509,,0,1,cross_race,36+_0_misdemeanor
3808,5262,,0,0,same_race,36+_0_misdemeanor
4765,2537,,0,0,same_race,36+_0_misdemeanor
6765,4936,,1,1,same_race,36+_0_misdemeanor
6508,2850,,0,0,same_race,36+_0_misdemeanor
5892,4253,,0,0,same_race,36+_0_misdemeanor
5183,6519,,1,0,cross_race,36+_0_misdemeanor
2174,6479,,0,0,same_race,36+_0_misdemeanor
2222,4181,,0,0,same_race,36+_0_misdemeanor
6906,5352,,0,0,same_race,36+_0_misdemeanor
4617,2174,,0,0,same_race,36+_0_misdemeanor
3509,1414,,1,1,same_race,36+_0_misdemeanor
6184,1414,,1,1,same_race,36+_0_misdemeanor
7005,1504,,0,0,same_race,36+_0_misdemeanor
69,4936,,1,1,same_race,36+_0_misdemeanor
69,7050,,1,0,cross_race,36+_0_misdemeanor
232,2222,,1,0,cross_race,36+_0_misdemeanor
4212,7120,,1,0,cross_race,36+_0_misdemeanor
3002,5352,,0,0,same_race,36+_0_misdemeanor
5892,4392,,0,0,same_race,36+_0_misdemeanor
4077,2602,,1,0,cross_race,36+_0_misdemeanor
5884,6707,,0,0,same_race,36+_0_misdemeanor
3002,7175,,0,0,same_race,36+_0_misdemeanor
5719,1504,,1,0,cross_race,36+_0_misdemeanor
2579,2222,,0,0,same_race,36+_0_misdemeanor
1601,1776,,0,1,cross_race,36+_0_misdemeanor
4765,2579,,0,0,same_race,36+_0_misdemeanor
315,1776,,0,1,cross_race,36+_0_misdemeanor
1816,5352,,0,0,same_race,36+_0_misdemeanor
4617,6765,,0,1,cross_race,36+_0_misdemeanor
2579,2537,,0,0,same_race,36+_0_misdemeanor
7120,4392,,0,0,same_race,36+_0_misdemeanor
5719,4962,,1,0,cross_race,36+_0_misdemeanor
6184,2882,,1,0,cross_race,36+_0_misdemeanor
6508,6820,,0,0,same_race,36+_0_misdemeanor
6263,5352,,0,0,same_race,36+_0_misdemeanor
3002,2882,,0,0,same_race,36+_0_misdemeanor
2174,3607,,0,0,same_race,36+_0_misdemeanor
5892,2174,,0,0,same_race,36+_0_misdemeanor
4212,4181,,1,0,cross_race,36+_0_misdemeanor
5884,3808,,0,0,same_race,36+_0_misdemeanor
7050,4773,,0,0,same_race,36+_0_misdemeanor
5352,1776,,0,1,cross_race,36+_0_misdemeanor
6906,6707,,0,0,same_race,36+_0_misdemeanor
4617,905,,0,0,same_race,36+_0_misdemeanor
2904,4773,,0,0,same_race,36+_0_misdemeanor
5892,5350,,0,0,same_race,36+_0_misdemeanor
2174,2220,,0,0,same_race,36+_0_misdemeanor
69,4253,,1,0,cross_race,36+_0_misdemeanor
4936,4994,,1,0,cross_race,36+_0_misdemeanor
5010,1504,,1,0,cross_race,36+_0_misdemeanor
5350,2497,,0,0,same_race,36+_0_misdemeanor
4212,69,,1,1,same_race,36+_0_misdemeanor
2602,1414,,0,1,cross_race,36+_0_misdemeanor
3928,3808,,0,0,same_race,36+_0_misdemeanor
69,4994,,1,0,cross_race,36+_0_misdemeanor
5884,4212,,0,1,cross_race,36+_0_misdemeanor
5719,2497,,1,0,cross_race,36+_0_misdemeanor
2537,1414,,0,1,cross_race,36+_0_misdemeanor
5884,4181,,0,0,same_race,36+_0_misdemeanor
5892,2537,,0,0,same_race,36+_0_misdemeanor
3002,1504,,0,0,same_race,36+_0_misdemeanor
7120,6820,,0,0,same_race,36+_0_misdemeanor
1816,3928,,0,0,same_race,36+_0_misdemeanor
7005,6519,,0,0,same_race,36+_0_misdemeanor
4212,143,,1,0,cross_race,36+_0_misdemeanor
5884,5183,,0,1,cross_race,36+_0_misdemeanor
6508,4962,,0,0,same_race,36+_0_misdemeanor
7050,1380,,0,0,same_race,36+_0_misdemeanor
6508,1267,,0,0,same_race,36+_0_misdemeanor
2882,2174,,0,0,same_race,36+_0_misdemeanor
6765,1504,,1,0,cross_race,36+_0_misdemeanor
7005,5262,,0,0,same_race,36+_0_misdemeanor
3607,2667,,0,0,same_race,36+_0_misdemeanor
2667,2602,,0,0,same_race,36+_0_misdemeanor
6906,69,,0,1,cross_race,36+_0_misdemeanor
5892,2667,,0,0,same_race,36+_0_misdemeanor
6508,4077,,0,1,cross_race,36+_0_misdemeanor
4617,7050,,0,0,same_race,36+_0_misdemeanor
7175,1380,,0,0,same_race,36+_0_misdemeanor
5010,5009,,1,0,cross_race,36+_0_misdemeanor
1267,2537,,0,0,same_race,36+_0_misdemeanor
4765,3509,,0,1,cross_race,36+_0_misdemeanor
4077,3607,,1,0,cross_race,36+_0_misdemeanor
4212,1601,,1,0,cross_race,36+_0_misdemeanor
2904,7120,,0,0,same_race,36+_0_misdemeanor
143,2497,,0,0,same_race,36+_0_misdemeanor
6508,4773,,0,0,same_race,36+_0_misdemeanor
232,2850,,1,0,cross_race,36+_0_misdemeanor
4516,4994,,0,0,same_race,36+_0_misdemeanor
6519,4077,,0,1,cross_race,36+_0_misdemeanor
2882,5719,,0,1,cross_race,36+_0_misdemeanor
5892,143,,0,0,same_race,36+_0_misdemeanor
4212,1267,,1,0,cross_race,36+_0_misdemeanor
5183,4392,,1,0,cross_race,36+_0_misdemeanor
5350,4994,,0,0,same_race,36+_0_misdemeanor
1776,4773,,1,0,cross_race,36+_0_misdemeanor
4516,7175,,0,0,same_race,36+_0_misdemeanor
6508,1143,,0,0,same_race,36+_0_misdemeanor
69,4392,,1,0,cross_race,36+_0_misdemeanor
3002,4212,,0,1,cross_race,36+_0_misdemeanor
7005,315,,0,0,same_race,36+_0_misdemeanor
2602,4962,,0,0,same_race,36+_0_misdemeanor
7175,2667,,0,0,same_race,36+_0_misdemeanor
6263,69,,0,1,cross_race,36+_0_misdemeanor
4212,5350,,1,0,cross_race,36+_0_misdemeanor
3002,2222,,0,0,same_race,36+_0_misdemeanor
2579,2882,,0,0,same_race,36+_0_misdemeanor
2174,5262,,0,0,same_race,36+_0_misdemeanor
5884,5009,,0,0,same_race,36+_0_misdemeanor
5884,1267,,0,0,same_race,36+_0_misdemeanor
6184,5010,,1,1,same_race,36+_0_misdemeanor
1267,3808,,0,0,same_race,36+_0_misdemeanor
3509,6820,,1,0,cross_race,36+_0_misdemeanor
6906,1380,,0,0,same_race,36+_0_misdemeanor
2904,6820,,0,0,same_race,36+_0_misdemeanor
1776,4253,,1,0,cross_race,36+_0_misdemeanor
5262,4253,,0,0,same_race,36+_0_misdemeanor
6765,2882,,1,0,cross_race,36+_0_misdemeanor
1504,3808,,0,0,same_race,36+_0_misdemeanor
4516,2850,,0,0,same_race,36+_0_misdemeanor
5352,2850,,0,0,same_race,36+_0_misdemeanor
3607,5361,,0,0,same_race,36+_0_misdemeanor
2579,6519,,0,0,same_race,36+_0_misdemeanor
4077,2850,,1,0,cross_race,36+_0_misdemeanor
5183,6707,,1,0,cross_race,36+_0_misdemeanor
905,1601,,0,0,same_race,36+_0_misdemeanor
3928,4773,,0,0,same_race,36+_0_misdemeanor
2222,1414,,0,1,cross_race,36+_0_misdemeanor
4516,5009,,0,0,same_race,36+_0_misdemeanor
143,2850,,0,0,same_race,36+_0_misdemeanor
6508,6765,,0,1,cross_race,36+_0_misdemeanor
7175,5352,,0,0,same_race,36+_0_misdemeanor
6906,5842,,0,0,same_race,36+_0_misdemeanor
2579,6765,,0,1,cross_race,36+_0_misdemeanor
6906,7050,,0,0,same_race,36+_0_misdemeanor
7175,2537,,0,0,same_race,36+_0_misdemeanor
4765,4077,,0,1,cross_race,36+_0_misdemeanor
4212,5262,,1,0,cross_race,36+_0_misdemeanor
1816,4962,,0,0,same_race,36+_0_misdemeanor
1816,1414,,0,1,cross_race,36+_0_misdemeanor
3928,2850,,0,0,same_race,36+_0_misdemeanor
3928,6519,,0,0,same_race,36+_0_misdemeanor
6184,7120,,1,0,cross_race,36+_0_misdemeanor
4994,4253,,0,0,same_race,36+_0_misdemeanor
4516,2602,,0,0,same_race,36+_0_misdemeanor
2220,315,,0,0,same_race,36+_0_misdemeanor
3928,2497,,0,0,same_race,36+_0_misdemeanor
5892,4936,,0,1,cross_race,36+_0_misdemeanor
6479,1380,,0,0,same_race,36+_0_misdemeanor
1816,6263,,0,0,same_race,36+_0_misdemeanor
4077,905,,1,0,cross_race,36+_0_misdemeanor
2174,143,,0,0,same_race,36+_0_misdemeanor
232,4077,,1,1,same_race,36+_0_misdemeanor
1267,4962,,0,0,same_race,36+_0_misdemeanor
6765,7050,,1,0,cross_race,36+_0_misdemeanor
5352,4962,,0,0,same_race,36+_0_misdemeanor
7120,3607,,0,0,same_race,36+_0_misdemeanor
3509,5842,,1,0,cross_race,36+_0_misdemeanor
2904,1143,,0,0,same_race,36+_0_misdemeanor
4392,5350,,0,0,same_race,36+_0_misdemeanor
3928,1504,,0,0,same_race,36+_0_misdemeanor
3808,1380,,0,0,same_race,36+_0_misdemeanor
5010,143,,1,0,cross_race,36+_0_misdemeanor
3002,2497,,0,0,same_race,36+_0_misdemeanor
4765,5842,,0,0,same_race,36+_0_misdemeanor
1816,6519,,0,0,same_race,36+_0_misdemeanor
5183,1143,,1,0,cross_race,36+_0_misdemeanor
1816,5262,,0,0,same_race,36+_0_misdemeanor
2174,4181,,0,0,same_race,36+_0_misdemeanor
6184,4253,,1,0,cross_race,36+_0_misdemeanor
232,4962,,1,0,cross_race,36+_0_misdemeanor
6707,2497,,0,0,same_race,36+_0_misdemeanor
6184,7050,,1,0,cross_race,36+_0_misdemeanor
2222,5361,,0,0,same_race,36+_0_misdemeanor
6263,2497,,0,0,same_race,36+_0_misdemeanor
4516,143,,0,0,same_race,36+_0_misdemeanor
5842,1414,,0,1,cross_race,36+_0_misdemeanor
2174,5352,,0,0,same_race,36+_0_misdemeanor
2904,2174,,0,0,same_race,36+_0_misdemeanor
4617,4253,,0,0,same_race,36+_0_misdemeanor
6707,1380,,0,0,same_race,36+_0_misdemeanor
3509,2667,,1,0,cross_race,36+_0_misdemeanor
4212,2882,,1,0,cross_race,36+_0_misdemeanor
4516,6508,,0,0,same_race,36+_0_misdemeanor
2174,4936,,0,1,cross_race,36+_0_misdemeanor
6184,1267,,1,0,cross_race,36+_0_misdemeanor
232,7050,,1,0,cross_race,36+_0_misdemeanor
3808,2667,,0,0,same_race,36+_0_misdemeanor
6263,3509,,0,1,cross_race,36+_0_misdemeanor
4617,3002,,0,0,same_race,36+_0_misdemeanor
2882,69,,0,1,cross_race,36+_0_misdemeanor
6765,315,,1,0,cross_race,36+_0_misdemeanor
6184,2667,,1,0,cross_race,36+_0_misdemeanor
5350,2602,,0,0,same_race,36+_0_misdemeanor
5884,2174,,0,0,same_race,36+_0_misdemeanor
2174,4994,,0,0,same_race,36+_0_misdemeanor
4617,6479,,0,0,same_race,36+_0_misdemeanor
4765,4516,,0,0,same_race,36+_0_misdemeanor
232,4392,,1,0,cross_race,36+_0_misdemeanor
7175,1776,,0,1,cross_race,36+_0_misdemeanor
2174,1414,,0,1,cross_race,36+_0_misdemeanor
1816,3002,,0,0,same_race,36+_0_misdemeanor
7005,905,,0,0,same_race,36+_0_misdemeanor
5183,143,,1,0,cross_race,36+_0_misdemeanor
3928,1267,,0,0,same_race,36+_0_misdemeanor
4516,2579,,0,0,same_race,36+_0_misdemeanor
3509,5010,,1,1,same_race,36+_0_misdemeanor
143,5842,,0,0,same_race,36+_0_misdemeanor
1504,5262,,0,0,same_race,36+_0_misdemeanor
5009,1414,,0,1,cross_race,36+_0_misdemeanor
143,1380,,0,0,same_race,36+_0_misdemeanor
7120,6479,,0,0,same_race,36+_0_misdemeanor
1816,4212,,0,1,cross_race,36+_0_misdemeanor
5010,2174,,1,0,cross_race,36+_0_misdemeanor
4077,6479,,1,0,cross_race,36+_0_misdemeanor
7175,6519,,0,0,same_race,36+_0_misdemeanor
5183,1504,,1,0,cross_race,36+_0_misdemeanor
2579,3509,,0,1,cross_race,36+_0_misdemeanor
6184,3509,,1,1,same_race,36+_0_misdemeanor
69,2667,,1,0,cross_race,36+_0_misdemeanor
6263,1414,,0,1,cross_race,36+_0_misdemeanor
3002,2904,,0,0,same_race,36+_0_misdemeanor
2220,3808,,0,0,same_race,36+_0_misdemeanor
4516,315,,0,0,same_race,36+_0_misdemeanor
6263,5262,,0,0,same_race,36+_0_misdemeanor
7175,2602,,0,0,same_race,36+_0_misdemeanor
2222,2850,,0,0,same_race,36+_0_misdemeanor
1816,5010,,0,1,cross_race,36+_0_misdemeanor
1601,5842,,0,0,same_race,36+_0_misdemeanor
5884,5010,,0,1,cross_race,36+_0_misdemeanor
1816,4077,,0,1,cross_race,36+_0_misdemeanor
3808,905,,0,0,same_race,36+_0_misdemeanor
4765,6263,,0,0,same_race,36+_0_misdemeanor
4765,4253,,0,0,same_race,36+_0_misdemeanor
2667,2497,,0,0,same_race,36+_0_misdemeanor
6765,2222,,1,0,cross_race,36+_0_misdemeanor
4617,5892,,0,0,same_race,36+_0_misdemeanor
6263,6707,,0,0,same_race,36+_0_misdemeanor
3607,6820,,0,0,same_race,36+_0_misdemeanor
4516,2497,,0,0,same_race,36+_0_misdemeanor
5892,1143,,0,0,same_race,36+_0_misdemeanor
4212,6479,,1,0,cross_race,36+_0_misdemeanor
2882,143,,0,0,same_race,36+_0_misdemeanor
6707,6479,,0,0,same_race,36+_0_misdemeanor
1143,1601,,0,0,same_race,36+_0_misdemeanor
6508,3928,,0,0,same_race,36+_0_misdemeanor
3509,1143,,1,0,cross_race,36+_0_misdemeanor
2497,5262,,0,0,same_race,36+_0_misdemeanor
1143,5361,,0,0,same_race,36+_0_misdemeanor
3509,5719,,1,1,same_race,36+_0_misdemeanor
6508,3607,,0,0,same_race,36+_0_misdemeanor
7120,5262,,0,0,same_race,36+_0_misdemeanor
4212,7050,,1,0,cross_race,36+_0_misdemeanor
143,5262,,0,0,same_race,36+_0_misdemeanor
5350,6479,,0,0,same_race,36+_0_misdemeanor
5892,315,,0,0,same_race,36+_0_misdemeanor
2904,5361,,0,0,same_race,36+_0_misdemeanor
2220,4962,,0,0,same_race,36+_0_misdemeanor
3808,6820,,0,0,same_race,36+_0_misdemeanor
6765,1143,,1,0,cross_race,36+_0_misdemeanor
2222,1380,,0,0,same_race,36+_0_misdemeanor
4077,4962,,1,0,cross_race,36+_0_misdemeanor
4765,5262,,0,0,same_race,36+_0_misdemeanor
2882,905,,0,0,same_race,36+_0_misdemeanor
5892,69,,0,1,cross_race,36+_0_misdemeanor
5719,2174,,1,0,cross_race,36+_0_misdemeanor
3002,5262,,0,0,same_race,36+_0_misdemeanor
6906,1504,,0,0,same_race,36+_0_misdemeanor
5884,6184,,0,1,cross_race,36+_0_misdemeanor
4516,905,,0,0,same_race,36+_0_misdemeanor
4392,6820,,0,0,same_race,36+_0_misdemeanor
6508,3509,,0,1,cross_race,36+_0_misdemeanor
2589,10,,1,0,cross_race,26-35_0_felony
902,3546,,1,1,same_race,26-35_0_felony
4200,5235,,1,1,same_race,26-35_0_felony
4343,2394,,1,1,same_race,26-35_0_felony
6628,2710,,1,1,same_race,26-35_0_felony
4343,6780,,1,0,cross_race,26-35_0_felony
1952,5786,,0,0,same_race,26-35_0_felony
276,4790,,0,0,same_race,26-35_0_felony
10,6851,,0,0,same_race,26-35_0_felony
5984,44,,0,1,cross_race,26-35_0_felony
3835,3543,,1,1,same_race,26-35_0_felony
6072,3543,,0,1,cross_race,26-35_0_felony
902,1413,,1,0,cross_race,26-35_0_felony
4790,5353,,0,0,same_race,26-35_0_felony
6343,6512,,1,0,cross_race,26-35_0_felony
3543,5322,,1,0,cross_race,26-35_0_felony
4547,3403,,1,0,cross_race,26-35_0_felony
2977,4298,,1,1,same_race,26-35_0_felony
1192,2787,,0,0,same_race,26-35_0_felony
6647,6569,,1,0,cross_race,26-35_0_felony
5631,1192,,0,0,same_race,26-35_0_felony
5631,5322,,0,0,same_race,26-35_0_felony
2977,4200,,1,1,same_race,26-35_0_felony
1273,6867,,1,0,cross_race,26-35_0_felony
6512,6867,,0,0,same_race,26-35_0_felony
5839,3543,,1,1,same_race,26-35_0_felony
4120,276,,0,0,same_race,26-35_0_felony
1192,4790,,0,0,same_race,26-35_0_felony
1413,5235,,0,1,cross_race,26-35_0_felony
662,4298,,1,1,same_race,26-35_0_felony
1192,5984,,0,0,same_race,26-35_0_felony
5631,5082,,0,1,cross_race,26-35_0_felony
5536,4200,,1,1,same_race,26-35_0_felony
1413,4790,,0,0,same_race,26-35_0_felony
6628,1413,,1,0,cross_race,26-35_0_felony
4120,3543,,0,1,cross_race,26-35_0_felony
6343,939,,1,0,cross_race,26-35_0_felony
2500,4120,,0,0,same_race,26-35_0_felony
7053,4120,,0,0,same_race,26-35_0_felony
4547,4719,,1,0,cross_race,26-35_0_felony
10,6343,,0,1,cross_race,26-35_0_felony
4343,3175,,1,1,same_race,26-35_0_felony
6647,3053,,1,0,cross_race,26-35_0_felony
4930,5536,,1,1,same_race,26-35_0_felony
111,6569,,0,0,same_race,26-35_0_felony
4930,276,,1,0,cross_race,26-35_0_felony
2984,6780,,0,0,same_race,26-35_0_felony
4790,5235,,0,1,cross_race,26-35_0_felony
1301,6628,,0,1,cross_race,26-35_0_felony
662,6867,,1,0,cross_race,26-35_0_felony
1273,4120,,1,0,cross_race,26-35_0_felony
1192,6780,,0,0,same_race,26-35_0_felony
1192,7049,,0,1,cross_race,26-35_0_felony
10,7053,,0,0,same_race,26-35_0_felony
10,4120,,0,0,same_race,26-35_0_felony
44,537,,1,1,same_race,26-35_0_felony
2394,2448,,1,1,same_race,26-35_0_felony
6068,1301,,0,0,same_race,26-35_0_felony
6072,1196,,0,0,same_race,26-35_0_felony
2892,6343,,1,1,same_race,26-35_0_felony
4120,44,,0,1,cross_race,26-35_0_felony
276,6867,,0,0,same_race,26-35_0_felony
2977,7049,,1,1,same_race,26-35_0_felony
4930,5226,,1,0,cross_race,26-35_0_felony
1196,6780,,0,0,same_race,26-35_0_felony
1413,3175,,0,1,cross_race,26-35_0_felony
3543,4719,,1,0,cross_race,26-35_0_felony
2892,5082,,1,1,same_race,26-35_0_felony
5984,2710,,0,1,cross_race,26-35_0_felony
1952,2448,,0,1,cross_race,26-35_0_felony
6221,3586,,0,0,same_race,26-35_0_felony
2892,5786,,1,0,cross_race,26-35_0_felony
111,2448,,0,1,cross_race,26-35_0_felony
44,3586,,1,0,cross_race,26-35_0_felony
7049,276,,1,0,cross_race,26-35_0_felony
4120,6867,,0,0,same_race,26-35_0_felony
4120,5322,,0,0,same_race,26-35_0_felony
1273,6780,,1,0,cross_race,26-35_0_felony
2394,5235,,1,1,same_race,26-35_0_felony
537,6780,,1,0,cross_race,26-35_0_felony
1192,4200,,0,1,cross_race,26-35_0_felony
10,276,,0,0,same_race,26-35_0_felony
10,5322,,0,0,same_race,26-35_0_felony
6628,4719,,1,0,cross_race,26-35_0_felony
5235,5322,,1,0,cross_race,26-35_0_felony
3403,2448,,0,1,cross_race,26-35_0_felony
2984,44,,0,1,cross_race,26-35_0_felony
3789,939,,1,0,cross_race,26-35_0_felony
662,5839,,1,1,same_race,26-35_0_felony
6647,1196,,1,0,cross_race,26-35_0_felony
4343,5839,,1,1,same_race,26-35_0_felony
10,6867,,0,0,same_race,26-35_0_felony
2892,1301,,1,0,cross_race,26-35_0_felony
2394,3789,,1,1,same_race,26-35_0_felony
6851,2448,,0,1,cross_race,26-35_0_felony
2152,1301,,0,0,same_race,26-35_0_felony
1787,5322,,0,0,same_race,26-35_0_felony
1952,7053,,0,0,same_race,26-35_0_felony
7049,2448,,1,1,same_race,26-35_0_felony
3586,2710,,0,1,cross_race,26-35_0_felony
3835,6851,,1,0,cross_race,26-35_0_felony
6851,2710,,0,1,cross_race,26-35_0_felony
662,1787,,1,0,cross_race,26-35_0_felony
2787,4200,,0,1,cross_race,26-35_0_felony
902,4930,,1,1,same_race,26-35_0_felony
1196,4120,,0,0,same_race,26-35_0_felony
1192,1413,,0,0,same_race,26-35_0_felony
5235,2448,,1,1,same_race,26-35_0_felony
662,5631,,1,0,cross_race,26-35_0_felony
1192,6628,,0,1,cross_race,26-35_0_felony
6851,6569,,0,0,same_race,26-35_0_felony
6068,4200,,0,1,cross_race,26-35_0_felony
6647,5082,,1,1,same_race,26-35_0_felony
4200,2710,,1,1,same_race,26-35_0_felony
1952,1413,,0,0,same_race,26-35_0_felony
1301,3175,,0,1,cross_race,26-35_0_felony
1192,3543,,0,1,cross_race,26-35_0_felony
6628,6569,,1,0,cross_race,26-35_0_felony
1787,111,,0,0,same_race,26-35_0_felony
6221,111,,0,0,same_race,26-35_0_felony
2977,6851,,1,0,cross_race,26-35_0_felony
3145,5226,,1,0,cross_race,26-35_0_felony
6068,537,,0,1,cross_race,26-35_0_felony
1787,5786,,0,0,same_race,26-35_0_felony
6867,111,,0,0,same_race,26-35_0_felony
4343,1301,,1,0,cross_race,26-35_0_felony
6512,4547,,0,1,cross_race,26-35_0_felony
4298,6867,,1,0,cross_race,26-35_0_felony
3835,111,,1,0,cross_race,26-35_0_felony
1192,2984,,0,0,same_race,26-35_0_felony
2152,1192,,0,0,same_race,26-35_0_felony
4298,6780,,1,0,cross_race,26-35_0_felony
1952,6512,,0,0,same_race,26-35_0_felony
6512,537,,0,1,cross_race,26-35_0_felony
6221,4547,,0,1,cross_race,26-35_0_felony
111,5322,,0,0,same_race,26-35_0_felony
6072,7053,,0,0,same_race,26-35_0_felony
2589,5631,,1,0,cross_race,26-35_0_felony
2500,6512,,0,0,same_race,26-35_0_felony
4930,5786,,1,0,cross_race,26-35_0_felony
6647,537,,1,1,same_race,26-35_0_felony
2589,902,,1,1,same_race,26-35_0_felony
6343,3546,,1,1,same_race,26-35_0_felony
5226,3403,,0,0,same_race,26-35_0_felony
2787,111,,0,0,same_race,26-35_0_felony
2152,5786,,0,0,same_race,26-35_0_felony
6068,4790,,0,0,same_race,26-35_0_felony
2787,5082,,0,1,cross_race,26-35_0_felony
3145,3543,,1,1,same_race,26-35_0_felony
10,3586,,0,0,same_race,26-35_0_felony
3835,4790,,1,0,cross_race,26-35_0_felony
3175,6851,,1,0,cross_race,26-35_0_felony
2394,4120,,1,0,cross_race,26-35_0_felony
4930,111,,1,0,cross_race,26-35_0_felony
3546,4200,,1,1,same_race,26-35_0_felony
4120,6780,,0,0,same_race,26-35_0_felony
902,6867,,1,0,cross_race,26-35_0_felony
10,111,,0,0,same_race,26-35_0_felony
5984,4298,,0,1,cross_race,26-35_0_felony
2892,537,,1,1,same_race,26-35_0_felony
3835,3175,,1,1,same_race,26-35_0_felony
10,5786,,0,0,same_race,26-35_0_felony
7049,1196,,1,0,cross_race,26-35_0_felony
1196,276,,0,0,same_race,26-35_0_felony
2977,5235,,1,1,same_race,26-35_0_felony
3175,4298,,1,1,same_race,26-35_0_felony
6221,5984,,0,0,same_race,26-35_0_felony
7049,6780,,1,0,cross_race,26-35_0_felony
7049,1413,,1,0,cross_race,26-35_0_felony
6647,5235,,1,1,same_race,26-35_0_felony
1273,3546,,1,1,same_race,26-35_0_felony
3175,3789,,1,1,same_race,26-35_0_felony
6512,5353,,0,0,same_race,26-35_0_felony
2977,3586,,1,0,cross_race,26-35_0_felony
1273,2710,,1,1,same_race,26-35_0_felony
1273,5322,,1,0,cross_race,26-35_0_felony
1273,902,,1,1,same_race,26-35_0_felony
3145,6512,,1,0,cross_race,26-35_0_felony
5631,6851,,0,0,same_race,26-35_0_felony
7049,5226,,1,0,cross_race,26-35_0_felony
44,3546,,1,1,same_race,26-35_0_felony
5631,5536,,0,1,cross_race,26-35_0_felony
1413,6851,,0,0,same_race,26-35_0_felony
5786,6780,,0,0,same_race,26-35_0_felony
1192,276,,0,0,same_race,26-35_0_felony
6068,4298,,0,1,cross_race,26-35_0_felony
662,4930,,1,1,same_race,26-35_0_felony
7053,5322,,0,0,same_race,26-35_0_felony
6068,276,,0,0,same_race,26-35_0_felony
2892,5226,,1,0,cross_race,26-35_0_felony
3175,3145,,1,1,same_race,26-35_0_felony
662,3789,,1,1,same_race,26-35_0_felony
4120,5235,,0,1,cross_race,26-35_0_felony
6068,3586,,0,0,same_race,26-35_0_felony
2500,3789,,0,1,cross_race,26-35_0_felony
662,6647,,1,1,same_race,26-35_0_felony
276,3586,,0,0,same_race,26-35_0_felony
6851,5839,,0,1,cross_race,26-35_0_felony
6221,6851,,0,0,same_race,26-35_0_felony
6072,3175,,0,1,cross_race,26-35_0_felony
5839,3053,,1,0,cross_race,26-35_0_felony
5082,3175,,1,1,same_race,26-35_0_felony
2394,3403,,1,0,cross_race,26-35_0_felony
2152,7053,,0,0,same_race,26-35_0_felony
4343,5984,,1,0,cross_race,26-35_0_felony
4343,6072,,1,0,cross_race,26-35_0_felony
3175,939,,1,0,cross_race,26-35_0_felony
1952,6647,,0,1,cross_race,26-35_0_felony
4547,5235,,1,1,same_race,26-35_0_felony
6867,2710,,0,1,cross_race,26-35_0_felony
6647,2984,,1,0,cross_race,26-35_0_felony
7049,4298,,1,1,same_race,26-35_0_felony
5353,2710,,0,1,cross_race,26-35_0_felony
1787,3053,,0,0,same_race,26-35_0_felony
1196,6569,,0,0,same_race,26-35_0_felony
3053,5235,,0,1,cross_race,26-35_0_felony
7053,7049,,0,1,cross_race,26-35_0_felony
2589,5322,,1,0,cross_race,26-35_0_felony
662,2589,,1,1,same_race,26-35_0_felony
1196,3145,,0,1,cross_race,26-35_0_felony
1301,4298,,0,1,cross_race,26-35_0_felony
5984,4930,,0,1,cross_race,26-35_0_felony
902,6628,,1,1,same_race,26-35_0_felony
4930,537,,1,1,same_race,26-35_0_felony
6221,4790,,0,0,same_race,26-35_0_felony
6851,44,,0,1,cross_race,26-35_0_felony
5631,2152,,0,0,same_race,26-35_0_felony
4120,6512,,0,0,same_race,26-35_0_felony
662,6068,,1,0,cross_race,26-35_0_felony
1273,5353,,1,0,cross_race,26-35_0_felony
662,6628,,1,1,same_race,26-35_0_felony
5839,4790,,1,0,cross_race,26-35_0_felony
5235,939,,1,0,cross_race,26-35_0_felony
2152,3403,,0,0,same_race,26-35_0_felony
3546,3543,,1,1,same_race,26-35_0_felony
6221,1413,,0,0,same_race,26-35_0_felony
2787,4930,,0,1,cross_race,26-35_0_felony
10,4719,,0,0,same_race,26-35_0_felony
7049,4719,,1,0,cross_race,26-35_0_felony
6068,3543,,0,1,cross_race,26-35_0_felony
1787,2977,,0,1,cross_race,26-35_0_felony
5322,939,,0,0,same_race,26-35_0_felony
10,4930,,0,1,cross_race,26-35_0_felony
5226,5322,,0,0,same_race,26-35_0_felony
4343,939,,1,0,cross_race,26-35_0_felony
5786,5235,,0,1,cross_race,26-35_0_felony
4120,111,,0,0,same_race,26-35_0_felony
2984,6512,,0,0,same_race,26-35_0_felony
6221,939,,0,0,same_race,26-35_0_felony
6221,2152,,0,0,same_race,26-35_0_felony
2977,3789,,1,1,same_race,26-35_0_felony
902,537,,1,1,same_race,26-35_0_felony
2152,902,,0,1,cross_race,26-35_0_felony
1192,902,,0,1,cross_race,26-35_0_felony
3835,276,,1,0,cross_race,26-35_0_felony
5984,3175,,0,1,cross_race,26-35_0_felony
2984,5322,,0,0,same_race,26-35_0_felony
2984,4547,,0,1,cross_race,26-35_0_felony
1787,5631,,0,0,same_race,26-35_0_felony
6851,4298,,0,1,cross_race,26-35_0_felony
4343,6068,,1,0,cross_race,26-35_0_felony
6512,3789,,0,1,cross_race,26-35_0_felony
5631,6343,,0,1,cross_race,26-35_0_felony
4343,2984,,1,0,cross_race,26-35_0_felony
6628,2984,,1,0,cross_race,26-35_0_felony
1273,1192,,1,0,cross_race,26-35_0_felony
2787,6569,,0,0,same_race,26-35_0_felony
7053,6628,,0,1,cross_race,26-35_0_felony
4343,4547,,1,1,same_race,26-35_0_felony
10,4200,,0,1,cross_race,26-35_0_felony
3053,5353,,0,0,same_race,26-35_0_felony
7053,5353,,0,0,same_race,26-35_0_felony
7053,4790,,0,0,same_race,26-35_0_felony
3175,3543,,1,1,same_race,26-35_0_felony
3835,6867,,1,0,cross_race,26-35_0_felony
6851,276,,0,0,same_race,26-35_0_felony
5082,5786,,1,0,cross_race,26-35_0_felony
2152,1196,,0,0,same_race,26-35_0_felony
1273,6647,,1,1,same_race,26-35_0_felony
5631,5786,,0,0,same_race,26-35_0_felony
5631,4547,,0,1,cross_race,26-35_0_felony
6343,5839,,1,1,same_race,26-35_0_felony
1787,2448,,0,1,cross_race,26-35_0_felony
4343,6628,,1,1,same_race,26-35_0_felony
6072,6867,,0,0,same_race,26-35_0_felony
6072,1301,,0,0,same_race,26-35_0_felony
6068,5322,,0,0,same_race,26-35_0_felony
3175,5322,,1,0,cross_race,26-35_0_felony
1787,3145,,0,1,cross_race,26-35_0_felony
1192,5353,,0,0,same_race,26-35_0_felony
2152,6851,,0,0,same_race,26-35_0_felony
6221,3835,,0,1,cross_race,26-35_0_felony
2152,2500,,0,0,same_race,26-35_0_felony
2984,4120,,0,0,same_race,26-35_0_felony
4343,1196,,1,0,cross_race,26-35_0_felony
3546,4790,,1,0,cross_race,26-35_0_felony
2977,1196,,1,0,cross_race,26-35_0_felony
1196,2448,,0,1,cross_race,26-35_0_felony
1301,6569,,0,0,same_race,26-35_0_felony
7053,6512,,0,0,same_race,26-35_0_felony
2977,276,,1,0,cross_race,26-35_0_felony
6647,6628,,1,1,same_race,26-35_0_felony
4298,2710,,1,1,same_race,26-35_0_felony
2152,939,,0,0,same_race,26-35_0_felony
1196,6851,,0,0,same_race,26-35_0_felony
2500,939,,0,0,same_race,26-35_0_felony
5786,3403,,0,0,same_race,26-35_0_felony
1413,4200,,0,1,cross_race,26-35_0_felony
4930,2710,,1,1,same_race,26-35_0_felony
1273,5235,,1,1,same_race,26-35_0_felony
6068,6851,,0,0,same_race,26-35_0_felony
1301,5839,,0,1,cross_race,26-35_0_felony
1787,537,,0,1,cross_race,26-35_0_felony
3543,2448,,1,1,same_race,26-35_0_felony
2589,2787,,1,0,cross_race,26-35_0_felony
6647,5984,,1,0,cross_race,26-35_0_felony
5631,5839,,0,1,cross_race,26-35_0_felony
662,537,,1,1,same_race,26-35_0_felony
662,4790,,1,0,cross_race,26-35_0_felony
1301,5235,,0,1,cross_race,26-35_0_felony
5082,5322,,1,0,cross_race,26-35_0_felony
902,4547,,1,1,same_race,26-35_0_felony
5839,2448,,1,1,same_race,26-35_0_felony
5082,44,,1,1,same_race,26-35_0_felony
5631,2710,,0,1,cross_race,26-35_0_felony
5082,4790,,1,0,cross_race,26-35_0_felony
2589,5235,,1,1,same_race,26-35_0_felony
2500,6343,,0,1,cross_race,26-35_0_felony
2500,5536,,0,1,cross_race,26-35_0_felony
6628,3053,,1,0,cross_race,26-35_0_felony
6072,3053,,0,0,same_race,26-35_0_felony
7053,5226,,0,0,same_race,26-35_0_felony
1301,5786,,0,0,same_race,26-35_0_felony
2152,4200,,0,1,cross_race,26-35_0_felony
3145,4120,,1,0,cross_race,26-35_0_felony
2448,6569,,1,0,cross_race,26-35_0_felony
1273,4719,,1,0,cross_race,26-35_0_felony
6068,7053,,0,0,same_race,26-35_0_felony
5631,3543,,0,1,cross_race,26-35_0_felony
6647,4930,,1,1,same_race,26-35_0_felony
6343,1413,,1,0,cross_race,26-35_0_felony
5786,5839,,0,1,cross_race,26-35_0_felony
2787,1196,,0,0,same_race,26-35_0_felony
2787,5984,,0,0,same_race,26-35_0_felony
3543,111,,1,0,cross_race,26-35_0_felony
6647,6867,,1,0,cross_race,26-35_0_felony
4790,111,,0,0,same_race,26-35_0_felony
5631,4200,,0,1,cross_race,26-35_0_felony
5839,4547,,1,1,same_race,26-35_0_felony
1413,3586,,0,0,same_race,26-35_0_felony
3789,6867,,1,0,cross_race,26-35_0_felony
2892,4547,,1,1,same_race,26-35_0_felony
4200,6780,,1,0,cross_race,26-35_0_felony
3403,4298,,0,1,cross_race,26-35_0_felony
276,6569,,0,0,same_race,26-35_0_felony
6343,111,,1,0,cross_race,26-35_0_felony
2394,4200,,1,1,same_race,26-35_0_felony
6072,1413,,0,0,same_race,26-35_0_felony
2787,3145,,0,1,cross_race,26-35_0_felony
662,5322,,1,0,cross_race,26-35_0_felony
5353,4719,,0,0,same_race,26-35_0_felony
10,2448,,0,1,cross_race,26-35_0_felony
4200,5353,,1,0,cross_race,26-35_0_felony
2500,3145,,0,1,cross_race,26-35_0_felony
6068,3145,,0,1,cross_race,26-35_0_felony
1413,939,,0,0,same_race,26-35_0_felony
2394,6628,,1,1,same_race,26-35_0_felony
5631,5984,,0,0,same_race,26-35_0_felony
902,939,,1,0,cross_race,26-35_0_felony
2977,6512,,1,0,cross_race,26-35_0_felony
6072,5839,,0,1,cross_race,26-35_0_felony
5631,2892,,0,1,cross_race,26-35_0_felony
3175,4120,,1,0,cross_race,26-35_0_felony
1952,3586,,0,0,same_race,26-35_0_felony
2787,6780,,0,0,same_race,26-35_0_felony
6343,3789,,1,1,same_race,26-35_0_felony
662,2710,,1,1,same_race,26-35_0_felony
3145,939,,1,0,cross_race,26-35_0_felony
5984,111,,0,0,same_race,26-35_0_felony
5631,1196,,0,0,same_race,26-35_0_felony
1301,3546,,0,1,cross_race,26-35_0_felony
5786,276,,0,0,same_race,26-35_0_felony
6068,111,,0,0,same_race,26-35_0_felony
3175,6780,,1,0,cross_race,26-35_0_felony
902,1196,,1,0,cross_race,26-35_0_felony
2152,5536,,0,1,cross_race,26-35_0_felony
2394,6780,,1,0,cross_race,26-35_0_felony
2152,3145,,0,1,cross_race,26-35_0_felony
2787,2984,,0,0,same_race,26-35_0_felony
5984,5322,,0,0,same_race,26-35_0_felony
6221,5235,,0,1,cross_race,26-35_0_felony
1196,3835,,0,1,cross_race,26-35_0_felony
2787,3586,,0,0,same_race,26-35_0_felony
1952,3543,,0,1,cross_race,26-35_0_felony
6647,4547,,1,1,same_race,26-35_0_felony
2589,2710,,1,1,same_race,26-35_0_felony
5226,5839,,0,1,cross_race,26-35_0_felony
902,5353,,1,0,cross_race,26-35_0_felony
1192,5536,,0,1,cross_race,26-35_0_felony
6851,5322,,0,0,same_race,26-35_0_felony
6072,4120,,0,0,same_race,26-35_0_felony
1787,2892,,0,1,cross_race,26-35_0_felony
6343,5226,,1,0,cross_race,26-35_0_felony
2977,6569,,1,0,cross_race,26-35_0_felony
276,5235,,0,1,cross_race,26-35_0_felony
4790,4719,,0,0,same_race,26-35_0_felony
2977,1952,,1,0,cross_race,26-35_0_felony
3789,5353,,1,0,cross_race,26-35_0_felony
5786,44,,0,1,cross_race,26-35_0_felony
6221,902,,0,1,cross_race,26-35_0_felony
44,4298,,1,1,same_race,26-35_0_felony
2394,5631,,1,0,cross_race,26-35_0_felony
7053,3789,,0,1,cross_race,26-35_0_felony
5082,1196,,1,0,cross_race,26-35_0_felony
2589,3835,,1,1,same_race,26-35_0_felony
1413,5536,,0,1,cross_race,26-35_0_felony
5786,3835,,0,1,cross_race,26-35_0_felony
3586,6780,,0,0,same_race,26-35_0_felony
5536,6780,,1,0,cross_race,26-35_0_felony
2787,6851,,0,0,same_race,26-35_0_felony
1413,4547,,0,1,cross_race,26-35_0_felony
537,3586,,1,0,cross_race,26-35_0_felony
2500,5235,,0,1,cross_race,26-35_0_felony
10,6647,,0,1,cross_race,26-35_0_felony
1196,2984,,0,0,same_race,26-35_0_felony
1787,5235,,0,1,cross_race,26-35_0_felony
6851,3789,,0,1,cross_race,26-35_0_felony
7049,2710,,1,1,same_race,26-35_0_felony
1192,5839,,0,1,cross_race,26-35_0_felony
5536,6569,,1,0,cross_race,26-35_0_felony
6068,3546,,0,1,cross_race,26-35_0_felony
2787,3175,,0,1,cross_race,26-35_0_felony
4790,939,,0,0,same_race,26-35_0_felony
6068,902,,0,1,cross_race,26-35_0_felony
1273,3543,,1,1,same_race,26-35_0_felony
1413,537,,0,1,cross_race,26-35_0_felony
1192,4298,,0,1,cross_race,26-35_0_felony
2152,6647,,0,1,cross_race,26-35_0_felony
6221,3543,,0,1,cross_race,26-35_0_felony
3175,3403,,1,0,cross_race,26-35_0_felony
7053,5082,,0,1,cross_race,26-35_0_felony
4930,6569,,1,0,cross_race,26-35_0_felony
2787,3789,,0,1,cross_race,26-35_0_felony
5631,4120,,0,0,same_race,26-35_0_felony
902,3835,,1,1,same_race,26-35_0_felony
3835,5322,,1,0,cross_race,26-35_0_felony
1273,2984,,1,0,cross_race,26-35_0_felony
2589,5786,,1,0,cross_race,26-35_0_felony
1301,939,,0,0,same_race,26-35_0_felony
3789,5235,,1,1,same_race,26-35_0_felony
3145,4547,,1,1,same_race,26-35_0_felony
6343,6851,,1,0,cross_race,26-35_0_felony
2152,7049,,0,1,cross_race,26-35_0_felony
662,5353,,1,0,cross_race,26-35_0_felony
2394,1273,,1,1,same_race,26-35_0_felony
6867,4719,,0,0,same_race,26-35_0_felony
4547,939,,1,0,cross_race,26-35_0_felony
939,6569,,0,0,same_race,26-35_0_felony
6628,1196,,1,0,cross_race,26-35_0_felony
3835,3403,,1,0,cross_race,26-35_0_felony
6221,6569,,0,0,same_race,26-35_0_felony
2977,44,,1,1,same_race,26-35_0_felony
10,1952,,0,0,same_race,26-35_0_felony
4298,939,,1,0,cross_race,26-35_0_felony
1952,2984,,0,0,same_race,26-35_0_felony
7053,2710,,0,1,cross_race,26-35_0_felony
4930,4790,,1,0,cross_race,26-35_0_felony
6647,6343,,1,1,same_race,26-35_0_felony
6221,44,,0,1,cross_race,26-35_0_felony
6068,2710,,0,1,cross_race,26-35_0_felony
6628,4120,,1,0,cross_race,26-35_0_felony
662,6780,,1,0,cross_race,26-35_0_felony
5631,2787,,0,0,same_race,26-35_0_felony
5839,2710,,1,1,same_race,26-35_0_felony
3546,4547,,1,1,same_race,26-35_0_felony
6068,939,,0,0,same_race,26-35_0_felony
3145,6569,,1,0,cross_race,26-35_0_felony
2394,902,,1,1,same_race,26-35_0_felony
2787,3543,,0,1,cross_race,26-35_0_felony
2787,4298,,0,1,cross_race,26-35_0_felony
4120,6851,,0,0,same_race,26-35_0_felony
6068,5226,,0,0,same_race,26-35_0_felony
2892,3145,,1,1,same_race,26-35_0_felony
6221,5082,,0,1,cross_race,26-35_0_felony
3145,276,,1,0,cross_race,26-35_0_felony
3403,5353,,0,0,same_race,26-35_0_felony
537,4200,,1,1,same_race,26-35_0_felony
662,3145,,1,1,same_race,26-35_0_felony
2500,276,,0,0,same_race,26-35_0_felony
2977,2984,,1,0,cross_race,26-35_0_felony
2589,4547,,1,1,same_race,26-35_0_felony
3053,5322,,0,0,same_race,26-35_0_felony
1952,5984,,0,0,same_race,26-35_0_felony
7049,4547,,1,1,same_race,26-35_0_felony
6068,6628,,0,1,cross_race,26-35_0_felony
2589,5984,,1,0,cross_race,26-35_0_felony
6780,6569,,0,0,same_race,26-35_0_felony
4120,4298,,0,1,cross_race,26-35_0_felony
2500,7049,,0,1,cross_race,26-35_0_felony
2394,3543,,1,1,same_race,26-35_0_felony
4644,1661,,1,1,same_race,18-25_6+_misdemeanor
4644,6357,,1,0,cross_race,18-25_6+_misdemeanor
4644,3203,,1,1,same_race,18-25_6+_misdemeanor
4644,1489,,1,1,same_race,18-25_6+_misdemeanor
4644,539,,1,0,cross_race,18-25_6+_misdemeanor
4644,3330,,1,0,cross_race,18-25_6+_misdemeanor
4644,7141,,1,0,cross_race,18-25_6+_misdemeanor
1661,6357,,1,0,cross_race,18-25_6+_misdemeanor
1661,3203,,1,1,same_race,18-25_6+_misdemeanor
1661,1489,,1,1,same_race,18-25_6+_misdemeanor
1661,539,,1,0,cross_race,18-25_6+_misdemeanor
1661,3330,,1,0,cross_race,18-25_6+_misdemeanor
1661,7141,,1,0,cross_race,18-25_6+_misdemeanor
6357,3203,,0,1,cross_race,18-25_6+_misdemeanor
6357,1489,,0,1,cross_race,18-25_6+_misdemeanor
6357,539,,0,0,same_race,18-25_6+_misdemeanor
6357,3330,,0,0,same_race,18-25_6+_misdemeanor
6357,7141,,0,0,same_race,18-25_6+_misdemeanor
3203,1489,,1,1,same_race,18-25_6+_misdemeanor
3203,539,,1,0,cross_race,18-25_6+_misdemeanor
3203,3330,,1,0,cross_race,18-25_6+_misdemeanor
3203,7141,,1,0,cross_race,18-25_6+_misdemeanor
1489,539,,1,0,cross_race,18-25_6+_misdemeanor
1489,3330,,1,0,cross_race,18-25_6+_misdemeanor
1489,7141,,1,0,cross_race,18-25_6+_misdemeanor
539,3330,,0,0,same_race,18-25_6+_misdemeanor
539,7141,,0,0,same_race,18-25_6+_misdemeanor
3330,7141,,0,0,same_race,18-25_6+_misdemeanor
2234,5169,,0,1,cross_race,18-25_0_misdemeanor
6803,5370,,1,1,same_race,18-25_0_misdemeanor
6553,6770,,0,0,same_race,18-25_0_misdemeanor
6788,6217,,1,0,cross_race,18-25_0_misdemeanor
6532,5370,,1,1,same_race,18-25_0_misdemeanor
4851,3530,,1,1,same_race,18-25_0_misdemeanor
6532,946,,1,0,cross_race,18-25_0_misdemeanor
1640,1861,,0,1,cross_race,18-25_0_misdemeanor
947,3498,,0,0,same_race,18-25_0_misdemeanor
5169,1861,,1,1,same_race,18-25_0_misdemeanor
4851,6217,,1,0,cross_race,18-25_0_misdemeanor
6788,5725,,1,0,cross_race,18-25_0_misdemeanor
6806,1640,,0,0,same_race,18-25_0_misdemeanor
6803,1846,,1,1,same_race,18-25_0_misdemeanor
3300,3498,,1,0,cross_race,18-25_0_misdemeanor
2930,3498,,1,0,cross_race,18-25_0_misdemeanor
1219,947,,1,0,cross_race,18-25_0_misdemeanor
1175,3530,,1,1,same_race,18-25_0_misdemeanor
5169,5370,,1,1,same_race,18-25_0_misdemeanor
6532,6770,,1,0,cross_race,18-25_0_misdemeanor
3342,6770,,1,0,cross_race,18-25_0_misdemeanor
1846,6770,,1,0,cross_race,18-25_0_misdemeanor
527,3498,,0,0,same_race,18-25_0_misdemeanor
3176,3300,,1,1,same_race,18-25_0_misdemeanor
3300,6217,,1,0,cross_race,18-25_0_misdemeanor
6806,720,,0,0,same_race,18-25_0_misdemeanor
720,6217,,0,0,same_race,18-25_0_misdemeanor
6047,3498,,1,0,cross_race,18-25_0_misdemeanor
3176,6788,,1,1,same_race,18-25_0_misdemeanor
6788,5370,,1,1,same_race,18-25_0_misdemeanor
5169,4745,,1,1,same_race,18-25_0_misdemeanor
6803,6047,,1,1,same_race,18-25_0_misdemeanor
946,6047,,0,1,cross_race,18-25_0_misdemeanor
3087,3498,,1,0,cross_race,18-25_0_misdemeanor
6806,3499,,0,1,cross_race,18-25_0_misdemeanor
5370,3498,,1,0,cross_race,18-25_0_misdemeanor
3342,1846,,1,1,same_race,18-25_0_misdemeanor
6806,6987,,0,1,cross_race,18-25_0_misdemeanor
4943,6047,,0,1,cross_race,18-25_0_misdemeanor
2234,720,,0,0,same_race,18-25_0_misdemeanor
3300,3278,,1,0,cross_race,18-25_0_misdemeanor
2396,4943,,1,0,cross_race,18-25_0_misdemeanor
6201,720,,1,0,cross_race,18-25_0_misdemeanor
3176,6770,,1,0,cross_race,18-25_0_misdemeanor
3342,4404,,1,1,same_race,18-25_0_misdemeanor
3499,4404,,1,1,same_race,18-25_0_misdemeanor
6770,3530,,0,1,cross_race,18-25_0_misdemeanor
4851,4745,,1,1,same_race,18-25_0_misdemeanor
3342,1640,,1,0,cross_race,18-25_0_misdemeanor
6553,3300,,0,1,cross_race,18-25_0_misdemeanor
6201,6047,,1,1,same_race,18-25_0_misdemeanor
1640,6217,,0,0,same_race,18-25_0_misdemeanor
1111,6532,,1,1,same_race,18-25_0_misdemeanor
6770,5725,,0,0,same_race,18-25_0_misdemeanor
5360,6532,,1,1,same_race,18-25_0_misdemeanor
6806,6532,,0,1,cross_race,18-25_0_misdemeanor
720,6770,,0,0,same_race,18-25_0_misdemeanor
3342,720,,1,0,cross_race,18-25_0_misdemeanor
1111,2930,,1,1,same_race,18-25_0_misdemeanor
2930,4745,,1,1,same_race,18-25_0_misdemeanor
720,4745,,0,1,cross_race,18-25_0_misdemeanor
1111,6770,,1,0,cross_race,18-25_0_misdemeanor
4851,5725,,1,0,cross_race,18-25_0_misdemeanor
3176,946,,1,0,cross_race,18-25_0_misdemeanor
4404,1111,,1,1,same_race,18-25_0_misdemeanor
6047,3300,,1,1,same_race,18-25_0_misdemeanor
3342,4745,,1,1,same_race,18-25_0_misdemeanor
947,3278,,0,0,same_race,18-25_0_misdemeanor
4404,5370,,1,1,same_race,18-25_0_misdemeanor
946,4943,,0,0,same_race,18-25_0_misdemeanor
6806,2930,,0,1,cross_race,18-25_0_misdemeanor
2930,3300,,1,1,same_race,18-25_0_misdemeanor
1640,6201,,0,1,cross_race,18-25_0_misdemeanor
3499,4745,,1,1,same_race,18-25_0_misdemeanor
5169,3300,,1,1,same_race,18-25_0_misdemeanor
4851,3300,,1,1,same_race,18-25_0_misdemeanor
2234,3087,,0,1,cross_race,18-25_0_misdemeanor
4404,3530,,1,1,same_race,18-25_0_misdemeanor
3342,3499,,1,1,same_race,18-25_0_misdemeanor
3087,6047,,1,1,same_race,18-25_0_misdemeanor
2234,2396,,0,1,cross_race,18-25_0_misdemeanor
1175,6987,,1,1,same_race,18-25_0_misdemeanor
3499,3498,,1,0,cross_race,18-25_0_misdemeanor
1219,6047,,1,1,same_race,18-25_0_misdemeanor
527,6803,,0,1,cross_race,18-25_0_misdemeanor
720,3530,,0,1,cross_race,18-25_0_misdemeanor
2234,6806,,0,0,same_race,18-25_0_misdemeanor
5360,6987,,1,1,same_race,18-25_0_misdemeanor
2930,1861,,1,1,same_race,18-25_0_misdemeanor
4745,6987,,1,1,same_race,18-25_0_misdemeanor
3176,6553,,1,0,cross_race,18-25_0_misdemeanor
720,6803,,0,1,cross_race,18-25_0_misdemeanor
1175,1861,,1,1,same_race,18-25_0_misdemeanor
1640,5370,,0,1,cross_race,18-25_0_misdemeanor
720,6532,,0,1,cross_race,18-25_0_misdemeanor
6806,947,,0,0,same_race,18-25_0_misdemeanor
1861,6788,,1,1,same_race,18-25_0_misdemeanor
3499,4943,,1,0,cross_race,18-25_0_misdemeanor
5370,3278,,1,0,cross_race,18-25_0_misdemeanor
527,5725,,0,0,same_race,18-25_0_misdemeanor
1111,3530,,1,1,same_race,18-25_0_misdemeanor
6201,2930,,1,1,same_race,18-25_0_misdemeanor
527,946,,0,0,same_race,18-25_0_misdemeanor
1846,6047,,1,1,same_race,18-25_0_misdemeanor
3499,5725,,1,0,cross_race,18-25_0_misdemeanor
3087,3300,,1,1,same_race,18-25_0_misdemeanor
946,5370,,0,1,cross_race,18-25_0_misdemeanor
6201,5360,,1,1,same_race,18-25_0_misdemeanor
2396,946,,1,0,cross_race,18-25_0_misdemeanor
5370,3300,,1,1,same_race,18-25_0_misdemeanor
3530,6047,,1,1,same_race,18-25_0_misdemeanor
1861,946,,1,0,cross_race,18-25_0_misdemeanor
6553,1846,,0,1,cross_race,18-25_0_misdemeanor
3342,1175,,1,1,same_race,18-25_0_misdemeanor
2396,4745,,1,1,same_race,18-25_0_misdemeanor
1846,6987,,1,1,same_race,18-25_0_misdemeanor
6788,4943,,1,0,cross_race,18-25_0_misdemeanor
6532,4745,,1,1,same_race,18-25_0_misdemeanor
1640,4404,,0,1,cross_race,18-25_0_misdemeanor
4745,3278,,1,0,cross_race,18-25_0_misdemeanor
3176,720,,1,0,cross_race,18-25_0_misdemeanor
1861,6047,,1,1,same_race,18-25_0_misdemeanor
6803,3498,,1,0,cross_race,18-25_0_misdemeanor
1846,4943,,1,0,cross_race,18-25_0_misdemeanor
5360,947,,1,0,cross_race,18-25_0_misdemeanor
4851,4404,,1,1,same_race,18-25_0_misdemeanor
2396,3300,,1,1,same_race,18-25_0_misdemeanor
3176,5725,,1,0,cross_race,18-25_0_misdemeanor
4404,6803,,1,1,same_race,18-25_0_misdemeanor
5169,3498,,1,0,cross_race,18-25_0_misdemeanor
2234,3498,,0,0,same_race,18-25_0_misdemeanor
6803,3278,,1,0,cross_race,18-25_0_misdemeanor
4851,5360,,1,1,same_race,18-25_0_misdemeanor
2396,1846,,1,1,same_race,18-25_0_misdemeanor
6532,3278,,1,0,cross_race,18-25_0_misdemeanor
6987,6217,,1,0,cross_race,18-25_0_misdemeanor
527,6987,,0,1,cross_race,18-25_0_misdemeanor
2930,1219,,1,1,same_race,18-25_0_misdemeanor
5169,3087,,1,1,same_race,18-25_0_misdemeanor
4404,6201,,1,1,same_race,18-25_0_misdemeanor
2234,1175,,0,1,cross_race,18-25_0_misdemeanor
1846,3300,,1,1,same_race,18-25_0_misdemeanor
946,3498,,0,0,same_race,18-25_0_misdemeanor
4851,3278,,1,0,cross_race,18-25_0_misdemeanor
527,6788,,0,1,cross_race,18-25_0_misdemeanor
3342,6806,,1,0,cross_race,18-25_0_misdemeanor
4851,2234,,1,0,cross_race,18-25_0_misdemeanor
3342,947,,1,0,cross_race,18-25_0_misdemeanor
5370,6217,,1,0,cross_race,18-25_0_misdemeanor
4745,3530,,1,1,same_race,18-25_0_misdemeanor
6806,3530,,0,1,cross_race,18-25_0_misdemeanor
6806,527,,0,0,same_race,18-25_0_misdemeanor
2234,3342,,0,1,cross_race,18-25_0_misdemeanor
3342,6047,,1,1,same_race,18-25_0_misdemeanor
3342,1219,,1,1,same_race,18-25_0_misdemeanor
1111,947,,1,0,cross_race,18-25_0_misdemeanor
1219,6217,,1,0,cross_race,18-25_0_misdemeanor
6806,2396,,0,1,cross_race,18-25_0_misdemeanor
6553,6217,,0,0,same_race,18-25_0_misdemeanor
4745,6217,,1,0,cross_race,18-25_0_misdemeanor
6788,947,,1,0,cross_race,18-25_0_misdemeanor
3087,6987,,1,1,same_race,18-25_0_misdemeanor
6987,4943,,1,0,cross_race,18-25_0_misdemeanor
6770,947,,0,0,same_race,18-25_0_misdemeanor
4404,5360,,1,1,same_race,18-25_0_misdemeanor
1861,6217,,1,0,cross_race,18-25_0_misdemeanor
5360,3087,,1,1,same_race,18-25_0_misdemeanor
1640,6532,,0,1,cross_race,18-25_0_misdemeanor
1111,527,,1,0,cross_race,18-25_0_misdemeanor
2396,6987,,1,1,same_race,18-25_0_misdemeanor
527,6770,,0,0,same_race,18-25_0_misdemeanor
1861,6987,,1,1,same_race,18-25_0_misdemeanor
4404,6553,,1,0,cross_race,18-25_0_misdemeanor
3498,6217,,0,0,same_race,18-25_0_misdemeanor
1175,946,,1,0,cross_race,18-25_0_misdemeanor
6201,6532,,1,1,same_race,18-25_0_misdemeanor
3087,3278,,1,0,cross_race,18-25_0_misdemeanor
1111,6803,,1,1,same_race,18-25_0_misdemeanor
6987,5725,,1,0,cross_race,18-25_0_misdemeanor
3176,3087,,1,1,same_race,18-25_0_misdemeanor
1111,3498,,1,0,cross_race,18-25_0_misdemeanor
4404,2930,,1,1,same_race,18-25_0_misdemeanor
4404,4943,,1,0,cross_race,18-25_0_misdemeanor
4851,6788,,1,1,same_race,18-25_0_misdemeanor
4851,3498,,1,0,cross_race,18-25_0_misdemeanor
2396,947,,1,0,cross_race,18-25_0_misdemeanor
2234,1111,,0,1,cross_race,18-25_0_misdemeanor
1175,4943,,1,0,cross_race,18-25_0_misdemeanor
1111,3087,,1,1,same_race,18-25_0_misdemeanor
6770,3278,,0,0,same_race,18-25_0_misdemeanor
6803,3300,,1,1,same_race,18-25_0_misdemeanor
1640,6553,,0,0,same_race,18-25_0_misdemeanor
1175,2930,,1,1,same_race,18-25_0_misdemeanor
3342,3498,,1,0,cross_race,18-25_0_misdemeanor
1861,6770,,1,0,cross_race,18-25_0_misdemeanor
946,6987,,0,1,cross_race,18-25_0_misdemeanor
4851,6987,,1,1,same_race,18-25_0_misdemeanor
6806,4943,,0,0,same_race,18-25_0_misdemeanor
4851,947,,1,0,cross_race,18-25_0_misdemeanor
6770,4943,,0,0,same_race,18-25_0_misdemeanor
6770,6047,,0,1,cross_race,18-25_0_misdemeanor
5360,3300,,1,1,same_race,18-25_0_misdemeanor
3342,6788,,1,1,same_race,18-25_0_misdemeanor
6770,946,,0,0,same_race,18-25_0_misdemeanor
6806,6047,,0,1,cross_race,18-25_0_misdemeanor
3342,2930,,1,1,same_race,18-25_0_misdemeanor
4851,6770,,1,0,cross_race,18-25_0_misdemeanor
6806,5370,,0,1,cross_race,18-25_0_misdemeanor
2396,3530,,1,1,same_race,18-25_0_misdemeanor
5169,5725,,1,0,cross_race,18-25_0_misdemeanor
6047,3278,,1,0,cross_race,18-25_0_misdemeanor
1175,6553,,1,0,cross_race,18-25_0_misdemeanor
6553,947,,0,0,same_race,18-25_0_misdemeanor
720,6987,,0,1,cross_race,18-25_0_misdemeanor
3342,3530,,1,1,same_race,18-25_0_misdemeanor
6803,3530,,1,1,same_race,18-25_0_misdemeanor
1219,527,,1,0,cross_race,18-25_0_misdemeanor
6553,3087,,0,1,cross_race,18-25_0_misdemeanor
5169,6201,,1,1,same_race,18-25_0_misdemeanor
6553,6803,,0,1,cross_race,18-25_0_misdemeanor
2234,1219,,0,1,cross_race,18-25_0_misdemeanor
6553,4943,,0,0,same_race,18-25_0_misdemeanor
4943,5370,,0,1,cross_race,18-25_0_misdemeanor
3087,4943,,1,0,cross_race,18-25_0_misdemeanor
6788,3498,,1,0,cross_race,18-25_0_misdemeanor
1111,5370,,1,1,same_race,18-25_0_misdemeanor
3342,5360,,1,1,same_race,18-25_0_misdemeanor
4404,1846,,1,1,same_race,18-25_0_misdemeanor
720,5725,,0,0,same_race,18-25_0_misdemeanor
3176,6532,,1,1,same_race,18-25_0_misdemeanor
1846,3498,,1,0,cross_race,18-25_0_misdemeanor
1175,1640,,1,0,cross_race,18-25_0_misdemeanor
6806,3278,,0,0,same_race,18-25_0_misdemeanor
1175,5725,,1,0,cross_race,18-25_0_misdemeanor
4851,6201,,1,1,same_race,18-25_0_misdemeanor
4404,3087,,1,1,same_race,18-25_0_misdemeanor
1219,3530,,1,1,same_race,18-25_0_misdemeanor
3342,6987,,1,1,same_race,18-25_0_misdemeanor
6553,5370,,0,1,cross_race,18-25_0_misdemeanor
3499,946,,1,0,cross_race,18-25_0_misdemeanor
2930,6532,,1,1,same_race,18-25_0_misdemeanor
2234,1846,,0,1,cross_race,18-25_0_misdemeanor
4404,527,,1,0,cross_race,18-25_0_misdemeanor
720,2930,,0,1,cross_race,18-25_0_misdemeanor
5169,720,,1,0,cross_race,18-25_0_misdemeanor
3176,6217,,1,0,cross_race,18-25_0_misdemeanor
946,3530,,0,1,cross_race,18-25_0_misdemeanor
3530,5370,,1,1,same_race,18-25_0_misdemeanor
6553,6987,,0,1,cross_race,18-25_0_misdemeanor
6553,3530,,0,1,cross_race,18-25_0_misdemeanor
2396,6803,,1,1,same_race,18-25_0_misdemeanor
3499,527,,1,0,cross_race,18-25_0_misdemeanor
720,3300,,0,1,cross_race,18-25_0_misdemeanor
4851,5370,,1,1,same_race,18-25_0_misdemeanor
4851,1111,,1,1,same_race,18-25_0_misdemeanor
3499,3087,,1,1,same_race,18-25_0_misdemeanor
6803,5725,,1,0,cross_race,18-25_0_misdemeanor
1640,6788,,0,1,cross_race,18-25_0_misdemeanor
3342,2396,,1,1,same_race,18-25_0_misdemeanor
6532,5725,,1,0,cross_race,18-25_0_misdemeanor
2930,5370,,1,1,same_race,18-25_0_misdemeanor
2396,527,,1,0,cross_race,18-25_0_misdemeanor
6532,6803,,1,1,same_race,18-25_0_misdemeanor
1175,6532,,1,1,same_race,18-25_0_misdemeanor
2234,4745,,0,1,cross_race,18-25_0_misdemeanor
6803,946,,1,0,cross_race,18-25_0_misdemeanor
3342,3278,,1,0,cross_race,18-25_0_misdemeanor
1175,6803,,1,1,same_race,18-25_0_misdemeanor
6532,4943,,1,0,cross_race,18-25_0_misdemeanor
2234,3176,,0,1,cross_race,18-25_0_misdemeanor
4404,6217,,1,0,cross_race,18-25_0_misdemeanor
946,6217,,0,0,same_race,18-25_0_misdemeanor
3176,6987,,1,1,same_race,18-25_0_misdemeanor
1846,6217,,1,0,cross_race,18-25_0_misdemeanor
6987,5370,,1,1,same_race,18-25_0_misdemeanor
2396,3278,,1,0,cross_race,18-25_0_misdemeanor
720,946,,0,0,same_race,18-25_0_misdemeanor
4851,1175,,1,1,same_race,18-25_0_misdemeanor
6201,1846,,1,1,same_race,18-25_0_misdemeanor
2396,1861,,1,1,same_race,18-25_0_misdemeanor
1219,5370,,1,1,same_race,18-25_0_misdemeanor
1861,1846,,1,1,same_race,18-25_0_misdemeanor
3342,3300,,1,1,same_race,18-25_0_misdemeanor
1175,5370,,1,1,same_race,18-25_0_misdemeanor
6987,947,,1,0,cross_race,18-25_0_misdemeanor
6770,3498,,0,0,same_race,18-25_0_misdemeanor
6806,4745,,0,1,cross_race,18-25_0_misdemeanor
947,6047,,0,1,cross_race,18-25_0_misdemeanor
2234,6770,,0,0,same_race,18-25_0_misdemeanor
3499,6047,,1,1,same_race,18-25_0_misdemeanor
947,3300,,0,1,cross_race,18-25_0_misdemeanor
3498,3278,,0,0,same_race,18-25_0_misdemeanor
527,5370,,0,1,cross_race,18-25_0_misdemeanor
2234,6788,,0,1,cross_race,18-25_0_misdemeanor
6788,3530,,1,1,same_race,18-25_0_misdemeanor
4404,6047,,1,1,same_race,18-25_0_misdemeanor
3087,6803,,1,1,same_race,18-25_0_misdemeanor
4404,2396,,1,1,same_race,18-25_0_misdemeanor
6987,3498,,1,0,cross_race,18-25_0_misdemeanor
4851,946,,1,0,cross_race,18-25_0_misdemeanor
3087,3530,,1,1,same_race,18-25_0_misdemeanor
2930,527,,1,0,cross_race,18-25_0_misdemeanor
6553,2396,,0,1,cross_race,18-25_0_misdemeanor
5169,6788,,1,1,same_race,18-25_0_misdemeanor
3176,2396,,1,1,same_race,18-25_0_misdemeanor
720,6553,,0,0,same_race,18-25_0_misdemeanor
527,3530,,0,1,cross_race,18-25_0_misdemeanor
3342,3176,,1,1,same_race,18-25_0_misdemeanor
5725,6047,,0,1,cross_race,18-25_0_misdemeanor
6803,6788,,1,1,same_race,18-25_0_misdemeanor
6770,6788,,0,1,cross_race,18-25_0_misdemeanor
1111,5360,,1,1,same_race,18-25_0_misdemeanor
1861,4745,,1,1,same_race,18-25_0_misdemeanor
6806,4404,,0,1,cross_race,18-25_0_misdemeanor
4404,6532,,1,1,same_race,18-25_0_misdemeanor
6532,6047,,1,1,same_race,18-25_0_misdemeanor
3530,3300,,1,1,same_race,18-25_0_misdemeanor
2930,946,,1,0,cross_race,18-25_0_misdemeanor
946,6788,,0,1,cross_race,18-25_0_misdemeanor
720,1219,,0,1,cross_race,18-25_0_misdemeanor
5360,5725,,1,0,cross_race,18-25_0_misdemeanor
1111,1846,,1,1,same_race,18-25_0_misdemeanor
3176,1111,,1,1,same_race,18-25_0_misdemeanor
6047,6217,,1,0,cross_race,18-25_0_misdemeanor
1640,2930,,0,1,cross_race,18-25_0_misdemeanor
6201,3498,,1,0,cross_race,18-25_0_misdemeanor
6987,3300,,1,1,same_race,18-25_0_misdemeanor
4851,6532,,1,1,same_race,18-25_0_misdemeanor
5169,1219,,1,1,same_race,18-25_0_misdemeanor
3087,527,,1,0,cross_race,18-25_0_misdemeanor
3499,6532,,1,1,same_race,18-25_0_misdemeanor
4851,6806,,1,0,cross_race,18-25_0_misdemeanor
1219,1846,,1,1,same_race,18-25_0_misdemeanor
3342,3087,,1,1,same_race,18-25_0_misdemeanor
6201,2396,,1,1,same_race,18-25_0_misdemeanor
2234,527,,0,0,same_race,18-25_0_misdemeanor
5360,6047,,1,1,same_race,18-25_0_misdemeanor
3176,6047,,1,1,same_race,18-25_0_misdemeanor
946,3278,,0,0,same_race,18-25_0_misdemeanor
3499,3300,,1,1,same_race,18-25_0_misdemeanor
6201,6788,,1,1,same_race,18-25_0_misdemeanor
1219,6788,,1,1,same_race,18-25_0_misdemeanor
3499,1111,,1,1,same_race,18-25_0_misdemeanor
6788,3278,,1,0,cross_race,18-25_0_misdemeanor
6553,4745,,0,1,cross_race,18-25_0_misdemeanor
1846,946,,1,0,cross_race,18-25_0_misdemeanor
3176,947,,1,0,cross_race,18-25_0_misdemeanor
1640,1111,,0,1,cross_race,18-25_0_misdemeanor
6987,3278,,1,0,cross_race,18-25_0_misdemeanor
6532,6788,,1,1,same_race,18-25_0_misdemeanor
1175,6217,,1,0,cross_race,18-25_0_misdemeanor
527,6047,,0,1,cross_race,18-25_0_misdemeanor
1846,5370,,1,1,same_race,18-25_0_misdemeanor
1640,720,,0,0,same_race,18-25_0_misdemeanor
3176,4745,,1,1,same_race,18-25_0_misdemeanor
6532,947,,1,0,cross_race,18-25_0_misdemeanor
6806,6770,,0,0,same_race,18-25_0_misdemeanor
6806,6217,,0,0,same_race,18-25_0_misdemeanor
1640,3278,,0,0,same_race,18-25_0_misdemeanor
1219,1861,,1,1,same_race,18-25_0_misdemeanor
2234,6987,,0,1,cross_race,18-25_0_misdemeanor
4851,6803,,1,1,same_race,18-25_0_misdemeanor
4745,1846,,1,1,same_race,18-25_0_misdemeanor
6770,3300,,0,1,cross_race,18-25_0_misdemeanor
1111,4745,,1,1,same_race,18-25_0_misdemeanor
6806,6788,,0,1,cross_race,18-25_0_misdemeanor
1861,947,,1,0,cross_race,18-25_0_misdemeanor
6532,6217,,1,0,cross_race,18-25_0_misdemeanor
5169,3530,,1,1,same_race,18-25_0_misdemeanor
5360,2396,,1,1,same_race,18-25_0_misdemeanor
6803,1861,,1,1,same_race,18-25_0_misdemeanor
5360,527,,1,0,cross_race,18-25_0_misdemeanor
6201,3278,,1,0,cross_race,18-25_0_misdemeanor
1640,4943,,0,0,same_race,18-25_0_misdemeanor
2234,5370,,0,1,cross_race,18-25_0_misdemeanor
1111,3278,,1,0,cross_race,18-25_0_misdemeanor
6806,1846,,0,1,cross_race,18-25_0_misdemeanor
5360,720,,1,0,cross_race,18-25_0_misdemeanor
5169,3176,,1,1,same_race,18-25_0_misdemeanor
1640,4745,,0,1,cross_race,18-25_0_misdemeanor
3499,6987,,1,1,same_race,18-25_0_misdemeanor
4404,3498,,1,0,cross_race,18-25_0_misdemeanor
5725,6217,,0,0,same_race,18-25_0_misdemeanor
3176,4943,,1,0,cross_race,18-25_0_misdemeanor
3499,6770,,1,0,cross_race,18-25_0_misdemeanor
6806,3087,,0,1,cross_race,18-25_0_misdemeanor
1175,3176,,1,1,same_race,18-25_0_misdemeanor
5360,1861,,1,1,same_race,18-25_0_misdemeanor
5169,2930,,1,1,same_race,18-25_0_misdemeanor
4404,6788,,1,1,same_race,18-25_0_misdemeanor
1175,1111,,1,1,same_race,18-25_0_misdemeanor
5169,946,,1,0,cross_race,18-25_0_misdemeanor
2930,6987,,1,1,same_race,18-25_0_misdemeanor
5169,6987,,1,1,same_race,18-25_0_misdemeanor
6806,1111,,0,1,cross_race,18-25_0_misdemeanor
4851,6047,,1,1,same_race,18-25_0_misdemeanor
3342,5169,,1,1,same_race,18-25_0_misdemeanor
527,3300,,0,1,cross_race,18-25_0_misdemeanor
720,3278,,0,0,same_race,18-25_0_misdemeanor
3342,6532,,1,1,same_race,18-25_0_misdemeanor
3087,2396,,1,1,same_race,18-25_0_misdemeanor
4943,947,,0,0,same_race,18-25_0_misdemeanor
4745,5370,,1,1,same_race,18-25_0_misdemeanor
1175,6201,,1,1,same_race,18-25_0_misdemeanor
720,3498,,0,0,same_race,18-25_0_misdemeanor
1111,720,,1,0,cross_race,18-25_0_misdemeanor
6806,3300,,0,1,cross_race,18-25_0_misdemeanor
6806,6201,,0,1,cross_race,18-25_0_misdemeanor
1640,6803,,0,1,cross_race,18-25_0_misdemeanor
4851,1219,,1,1,same_race,18-25_0_misdemeanor
1640,5360,,0,1,cross_race,18-25_0_misdemeanor
3342,1861,,1,1,same_race,18-25_0_misdemeanor
6201,3300,,1,1,same_race,18-25_0_misdemeanor
720,947,,0,0,same_race,18-25_0_misdemeanor
720,2396,,0,1,cross_race,18-25_0_misdemeanor
3342,6803,,1,1,same_race,18-25_0_misdemeanor
3499,1846,,1,1,same_race,18-25_0_misdemeanor
4851,1861,,1,1,same_race,18-25_0_misdemeanor
720,3087,,0,1,cross_race,18-25_0_misdemeanor
2234,1640,,0,0,same_race,18-25_0_misdemeanor
6201,1219,,1,1,same_race,18-25_0_misdemeanor
2234,3300,,0,1,cross_race,18-25_0_misdemeanor
3176,4404,,1,1,same_race,18-25_0_misdemeanor
6803,947,,1,0,cross_race,18-25_0_misdemeanor
4404,946,,1,0,cross_race,18-25_0_misdemeanor
4404,720,,1,0,cross_race,18-25_0_misdemeanor
2234,6047,,0,1,cross_race,18-25_0_misdemeanor
3342,527,,1,0,cross_race,18-25_0_misdemeanor
5169,6770,,1,0,cross_race,18-25_0_misdemeanor
946,3300,,0,1,cross_race,18-25_0_misdemeanor
4851,2396,,1,1,same_race,18-25_0_misdemeanor
6553,1219,,0,1,cross_race,18-25_0_misdemeanor
6532,3498,,1,0,cross_race,18-25_0_misdemeanor
6201,6803,,1,1,same_race,18-25_0_misdemeanor
2234,3530,,0,1,cross_race,18-25_0_misdemeanor
6770,5370,,0,1,cross_race,18-25_0_misdemeanor
6788,3300,,1,1,same_race,18-25_0_misdemeanor
4851,3342,,1,1,same_race,18-25_0_misdemeanor
3087,946,,1,0,cross_race,18-25_0_misdemeanor
1640,946,,0,0,same_race,18-25_0_misdemeanor
1111,1861,,1,1,same_race,18-25_0_misdemeanor
1175,1846,,1,1,same_race,18-25_0_misdemeanor
6803,6217,,1,0,cross_race,18-25_0_misdemeanor
3087,6217,,1,0,cross_race,18-25_0_misdemeanor
2234,5725,,0,0,same_race,18-25_0_misdemeanor
1640,2396,,0,1,cross_race,18-25_0_misdemeanor
1219,6987,,1,1,same_race,18-25_0_misdemeanor
2396,6217,,1,0,cross_race,18-25_0_misdemeanor
4404,1219,,1,1,same_race,18-25_0_misdemeanor
1640,1219,,0,1,cross_race,18-25_0_misdemeanor
6806,5360,,0,1,cross_race,18-25_0_misdemeanor
6201,3530,,1,1,same_race,18-25_0_misdemeanor
4943,3530,,0,1,cross_race,18-25_0_misdemeanor
946,947,,0,0,same_race,18-25_0_misdemeanor
1175,4404,,1,1,same_race,18-25_0_misdemeanor
6201,6217,,1,0,cross_race,18-25_0_misdemeanor
6987,6788,,1,1,same_race,18-25_0_misdemeanor
947,3530,,0,1,cross_race,18-25_0_misdemeanor
6803,6770,,1,0,cross_race,18-25_0_misdemeanor
4851,1846,,1,1,same_race,18-25_0_misdemeanor
4404,5725,,1,0,cross_race,18-25_0_misdemeanor
3087,1861,,1,1,same_race,18-25_0_misdemeanor
3342,6553,,1,0,cross_race,18-25_0_misdemeanor
1640,3300,,0,1,cross_race,18-25_0_misdemeanor
5360,6803,,1,1,same_race,18-25_0_misdemeanor
1111,946,,1,0,cross_race,18-25_0_misdemeanor
6553,3278,,0,0,same_race,18-25_0_misdemeanor
5169,5360,,1,1,same_race,18-25_0_misdemeanor
1175,2396,,1,1,same_race,18-25_0_misdemeanor
3278,6217,,0,0,same_race,18-25_0_misdemeanor
5370,6047,,1,1,same_race,18-25_0_misdemeanor
2234,6201,,0,1,cross_race,18-25_0_misdemeanor
1175,4745,,1,1,same_race,18-25_0_misdemeanor
1175,6047,,1,1,same_race,18-25_0_misdemeanor
6806,5725,,0,0,same_race,18-25_0_misdemeanor
5169,3499,,1,1,same_race,18-25_0_misdemeanor
6553,6047,,0,1,cross_race,18-25_0_misdemeanor
6201,527,,1,0,cross_race,18-25_0_misdemeanor
4851,3499,,1,1,same_race,18-25_0_misdemeanor
5169,6047,,1,1,same_race,18-25_0_misdemeanor
3342,4943,,1,0,cross_race,18-25_0_misdemeanor
5169,1846,,1,1,same_race,18-25_0_misdemeanor
4745,5725,,1,0,cross_race,18-25_0_misdemeanor
4404,3300,,1,1,same_race,18-25_0_misdemeanor
5169,4943,,1,0,cross_race,18-25_0_misdemeanor
1219,3278,,1,0,cross_race,18-25_0_misdemeanor
3087,947,,1,0,cross_race,18-25_0_misdemeanor
4943,3278,,0,0,same_race,18-25_0_misdemeanor
6201,1861,,1,1,same_race,18-25_0_misdemeanor
3499,3278,,1,0,cross_race,18-25_0_misdemeanor
2234,6553,,0,0,same_race,18-25_0_misdemeanor
2930,6803,,1,1,same_race,18-25_0_misdemeanor
3530,6217,,1,0,cross_race,18-25_0_misdemeanor
3499,1219,,1,1,same_race,18-25_0_misdemeanor
3087,6770,,1,0,cross_race,18-25_0_misdemeanor
6201,6770,,1,0,cross_race,18-25_0_misdemeanor
6987,3530,,1,1,same_race,18-25_0_misdemeanor
5169,527,,1,0,cross_race,18-25_0_misdemeanor
1846,947,,1,0,cross_race,18-25_0_misdemeanor
3499,6201,,1,1,same_race,18-25_0_misdemeanor
2578,6074,,1,1,same_race,26-35_3-5_felony
32,4727,,1,1,same_race,26-35_3-5_felony
2179,6922,,1,0,cross_race,26-35_3-5_felony
3771,3185,,1,1,same_race,26-35_3-5_felony
2402,5515,,1,0,cross_race,26-35_3-5_felony
3658,5036,,1,1,same_race,26-35_3-5_felony
7007,6074,,1,1,same_race,26-35_3-5_felony
5672,3921,,1,1,same_race,26-35_3-5_felony
3185,4663,,1,1,same_race,26-35_3-5_felony
3926,6922,,0,0,same_race,26-35_3-5_felony
4897,3741,,1,1,same_race,26-35_3-5_felony
3111,5515,,0,0,same_race,26-35_3-5_felony
1699,3010,,0,1,cross_race,26-35_3-5_felony
312,6922,,1,0,cross_race,26-35_3-5_felony
29,3010,,1,1,same_race,26-35_3-5_felony
6730,3741,,1,1,same_race,26-35_3-5_felony
3658,5515,,1,0,cross_race,26-35_3-5_felony
2402,4546,,1,1,same_race,26-35_3-5_felony
4778,3191,,1,1,same_race,26-35_3-5_felony
1699,5672,,0,1,cross_race,26-35_3-5_felony
7007,3926,,1,0,cross_race,26-35_3-5_felony
3573,1790,,0,0,same_race,26-35_3-5_felony
766,312,,1,1,same_race,26-35_3-5_felony
3658,6074,,1,1,same_race,26-35_3-5_felony
2954,4834,,1,0,cross_race,26-35_3-5_felony
3010,4283,,1,1,same_race,26-35_3-5_felony
3191,6050,,1,0,cross_race,26-35_3-5_felony
2179,4834,,1,0,cross_race,26-35_3-5_felony
65,1699,,1,0,cross_race,26-35_3-5_felony
6050,6922,,0,0,same_race,26-35_3-5_felony
65,4117,,1,0,cross_race,26-35_3-5_felony
5672,3658,,1,1,same_race,26-35_3-5_felony
2179,5036,,1,1,same_race,26-35_3-5_felony
2578,4663,,1,1,same_race,26-35_3-5_felony
4834,543,,0,1,cross_race,26-35_3-5_felony
4546,3921,,1,1,same_race,26-35_3-5_felony
2179,6723,,1,0,cross_race,26-35_3-5_felony
3658,2578,,1,1,same_race,26-35_3-5_felony
5705,3697,,0,1,cross_race,26-35_3-5_felony
766,5036,,1,1,same_race,26-35_3-5_felony
3241,6050,,1,0,cross_race,26-35_3-5_felony
432,4286,,1,0,cross_race,26-35_3-5_felony
2954,6730,,1,1,same_race,26-35_3-5_felony
2709,3185,,1,1,same_race,26-35_3-5_felony
432,766,,1,1,same_race,26-35_3-5_felony
4778,2663,,1,0,cross_race,26-35_3-5_felony
3241,1906,,1,1,same_race,26-35_3-5_felony
4834,4897,,0,1,cross_race,26-35_3-5_felony
3926,766,,0,1,cross_race,26-35_3-5_felony
5672,5036,,1,1,same_race,26-35_3-5_felony
7007,4897,,1,1,same_race,26-35_3-5_felony
3191,4117,,1,0,cross_race,26-35_3-5_felony
6922,5515,,0,0,same_race,26-35_3-5_felony
3921,4663,,1,1,same_race,26-35_3-5_felony
4546,4727,,1,1,same_race,26-35_3-5_felony
543,312,,1,1,same_race,26-35_3-5_felony
3697,5036,,1,1,same_race,26-35_3-5_felony
7007,1254,,1,1,same_race,26-35_3-5_felony
4546,6723,,1,0,cross_race,26-35_3-5_felony
4117,5515,,0,0,same_race,26-35_3-5_felony
2663,6723,,0,0,same_race,26-35_3-5_felony
2179,6730,,1,1,same_race,26-35_3-5_felony
1254,1790,,1,0,cross_race,26-35_3-5_felony
432,2663,,1,0,cross_race,26-35_3-5_felony
3191,4283,,1,1,same_race,26-35_3-5_felony
5705,6723,,0,0,same_race,26-35_3-5_felony
5705,2392,,0,1,cross_race,26-35_3-5_felony
65,4727,,1,1,same_race,26-35_3-5_felony
7007,4842,,1,1,same_race,26-35_3-5_felony
6510,4283,,1,1,same_race,26-35_3-5_felony
4834,2392,,0,1,cross_race,26-35_3-5_felony
3697,1790,,1,0,cross_race,26-35_3-5_felony
6510,4117,,1,0,cross_race,26-35_3-5_felony
1699,4727,,0,1,cross_race,26-35_3-5_felony
2709,4283,,1,1,same_race,26-35_3-5_felony
29,432,,1,1,same_race,26-35_3-5_felony
5705,312,,0,1,cross_race,26-35_3-5_felony
2402,4727,,1,1,same_race,26-35_3-5_felony
3921,3111,,1,0,cross_race,26-35_3-5_felony
3921,4117,,1,0,cross_race,26-35_3-5_felony
7007,3111,,1,0,cross_race,26-35_3-5_felony
5705,1790,,0,0,same_race,26-35_3-5_felony
766,1906,,1,1,same_race,26-35_3-5_felony
766,3741,,1,1,same_race,26-35_3-5_felony
6730,3111,,1,0,cross_race,26-35_3-5_felony
1699,6050,,0,0,same_race,26-35_3-5_felony
6050,766,,0,1,cross_race,26-35_3-5_felony
3185,5515,,1,0,cross_race,26-35_3-5_felony
5705,1254,,0,1,cross_race,26-35_3-5_felony
3111,3185,,0,1,cross_race,26-35_3-5_felony
4834,3185,,0,1,cross_race,26-35_3-5_felony
3658,4283,,1,1,same_race,26-35_3-5_felony
4778,4286,,1,0,cross_race,26-35_3-5_felony
1254,3111,,1,0,cross_race,26-35_3-5_felony
3241,2179,,1,1,same_race,26-35_3-5_felony
3191,2709,,1,1,same_race,26-35_3-5_felony
32,2663,,1,0,cross_race,26-35_3-5_felony
6510,2709,,1,1,same_race,26-35_3-5_felony
29,32,,1,1,same_race,26-35_3-5_felony
65,3771,,1,1,same_race,26-35_3-5_felony
3010,312,,1,1,same_race,26-35_3-5_felony
6730,766,,1,1,same_race,26-35_3-5_felony
5744,4283,,0,1,cross_race,26-35_3-5_felony
65,4834,,1,0,cross_race,26-35_3-5_felony
3241,3921,,1,1,same_race,26-35_3-5_felony
5672,1790,,1,0,cross_race,26-35_3-5_felony
4778,4842,,1,1,same_race,26-35_3-5_felony
4117,4663,,0,1,cross_race,26-35_3-5_felony
3191,3741,,1,1,same_race,26-35_3-5_felony
3191,5036,,1,1,same_race,26-35_3-5_felony
3573,766,,0,1,cross_race,26-35_3-5_felony
4842,312,,1,1,same_race,26-35_3-5_felony
2392,4663,,1,1,same_race,26-35_3-5_felony
4778,3573,,1,0,cross_race,26-35_3-5_felony
65,4283,,1,1,same_race,26-35_3-5_felony
4842,3741,,1,1,same_race,26-35_3-5_felony
6723,1906,,0,1,cross_race,26-35_3-5_felony
6510,6074,,1,1,same_race,26-35_3-5_felony
2179,2663,,1,0,cross_race,26-35_3-5_felony
2578,1906,,1,1,same_race,26-35_3-5_felony
3573,2709,,0,1,cross_race,26-35_3-5_felony
3697,312,,1,1,same_race,26-35_3-5_felony
5744,6074,,0,1,cross_race,26-35_3-5_felony
6730,5036,,1,1,same_race,26-35_3-5_felony
65,3111,,1,0,cross_race,26-35_3-5_felony
1790,1906,,0,1,cross_race,26-35_3-5_felony
4834,3573,,0,0,same_race,26-35_3-5_felony
6730,2392,,1,1,same_race,26-35_3-5_felony
4546,1906,,1,1,same_race,26-35_3-5_felony
2179,2709,,1,1,same_race,26-35_3-5_felony
3926,3741,,0,1,cross_race,26-35_3-5_felony
29,4834,,1,0,cross_race,26-35_3-5_felony
3921,2578,,1,1,same_race,26-35_3-5_felony
5672,6074,,1,1,same_race,26-35_3-5_felony
6922,6074,,0,1,cross_race,26-35_3-5_felony
3771,4842,,1,1,same_race,26-35_3-5_felony
2402,6730,,1,1,same_race,26-35_3-5_felony
2954,3111,,1,0,cross_race,26-35_3-5_felony
5672,2578,,1,1,same_race,26-35_3-5_felony
6510,1254,,1,1,same_race,26-35_3-5_felony
766,3185,,1,1,same_race,26-35_3-5_felony
2954,2663,,1,0,cross_race,26-35_3-5_felony
543,2709,,1,1,same_race,26-35_3-5_felony
6730,6723,,1,0,cross_race,26-35_3-5_felony
3741,4663,,1,1,same_race,26-35_3-5_felony
5744,2392,,0,1,cross_race,26-35_3-5_felony
4842,3921,,1,1,same_race,26-35_3-5_felony
3111,6074,,0,1,cross_race,26-35_3-5_felony
65,2709,,1,1,same_race,26-35_3-5_felony
4778,312,,1,1,same_race,26-35_3-5_felony
2954,2709,,1,1,same_race,26-35_3-5_felony
32,432,,1,1,same_race,26-35_3-5_felony
1699,432,,0,1,cross_race,26-35_3-5_felony
3697,4286,,1,0,cross_race,26-35_3-5_felony
5705,6074,,0,1,cross_race,26-35_3-5_felony
5744,32,,0,1,cross_race,26-35_3-5_felony
5705,3111,,0,0,same_race,26-35_3-5_felony
65,3010,,1,1,same_race,26-35_3-5_felony
6922,6723,,0,0,same_race,26-35_3-5_felony
312,6074,,1,1,same_race,26-35_3-5_felony
4842,6050,,1,0,cross_race,26-35_3-5_felony
3191,3926,,1,0,cross_race,26-35_3-5_felony
2709,4663,,1,1,same_race,26-35_3-5_felony
7007,4663,,1,1,same_race,26-35_3-5_felony
5744,2954,,0,1,cross_race,26-35_3-5_felony
432,1254,,1,1,same_race,26-35_3-5_felony
3741,6723,,1,0,cross_race,26-35_3-5_felony
432,3185,,1,1,same_race,26-35_3-5_felony
3241,6723,,1,0,cross_race,26-35_3-5_felony
3741,4286,,1,0,cross_race,26-35_3-5_felony
3010,1790,,1,0,cross_race,26-35_3-5_felony
1699,2709,,0,1,cross_race,26-35_3-5_felony
6050,5515,,0,0,same_race,26-35_3-5_felony
3111,2578,,0,1,cross_race,26-35_3-5_felony
32,2709,,1,1,same_race,26-35_3-5_felony
4897,4286,,1,0,cross_race,26-35_3-5_felony
4842,2392,,1,1,same_race,26-35_3-5_felony
3771,3921,,1,1,same_race,26-35_3-5_felony
3658,4286,,1,0,cross_race,26-35_3-5_felony
3658,4897,,1,1,same_race,26-35_3-5_felony
29,3921,,1,1,same_race,26-35_3-5_felony
4897,312,,1,1,same_race,26-35_3-5_felony
4842,1790,,1,0,cross_race,26-35_3-5_felony
5705,2402,,0,1,cross_race,26-35_3-5_felony
2663,5515,,0,0,same_race,26-35_3-5_felony
2709,6922,,1,0,cross_race,26-35_3-5_felony
2954,3185,,1,1,same_race,26-35_3-5_felony
6074,4663,,1,1,same_race,26-35_3-5_felony
6510,4834,,1,0,cross_race,26-35_3-5_felony
3241,5705,,1,0,cross_race,26-35_3-5_felony
2392,3741,,1,1,same_race,26-35_3-5_felony
2402,4663,,1,1,same_race,26-35_3-5_felony
3191,1790,,1,0,cross_race,26-35_3-5_felony
32,6723,,1,0,cross_race,26-35_3-5_felony
3658,1790,,1,0,cross_race,26-35_3-5_felony
32,6074,,1,1,same_race,26-35_3-5_felony
1699,3771,,0,1,cross_race,26-35_3-5_felony
6510,432,,1,1,same_race,26-35_3-5_felony
5705,3921,,0,1,cross_race,26-35_3-5_felony
3241,2663,,1,0,cross_race,26-35_3-5_felony
543,4283,,1,1,same_race,26-35_3-5_felony
65,5515,,1,0,cross_race,26-35_3-5_felony
6730,2578,,1,1,same_race,26-35_3-5_felony
3921,4286,,1,0,cross_race,26-35_3-5_felony
4727,3741,,1,1,same_race,26-35_3-5_felony
3185,312,,1,1,same_race,26-35_3-5_felony
29,3111,,1,0,cross_race,26-35_3-5_felony
5744,3185,,0,1,cross_race,26-35_3-5_felony
1790,6074,,0,1,cross_race,26-35_3-5_felony
432,4117,,1,0,cross_race,26-35_3-5_felony
3658,3185,,1,1,same_race,26-35_3-5_felony
7007,3185,,1,1,same_race,26-35_3-5_felony
6050,312,,0,1,cross_race,26-35_3-5_felony
1699,4283,,0,1,cross_race,26-35_3-5_felony
2954,6074,,1,1,same_race,26-35_3-5_felony
3658,543,,1,1,same_race,26-35_3-5_felony
543,4546,,1,1,same_race,26-35_3-5_felony
3241,432,,1,1,same_race,26-35_3-5_felony
2954,4546,,1,1,same_race,26-35_3-5_felony
6074,5515,,1,0,cross_race,26-35_3-5_felony
1699,543,,0,1,cross_race,26-35_3-5_felony
3771,432,,1,1,same_race,26-35_3-5_felony
766,2663,,1,0,cross_race,26-35_3-5_felony
3771,312,,1,1,same_race,26-35_3-5_felony
3771,3191,,1,1,same_race,26-35_3-5_felony
6050,3111,,0,0,same_race,26-35_3-5_felony
4727,2578,,1,1,same_race,26-35_3-5_felony
65,2179,,1,1,same_race,26-35_3-5_felony
4727,4663,,1,1,same_race,26-35_3-5_felony
4778,5036,,1,1,same_race,26-35_3-5_felony
766,6723,,1,0,cross_race,26-35_3-5_felony
3241,543,,1,1,same_race,26-35_3-5_felony
432,543,,1,1,same_race,26-35_3-5_felony
1254,6723,,1,0,cross_race,26-35_3-5_felony
32,6922,,1,0,cross_race,26-35_3-5_felony
2179,4663,,1,1,same_race,26-35_3-5_felony
4286,6074,,0,1,cross_race,26-35_3-5_felony
2709,2392,,1,1,same_race,26-35_3-5_felony
3111,4727,,0,1,cross_race,26-35_3-5_felony
7007,3658,,1,1,same_race,26-35_3-5_felony
2402,4286,,1,0,cross_race,26-35_3-5_felony
3191,6730,,1,1,same_race,26-35_3-5_felony
65,3741,,1,1,same_race,26-35_3-5_felony
3658,2663,,1,0,cross_race,26-35_3-5_felony
2954,7007,,1,1,same_race,26-35_3-5_felony
29,5515,,1,0,cross_race,26-35_3-5_felony
4842,4546,,1,1,same_race,26-35_3-5_felony
5672,1906,,1,1,same_race,26-35_3-5_felony
3241,6730,,1,1,same_race,26-35_3-5_felony
29,4778,,1,1,same_race,26-35_3-5_felony
3185,2578,,1,1,same_race,26-35_3-5_felony
3191,4286,,1,0,cross_race,26-35_3-5_felony
3191,7007,,1,1,same_race,26-35_3-5_felony
432,1790,,1,0,cross_race,26-35_3-5_felony
3926,2578,,0,1,cross_race,26-35_3-5_felony
3771,5705,,1,0,cross_race,26-35_3-5_felony
4778,4283,,1,1,same_race,26-35_3-5_felony
5705,6730,,0,1,cross_race,26-35_3-5_felony
7007,5515,,1,0,cross_race,26-35_3-5_felony
3111,3010,,0,1,cross_race,26-35_3-5_felony
5705,6510,,0,1,cross_race,26-35_3-5_felony
4778,1790,,1,0,cross_race,26-35_3-5_felony
3010,6723,,1,0,cross_race,26-35_3-5_felony
7007,3010,,1,1,same_race,26-35_3-5_felony
3191,2402,,1,1,same_race,26-35_3-5_felony
2402,2709,,1,1,same_race,26-35_3-5_felony
2179,3697,,1,1,same_race,26-35_3-5_felony
4778,432,,1,1,same_race,26-35_3-5_felony
2709,2578,,1,1,same_race,26-35_3-5_felony
432,3697,,1,1,same_race,26-35_3-5_felony
1699,766,,0,1,cross_race,26-35_3-5_felony
2954,2578,,1,1,same_race,26-35_3-5_felony
1699,6922,,0,0,same_race,26-35_3-5_felony
3573,2578,,0,1,cross_race,26-35_3-5_felony
4842,5036,,1,1,same_race,26-35_3-5_felony
3241,312,,1,1,same_race,26-35_3-5_felony
2392,1906,,1,1,same_race,26-35_3-5_felony
4727,6074,,1,1,same_race,26-35_3-5_felony
29,2392,,1,1,same_race,26-35_3-5_felony
2709,4897,,1,1,same_race,26-35_3-5_felony
5672,4283,,1,1,same_race,26-35_3-5_felony
3741,5515,,1,0,cross_race,26-35_3-5_felony
4778,4663,,1,1,same_race,26-35_3-5_felony
2179,432,,1,1,same_race,26-35_3-5_felony
1254,1906,,1,1,same_race,26-35_3-5_felony
3771,543,,1,1,same_race,26-35_3-5_felony
5744,543,,0,1,cross_race,26-35_3-5_felony
3010,6922,,1,0,cross_race,26-35_3-5_felony
4286,6723,,0,0,same_race,26-35_3-5_felony
65,5036,,1,1,same_race,26-35_3-5_felony
5744,766,,0,1,cross_race,26-35_3-5_felony
2954,2392,,1,1,same_race,26-35_3-5_felony
543,3573,,1,0,cross_race,26-35_3-5_felony
3658,6922,,1,0,cross_race,26-35_3-5_felony
3573,6723,,0,0,same_race,26-35_3-5_felony
4842,3010,,1,1,same_race,26-35_3-5_felony
1790,2578,,0,1,cross_race,26-35_3-5_felony
4778,4727,,1,1,same_race,26-35_3-5_felony
1699,5036,,0,1,cross_race,26-35_3-5_felony
6510,1790,,1,0,cross_race,26-35_3-5_felony
3111,4663,,0,1,cross_race,26-35_3-5_felony
7007,4117,,1,0,cross_race,26-35_3-5_felony
6730,5515,,1,0,cross_race,26-35_3-5_felony
2392,6723,,1,0,cross_race,26-35_3-5_felony
2663,4286,,0,0,same_race,26-35_3-5_felony
1254,4117,,1,0,cross_race,26-35_3-5_felony
3771,4727,,1,1,same_race,26-35_3-5_felony
432,4663,,1,1,same_race,26-35_3-5_felony
6510,6730,,1,1,same_race,26-35_3-5_felony
6510,5515,,1,0,cross_race,26-35_3-5_felony
4778,3926,,1,0,cross_race,26-35_3-5_felony
3926,1790,,0,0,same_race,26-35_3-5_felony
65,4546,,1,1,same_race,26-35_3-5_felony
6730,3185,,1,1,same_race,26-35_3-5_felony
1699,4546,,0,1,cross_race,26-35_3-5_felony
3926,312,,0,1,cross_race,26-35_3-5_felony
2709,4117,,1,0,cross_race,26-35_3-5_felony
29,3241,,1,1,same_race,26-35_3-5_felony
1254,4286,,1,0,cross_race,26-35_3-5_felony
2402,5672,,1,1,same_race,26-35_3-5_felony
4834,5515,,0,0,same_race,26-35_3-5_felony
4897,3185,,1,1,same_race,26-35_3-5_felony
3191,543,,1,1,same_race,26-35_3-5_felony
6050,543,,0,1,cross_race,26-35_3-5_felony
3191,4546,,1,1,same_race,26-35_3-5_felony
65,3185,,1,1,same_race,26-35_3-5_felony
3921,3741,,1,1,same_race,26-35_3-5_felony
6922,2578,,0,1,cross_race,26-35_3-5_felony
7007,3741,,1,1,same_race,26-35_3-5_felony
3573,1254,,0,1,cross_race,26-35_3-5_felony
3697,6050,,1,0,cross_race,26-35_3-5_felony
3191,2954,,1,1,same_race,26-35_3-5_felony
4546,2392,,1,1,same_race,26-35_3-5_felony
3111,5036,,0,1,cross_race,26-35_3-5_felony
2402,3921,,1,1,same_race,26-35_3-5_felony
32,3010,,1,1,same_race,26-35_3-5_felony
4778,2954,,1,1,same_race,26-35_3-5_felony
2402,543,,1,1,same_race,26-35_3-5_felony
3241,6510,,1,1,same_race,26-35_3-5_felony
6730,4727,,1,1,same_race,26-35_3-5_felony
7007,2663,,1,0,cross_race,26-35_3-5_felony
1699,6510,,0,1,cross_race,26-35_3-5_felony
2954,4727,,1,1,same_race,26-35_3-5_felony
766,2392,,1,1,same_race,26-35_3-5_felony
2578,5515,,1,0,cross_race,26-35_3-5_felony
2954,6050,,1,0,cross_race,26-35_3-5_felony
3921,6723,,1,0,cross_race,26-35_3-5_felony
5705,3010,,0,1,cross_race,26-35_3-5_felony
3926,543,,0,1,cross_race,26-35_3-5_felony
4117,5036,,0,1,cross_race,26-35_3-5_felony
2578,4283,,1,1,same_race,26-35_3-5_felony
2709,3741,,1,1,same_race,26-35_3-5_felony
2179,3185,,1,1,same_race,26-35_3-5_felony
6922,5036,,0,1,cross_race,26-35_3-5_felony
3658,4546,,1,1,same_race,26-35_3-5_felony
3771,4834,,1,0,cross_race,26-35_3-5_felony
4778,2179,,1,1,same_race,26-35_3-5_felony
5705,2663,,0,0,same_race,26-35_3-5_felony
6730,1790,,1,0,cross_race,26-35_3-5_felony
4546,4663,,1,1,same_race,26-35_3-5_felony
6050,2663,,0,0,same_race,26-35_3-5_felony
29,5672,,1,1,same_race,26-35_3-5_felony
6074,1906,,1,1,same_race,26-35_3-5_felony
1699,2663,,0,0,same_race,26-35_3-5_felony
5672,5515,,1,0,cross_race,26-35_3-5_felony
4834,2578,,0,1,cross_race,26-35_3-5_felony
2179,3010,,1,1,same_race,26-35_3-5_felony
5672,4546,,1,1,same_race,26-35_3-5_felony
3921,3010,,1,1,same_race,26-35_3-5_felony
432,5515,,1,0,cross_race,26-35_3-5_felony
3573,3010,,0,1,cross_race,26-35_3-5_felony
543,4897,,1,1,same_race,26-35_3-5_felony
3111,3741,,0,1,cross_race,26-35_3-5_felony
4778,4834,,1,0,cross_race,26-35_3-5_felony
4778,2709,,1,1,same_race,26-35_3-5_felony
3573,2392,,0,1,cross_race,26-35_3-5_felony
2179,2578,,1,1,same_race,26-35_3-5_felony
7007,4286,,1,0,cross_race,26-35_3-5_felony
3697,6922,,1,0,cross_race,26-35_3-5_felony
5744,7007,,0,1,cross_race,26-35_3-5_felony
3191,4897,,1,1,same_race,26-35_3-5_felony
4842,1906,,1,1,same_race,26-35_3-5_felony
3697,4727,,1,1,same_race,26-35_3-5_felony
432,3741,,1,1,same_race,26-35_3-5_felony
32,3111,,1,0,cross_race,26-35_3-5_felony
29,6074,,1,1,same_race,26-35_3-5_felony
3741,6922,,1,0,cross_race,26-35_3-5_felony
2402,2179,,1,1,same_race,26-35_3-5_felony
2402,4842,,1,1,same_race,26-35_3-5_felony
32,2179,,1,1,same_race,26-35_3-5_felony
3926,5515,,0,0,same_race,26-35_3-5_felony
4834,3926,,0,0,same_race,26-35_3-5_felony
432,3921,,1,1,same_race,26-35_3-5_felony
5705,5672,,0,1,cross_race,26-35_3-5_felony
32,543,,1,1,same_race,26-35_3-5_felony
432,4546,,1,1,same_race,26-35_3-5_felony
766,3010,,1,1,same_race,26-35_3-5_felony
4286,4117,,0,0,same_race,26-35_3-5_felony
1790,4663,,0,1,cross_race,26-35_3-5_felony
3697,1254,,1,1,same_race,26-35_3-5_felony
3573,4117,,0,0,same_race,26-35_3-5_felony
432,6730,,1,1,same_race,26-35_3-5_felony
5705,5515,,0,0,same_race,26-35_3-5_felony
3771,5515,,1,0,cross_race,26-35_3-5_felony
2402,3111,,1,0,cross_race,26-35_3-5_felony
4778,3010,,1,1,same_race,26-35_3-5_felony
1254,6922,,1,0,cross_race,26-35_3-5_felony
6730,2663,,1,0,cross_race,26-35_3-5_felony
65,2578,,1,1,same_race,26-35_3-5_felony
6922,4283,,0,1,cross_race,26-35_3-5_felony
32,1906,,1,1,same_race,26-35_3-5_felony
2954,1790,,1,0,cross_race,26-35_3-5_felony
3771,3926,,1,0,cross_race,26-35_3-5_felony
3926,4663,,0,1,cross_race,26-35_3-5_felony
3771,6922,,1,0,cross_race,26-35_3-5_felony
32,4546,,1,1,same_race,26-35_3-5_felony
5705,5036,,0,1,cross_race,26-35_3-5_felony
2402,4897,,1,1,same_race,26-35_3-5_felony
65,6730,,1,1,same_race,26-35_3-5_felony
3741,4117,,1,0,cross_race,26-35_3-5_felony
2402,6074,,1,1,same_race,26-35_3-5_felony
4727,5515,,1,0,cross_race,26-35_3-5_felony
4778,766,,1,1,same_race,26-35_3-5_felony
3573,4663,,0,1,cross_race,26-35_3-5_felony
4546,2709,,1,1,same_race,26-35_3-5_felony
1699,3697,,0,1,cross_race,26-35_3-5_felony
6730,3921,,1,1,same_race,26-35_3-5_felony
3771,6730,,1,1,same_race,26-35_3-5_felony
2954,432,,1,1,same_race,26-35_3-5_felony
5705,766,,0,1,cross_race,26-35_3-5_felony
29,65,,1,1,same_race,26-35_3-5_felony
3926,1906,,0,1,cross_race,26-35_3-5_felony
6922,4663,,0,1,cross_race,26-35_3-5_felony
3241,4283,,1,1,same_race,26-35_3-5_felony
5672,3573,,1,0,cross_race,26-35_3-5_felony
2709,766,,1,1,same_race,26-35_3-5_felony
3111,6922,,0,0,same_race,26-35_3-5_felony
3697,3573,,1,0,cross_race,26-35_3-5_felony
6510,3111,,1,0,cross_race,26-35_3-5_felony
2392,4283,,1,1,same_race,26-35_3-5_felony
3573,5515,,0,0,same_race,26-35_3-5_felony
6730,2709,,1,1,same_race,26-35_3-5_felony
7007,432,,1,1,same_race,26-35_3-5_felony
3111,312,,0,1,cross_race,26-35_3-5_felony
3573,4727,,0,1,cross_race,26-35_3-5_felony
1790,5036,,0,1,cross_race,26-35_3-5_felony
2954,3010,,1,1,same_race,26-35_3-5_felony
65,4286,,1,0,cross_race,26-35_3-5_felony
4546,5036,,1,1,same_race,26-35_3-5_felony
312,4663,,1,1,same_race,26-35_3-5_felony
29,4117,,1,0,cross_race,26-35_3-5_felony
6510,5672,,1,1,same_race,26-35_3-5_felony
2392,312,,1,1,same_race,26-35_3-5_felony
7007,6050,,1,0,cross_race,26-35_3-5_felony
3697,2578,,1,1,same_race,26-35_3-5_felony
2392,2578,,1,1,same_race,26-35_3-5_felony
3658,4727,,1,1,same_race,26-35_3-5_felony
5705,543,,0,1,cross_race,26-35_3-5_felony
6050,4897,,0,1,cross_race,26-35_3-5_felony
543,4663,,1,1,same_race,26-35_3-5_felony
432,2392,,1,1,same_race,26-35_3-5_felony
1699,1906,,0,1,cross_race,26-35_3-5_felony
3921,5515,,1,0,cross_race,26-35_3-5_felony
5705,4897,,0,1,cross_race,26-35_3-5_felony
4842,3111,,1,0,cross_race,26-35_3-5_felony
6050,6723,,0,0,same_race,26-35_3-5_felony
1699,2179,,0,1,cross_race,26-35_3-5_felony
29,4727,,1,1,same_race,26-35_3-5_felony
3921,6922,,1,0,cross_race,26-35_3-5_felony
29,3697,,1,1,same_race,26-35_3-5_felony
312,5515,,1,0,cross_race,26-35_3-5_felony
4546,766,,1,1,same_race,26-35_3-5_felony
29,543,,1,1,same_race,26-35_3-5_felony
5672,4286,,1,0,cross_race,26-35_3-5_felony
1699,312,,0,1,cross_race,26-35_3-5_felony
4286,5515,,0,0,same_race,26-35_3-5_felony
5672,2663,,1,0,cross_race,26-35_3-5_felony
4842,2709,,1,1,same_race,26-35_3-5_felony
543,3010,,1,1,same_race,26-35_3-5_felony
4663,4283,,1,1,same_race,26-35_3-5_felony
6510,2179,,1,1,same_race,26-35_3-5_felony
5744,3771,,0,1,cross_race,26-35_3-5_felony
3191,3658,,1,1,same_race,26-35_3-5_felony
32,5672,,1,1,same_race,26-35_3-5_felony
2392,5515,,1,0,cross_race,26-35_3-5_felony
65,5705,,1,0,cross_race,26-35_3-5_felony
65,4897,,1,1,same_race,26-35_3-5_felony
2402,766,,1,1,same_race,26-35_3-5_felony
32,2402,,1,1,same_race,26-35_3-5_felony
766,1254,,1,1,same_race,26-35_3-5_felony
3573,1906,,0,1,cross_race,26-35_3-5_felony
432,6050,,1,0,cross_race,26-35_3-5_felony
312,4286,,1,0,cross_race,26-35_3-5_felony
5705,3658,,0,1,cross_race,26-35_3-5_felony
5672,312,,1,1,same_race,26-35_3-5_felony
4842,2663,,1,0,cross_race,26-35_3-5_felony
5672,3010,,1,1,same_race,26-35_3-5_felony
4286,2578,,0,1,cross_race,26-35_3-5_felony
32,3741,,1,1,same_race,26-35_3-5_felony
3191,4727,,1,1,same_race,26-35_3-5_felony
4517,6159,,1,0,cross_race,26-35_1-2_felony
4315,149,,0,1,cross_race,26-35_1-2_felony
3268,3366,,0,1,cross_race,26-35_1-2_felony
459,884,,0,1,cross_race,26-35_1-2_felony
2027,1441,,1,1,same_race,26-35_1-2_felony
1778,5676,,1,1,same_race,26-35_1-2_felony
2002,801,,0,0,same_race,26-35_1-2_felony
459,2067,,0,1,cross_race,26-35_1-2_felony
205,5364,,1,1,same_race,26-35_1-2_felony
238,3570,,0,0,same_race,26-35_1-2_felony
2855,801,,1,0,cross_race,26-35_1-2_felony
2067,1425,,1,1,same_race,26-35_1-2_felony
3436,3881,,1,0,cross_race,26-35_1-2_felony
5425,3327,,1,0,cross_race,26-35_1-2_felony
4320,1681,,1,0,cross_race,26-35_1-2_felony
1681,4315,,0,0,same_race,26-35_1-2_felony
4517,2248,,1,0,cross_race,26-35_1-2_felony
149,2248,,1,0,cross_race,26-35_1-2_felony
4113,1425,,0,1,cross_race,26-35_1-2_felony
387,2248,,1,0,cross_race,26-35_1-2_felony
238,4691,,0,1,cross_race,26-35_1-2_felony
387,7109,,1,1,same_race,26-35_1-2_felony
6935,1425,,1,1,same_race,26-35_1-2_felony
4320,3268,,1,0,cross_race,26-35_1-2_felony
6618,6177,,1,1,same_race,26-35_1-2_felony
2067,4405,,1,0,cross_race,26-35_1-2_felony
4315,238,,0,0,same_race,26-35_1-2_felony
7017,2460,,1,0,cross_race,26-35_1-2_felony
2002,3268,,0,0,same_race,26-35_1-2_felony
2855,6075,,1,1,same_race,26-35_1-2_felony
6075,3366,,1,1,same_race,26-35_1-2_felony
205,7109,,1,1,same_race,26-35_1-2_felony
1778,50,,1,0,cross_race,26-35_1-2_felony
3317,4405,,1,0,cross_race,26-35_1-2_felony
2067,3192,,1,1,same_race,26-35_1-2_felony
6618,4691,,1,1,same_race,26-35_1-2_felony
1778,6177,,1,1,same_race,26-35_1-2_felony
4272,6618,,1,1,same_race,26-35_1-2_felony
3279,6935,,0,1,cross_race,26-35_1-2_felony
3279,5364,,0,1,cross_race,26-35_1-2_felony
4320,3952,,1,1,same_race,26-35_1-2_felony
4272,238,,1,0,cross_race,26-35_1-2_felony
4315,4424,,0,0,same_race,26-35_1-2_felony
149,3327,,1,0,cross_race,26-35_1-2_felony
3150,4424,,1,0,cross_race,26-35_1-2_felony
3279,6618,,0,1,cross_race,26-35_1-2_felony
7017,2841,,1,1,same_race,26-35_1-2_felony
5676,2460,,1,0,cross_race,26-35_1-2_felony
459,4405,,0,0,same_race,26-35_1-2_felony
1778,3266,,1,0,cross_race,26-35_1-2_felony
3266,2841,,0,1,cross_race,26-35_1-2_felony
2067,6177,,1,1,same_race,26-35_1-2_felony
3192,205,,1,1,same_race,26-35_1-2_felony
3317,3266,,1,0,cross_race,26-35_1-2_felony
2460,884,,0,1,cross_race,26-35_1-2_felony
5425,3192,,1,1,same_race,26-35_1-2_felony
459,2855,,0,1,cross_race,26-35_1-2_felony
1368,884,,1,1,same_race,26-35_1-2_felony
4405,2248,,0,0,same_race,26-35_1-2_felony
4272,4532,,1,0,cross_race,26-35_1-2_felony
5449,50,,1,0,cross_race,26-35_1-2_felony
3150,3192,,1,1,same_race,26-35_1-2_felony
1441,2248,,1,0,cross_race,26-35_1-2_felony
3570,1425,,0,1,cross_race,26-35_1-2_felony
7017,1624,,1,1,same_race,26-35_1-2_felony
238,5364,,0,1,cross_race,26-35_1-2_felony
4272,1425,,1,1,same_race,26-35_1-2_felony
4272,1441,,1,1,same_race,26-35_1-2_felony
3150,5676,,1,1,same_race,26-35_1-2_felony
5425,4424,,1,0,cross_race,26-35_1-2_felony
238,5980,,0,1,cross_race,26-35_1-2_felony
7017,1681,,1,0,cross_race,26-35_1-2_felony
1681,6935,,0,1,cross_race,26-35_1-2_felony
3436,4424,,1,0,cross_race,26-35_1-2_felony
5449,6159,,1,0,cross_race,26-35_1-2_felony
459,3784,,0,0,same_race,26-35_1-2_felony
4517,2841,,1,1,same_race,26-35_1-2_felony
2855,1425,,1,1,same_race,26-35_1-2_felony
2855,7109,,1,1,same_race,26-35_1-2_felony
205,6935,,1,1,same_race,26-35_1-2_felony
2855,884,,1,1,same_race,26-35_1-2_felony
5980,2841,,1,1,same_race,26-35_1-2_felony
3436,205,,1,1,same_race,26-35_1-2_felony
4315,3327,,0,0,same_race,26-35_1-2_felony
4424,6618,,0,1,cross_race,26-35_1-2_felony
5364,4691,,1,1,same_race,26-35_1-2_felony
5425,3366,,1,1,same_race,26-35_1-2_felony
3569,205,,0,1,cross_race,26-35_1-2_felony
1778,7109,,1,1,same_race,26-35_1-2_felony
2027,4532,,1,0,cross_race,26-35_1-2_felony
6618,5449,,1,1,same_race,26-35_1-2_felony
459,7109,,0,1,cross_race,26-35_1-2_felony
4532,884,,0,1,cross_race,26-35_1-2_felony
6618,6935,,1,1,same_race,26-35_1-2_felony
5980,4691,,1,1,same_race,26-35_1-2_felony
1441,5364,,1,1,same_race,26-35_1-2_felony
238,801,,0,0,same_race,26-35_1-2_felony
205,3366,,1,1,same_race,26-35_1-2_felony
1778,4315,,1,0,cross_race,26-35_1-2_felony
5425,2855,,1,1,same_race,26-35_1-2_felony
3569,884,,0,1,cross_race,26-35_1-2_felony
6618,3268,,1,0,cross_race,26-35_1-2_felony
459,3881,,0,0,same_race,26-35_1-2_felony
3150,1441,,1,1,same_race,26-35_1-2_felony
1368,6075,,1,1,same_race,26-35_1-2_felony
387,3192,,1,1,same_race,26-35_1-2_felony
6935,801,,1,0,cross_race,26-35_1-2_felony
5676,2855,,1,1,same_race,26-35_1-2_felony
3881,6177,,0,1,cross_race,26-35_1-2_felony
1778,4272,,1,1,same_race,26-35_1-2_felony
5980,6935,,1,1,same_race,26-35_1-2_felony
1681,2067,,0,1,cross_race,26-35_1-2_felony
3881,3268,,0,0,same_race,26-35_1-2_felony
1624,801,,1,0,cross_race,26-35_1-2_felony
2027,50,,1,0,cross_race,26-35_1-2_felony
3569,5980,,0,1,cross_race,26-35_1-2_felony
1624,50,,1,0,cross_race,26-35_1-2_felony
149,4721,,1,1,same_race,26-35_1-2_felony
3266,3881,,0,0,same_race,26-35_1-2_felony
3784,2248,,0,0,same_race,26-35_1-2_felony
5676,4424,,1,0,cross_race,26-35_1-2_felony
3192,1425,,1,1,same_race,26-35_1-2_felony
1778,1425,,1,1,same_race,26-35_1-2_felony
5425,4113,,1,0,cross_race,26-35_1-2_felony
3784,4691,,0,1,cross_race,26-35_1-2_felony
4272,4315,,1,0,cross_race,26-35_1-2_felony
3150,3784,,1,0,cross_race,26-35_1-2_felony
5364,2460,,1,0,cross_race,26-35_1-2_felony
2067,7109,,1,1,same_race,26-35_1-2_felony
1624,3570,,1,0,cross_race,26-35_1-2_felony
387,4691,,1,1,same_race,26-35_1-2_felony
4315,205,,0,1,cross_race,26-35_1-2_felony
3569,4424,,0,0,same_race,26-35_1-2_felony
7109,884,,1,1,same_race,26-35_1-2_felony
387,6618,,1,1,same_race,26-35_1-2_felony
3569,3327,,0,0,same_race,26-35_1-2_felony
3317,3569,,1,0,cross_race,26-35_1-2_felony
4532,50,,0,0,same_race,26-35_1-2_felony
4691,3327,,1,0,cross_race,26-35_1-2_felony
3317,2855,,1,1,same_race,26-35_1-2_felony
4721,50,,1,0,cross_race,26-35_1-2_felony
1681,3279,,0,0,same_race,26-35_1-2_felony
387,801,,1,0,cross_race,26-35_1-2_felony
3192,2855,,1,1,same_race,26-35_1-2_felony
459,5449,,0,1,cross_race,26-35_1-2_felony
2002,3366,,0,1,cross_race,26-35_1-2_felony
4272,6075,,1,1,same_race,26-35_1-2_felony
1441,6075,,1,1,same_race,26-35_1-2_felony
6177,801,,1,0,cross_race,26-35_1-2_felony
2248,801,,0,0,same_race,26-35_1-2_felony
7017,6075,,1,1,same_race,26-35_1-2_felony
4272,3266,,1,0,cross_race,26-35_1-2_felony
2027,3569,,1,0,cross_race,26-35_1-2_felony
459,4532,,0,0,same_race,26-35_1-2_felony
4315,884,,0,1,cross_race,26-35_1-2_felony
2027,3366,,1,1,same_race,26-35_1-2_felony
238,2855,,0,1,cross_race,26-35_1-2_felony
149,5980,,1,1,same_race,26-35_1-2_felony
3952,6075,,1,1,same_race,26-35_1-2_felony
1624,1441,,1,1,same_race,26-35_1-2_felony
3317,5364,,1,1,same_race,26-35_1-2_felony
238,6177,,0,1,cross_race,26-35_1-2_felony
2027,884,,1,1,same_race,26-35_1-2_felony
1425,2248,,1,0,cross_race,26-35_1-2_felony
7017,3366,,1,1,same_race,26-35_1-2_felony
459,3952,,0,1,cross_race,26-35_1-2_felony
3150,2067,,1,1,same_race,26-35_1-2_felony
205,884,,1,1,same_race,26-35_1-2_felony
3952,6159,,1,0,cross_race,26-35_1-2_felony
2027,801,,1,0,cross_race,26-35_1-2_felony
387,1425,,1,1,same_race,26-35_1-2_felony
6075,5449,,1,1,same_race,26-35_1-2_felony
5676,459,,1,0,cross_race,26-35_1-2_felony
387,2067,,1,1,same_race,26-35_1-2_felony
2002,884,,0,1,cross_race,26-35_1-2_felony
1624,387,,1,1,same_race,26-35_1-2_felony
4517,1368,,1,1,same_race,26-35_1-2_felony
3266,7109,,0,1,cross_race,26-35_1-2_felony
2002,4517,,0,1,cross_race,26-35_1-2_felony
3150,3366,,1,1,same_race,26-35_1-2_felony
1624,3881,,1,0,cross_race,26-35_1-2_felony
4320,2248,,1,0,cross_race,26-35_1-2_felony
3881,50,,0,0,same_race,26-35_1-2_felony
3192,4721,,1,1,same_race,26-35_1-2_felony
2067,1441,,1,1,same_race,26-35_1-2_felony
4113,3366,,0,1,cross_race,26-35_1-2_felony
3150,3436,,1,1,same_race,26-35_1-2_felony
4424,4113,,0,0,same_race,26-35_1-2_felony
5676,5980,,1,1,same_race,26-35_1-2_felony
5980,1425,,1,1,same_race,26-35_1-2_felony
6618,1441,,1,1,same_race,26-35_1-2_felony
4320,3570,,1,0,cross_race,26-35_1-2_felony
1681,3268,,0,0,same_race,26-35_1-2_felony
4405,3366,,0,1,cross_race,26-35_1-2_felony
4315,5980,,0,1,cross_race,26-35_1-2_felony
6075,801,,1,0,cross_race,26-35_1-2_felony
1681,3784,,0,0,same_race,26-35_1-2_felony
2855,4113,,1,0,cross_race,26-35_1-2_felony
4320,1425,,1,1,same_race,26-35_1-2_felony
5364,2841,,1,1,same_race,26-35_1-2_felony
3279,1425,,0,1,cross_race,26-35_1-2_felony
4532,4721,,0,1,cross_race,26-35_1-2_felony
3279,1368,,0,1,cross_race,26-35_1-2_felony
1624,1368,,1,1,same_race,26-35_1-2_felony
1778,3881,,1,0,cross_race,26-35_1-2_felony
3266,801,,0,0,same_race,26-35_1-2_felony
3569,6618,,0,1,cross_race,26-35_1-2_felony
3268,6177,,0,1,cross_race,26-35_1-2_felony
205,3327,,1,0,cross_race,26-35_1-2_felony
3266,2067,,0,1,cross_race,26-35_1-2_felony
3192,50,,1,0,cross_race,26-35_1-2_felony
3436,6935,,1,1,same_race,26-35_1-2_felony
5425,4405,,1,0,cross_race,26-35_1-2_felony
1778,1368,,1,1,same_race,26-35_1-2_felony
238,2841,,0,1,cross_race,26-35_1-2_felony
4424,3784,,0,0,same_race,26-35_1-2_felony
3192,3952,,1,1,same_race,26-35_1-2_felony
4272,2067,,1,1,same_race,26-35_1-2_felony
387,5980,,1,1,same_race,26-35_1-2_felony
2002,3150,,0,1,cross_race,26-35_1-2_felony
2027,4315,,1,0,cross_race,26-35_1-2_felony
1624,149,,1,1,same_race,26-35_1-2_felony
4691,6177,,1,1,same_race,26-35_1-2_felony
1778,1681,,1,0,cross_race,26-35_1-2_felony
3150,3268,,1,0,cross_race,26-35_1-2_felony
2002,6075,,0,1,cross_race,26-35_1-2_felony
2002,1681,,0,0,same_race,26-35_1-2_felony
7017,3327,,1,0,cross_race,26-35_1-2_felony
205,1441,,1,1,same_race,26-35_1-2_felony
3784,7109,,0,1,cross_race,26-35_1-2_felony
2002,3436,,0,1,cross_race,26-35_1-2_felony
5425,6159,,1,0,cross_race,26-35_1-2_felony
3192,2460,,1,0,cross_race,26-35_1-2_felony
1681,238,,0,0,same_race,26-35_1-2_felony
3436,5980,,1,1,same_race,26-35_1-2_felony
4320,50,,1,0,cross_race,26-35_1-2_felony
5676,2841,,1,1,same_race,26-35_1-2_felony
3192,2248,,1,0,cross_race,26-35_1-2_felony
459,1681,,0,0,same_race,26-35_1-2_felony
4532,2841,,0,1,cross_race,26-35_1-2_felony
3784,6159,,0,0,same_race,26-35_1-2_felony
4424,6177,,0,1,cross_race,26-35_1-2_felony
5676,5364,,1,1,same_race,26-35_1-2_felony
5364,6935,,1,1,same_race,26-35_1-2_felony
387,3569,,1,0,cross_race,26-35_1-2_felony
4691,801,,1,0,cross_race,26-35_1-2_felony
1778,149,,1,1,same_race,26-35_1-2_felony
387,3327,,1,0,cross_race,26-35_1-2_felony
3150,1368,,1,1,same_race,26-35_1-2_felony
3317,5425,,1,1,same_race,26-35_1-2_felony
4320,4113,,1,0,cross_race,26-35_1-2_felony
4721,5449,,1,1,same_race,26-35_1-2_felony
4691,1425,,1,1,same_race,26-35_1-2_felony
1624,2248,,1,0,cross_race,26-35_1-2_felony
3266,3570,,0,0,same_race,26-35_1-2_felony
1778,884,,1,1,same_race,26-35_1-2_felony
2067,5449,,1,1,same_race,26-35_1-2_felony
387,5449,,1,1,same_race,26-35_1-2_felony
6618,4405,,1,0,cross_race,26-35_1-2_felony
4113,7109,,0,1,cross_race,26-35_1-2_felony
5980,3952,,1,1,same_race,26-35_1-2_felony
3317,1624,,1,1,same_race,26-35_1-2_felony
2002,6618,,0,1,cross_race,26-35_1-2_felony
1624,7109,,1,1,same_race,26-35_1-2_felony
1778,6935,,1,1,same_race,26-35_1-2_felony
3569,1368,,0,1,cross_race,26-35_1-2_felony
3784,1368,,0,1,cross_race,26-35_1-2_felony
2002,2855,,0,1,cross_race,26-35_1-2_felony
4424,2841,,0,1,cross_race,26-35_1-2_felony
7017,3279,,1,0,cross_race,26-35_1-2_felony
3279,2841,,0,1,cross_race,26-35_1-2_felony
7109,2460,,1,0,cross_race,26-35_1-2_felony
1778,3784,,1,0,cross_race,26-35_1-2_felony
5676,1368,,1,1,same_race,26-35_1-2_felony
1778,3952,,1,1,same_race,26-35_1-2_felony
149,4113,,1,0,cross_race,26-35_1-2_felony
4320,6177,,1,1,same_race,26-35_1-2_felony
3569,149,,0,1,cross_race,26-35_1-2_felony
4517,3268,,1,0,cross_race,26-35_1-2_felony
3192,2841,,1,1,same_race,26-35_1-2_felony
3569,3268,,0,0,same_race,26-35_1-2_felony
5980,3366,,1,1,same_race,26-35_1-2_felony
2067,3268,,1,0,cross_race,26-35_1-2_felony
2855,3784,,1,0,cross_race,26-35_1-2_felony
1624,6618,,1,1,same_race,26-35_1-2_felony
50,2248,,0,0,same_race,26-35_1-2_felony
3784,6935,,0,1,cross_race,26-35_1-2_felony
3150,1624,,1,1,same_race,26-35_1-2_felony
4691,5449,,1,1,same_race,26-35_1-2_felony
4532,3327,,0,0,same_race,26-35_1-2_felony
5676,5449,,1,1,same_race,26-35_1-2_felony
4272,3268,,1,0,cross_race,26-35_1-2_felony
149,884,,1,1,same_race,26-35_1-2_felony
3192,7109,,1,1,same_race,26-35_1-2_felony
4405,7109,,0,1,cross_race,26-35_1-2_felony
459,4691,,0,1,cross_race,26-35_1-2_felony
4320,2841,,1,1,same_race,26-35_1-2_felony
50,801,,0,0,same_race,26-35_1-2_felony
4517,4691,,1,1,same_race,26-35_1-2_felony
50,2841,,0,1,cross_race,26-35_1-2_felony
3279,50,,0,0,same_race,26-35_1-2_felony
3150,801,,1,0,cross_race,26-35_1-2_felony
4424,4691,,0,1,cross_race,26-35_1-2_felony
4315,6935,,0,1,cross_race,26-35_1-2_felony
459,6159,,0,0,same_race,26-35_1-2_felony
1778,238,,1,0,cross_race,26-35_1-2_felony
3317,6618,,1,1,same_race,26-35_1-2_felony
4405,1368,,0,1,cross_race,26-35_1-2_felony
3150,3279,,1,0,cross_race,26-35_1-2_felony
2027,2855,,1,1,same_race,26-35_1-2_felony
149,3784,,1,0,cross_race,26-35_1-2_felony
6935,2841,,1,1,same_race,26-35_1-2_felony
1624,6159,,1,0,cross_race,26-35_1-2_felony
4320,1441,,1,1,same_race,26-35_1-2_felony
5364,3327,,1,0,cross_race,26-35_1-2_felony
4517,3881,,1,0,cross_race,26-35_1-2_felony
7017,5425,,1,1,same_race,26-35_1-2_felony
5676,2248,,1,0,cross_race,26-35_1-2_felony
3317,6159,,1,0,cross_race,26-35_1-2_felony
2067,5425,,1,1,same_race,26-35_1-2_felony
2460,6177,,0,1,cross_race,26-35_1-2_felony
3569,50,,0,0,same_race,26-35_1-2_felony
3569,2855,,0,1,cross_race,26-35_1-2_felony
4315,7109,,0,1,cross_race,26-35_1-2_felony
4405,5364,,0,1,cross_race,26-35_1-2_felony
2855,5364,,1,1,same_race,26-35_1-2_felony
3569,2841,,0,1,cross_race,26-35_1-2_felony
7017,1441,,1,1,same_race,26-35_1-2_felony
2002,1425,,0,1,cross_race,26-35_1-2_felony
3881,3366,,0,1,cross_race,26-35_1-2_felony
6177,50,,1,0,cross_race,26-35_1-2_felony
2460,2841,,0,1,cross_race,26-35_1-2_felony
5364,2248,,1,0,cross_race,26-35_1-2_felony
238,3327,,0,0,same_race,26-35_1-2_felony
4691,2248,,1,0,cross_race,26-35_1-2_felony
4272,387,,1,1,same_race,26-35_1-2_felony
3317,3881,,1,0,cross_race,26-35_1-2_felony
3317,3952,,1,1,same_race,26-35_1-2_felony
1778,3268,,1,0,cross_race,26-35_1-2_felony
149,6075,,1,1,same_race,26-35_1-2_felony
2002,387,,0,1,cross_race,26-35_1-2_felony
5364,6159,,1,0,cross_race,26-35_1-2_felony
2460,6935,,0,1,cross_race,26-35_1-2_felony
3279,149,,0,1,cross_race,26-35_1-2_felony
2027,3192,,1,1,same_race,26-35_1-2_felony
4424,5364,,0,1,cross_race,26-35_1-2_felony
3366,6177,,1,1,same_race,26-35_1-2_felony
3569,2460,,0,0,same_race,26-35_1-2_felony
387,2855,,1,1,same_race,26-35_1-2_felony
3570,884,,0,1,cross_race,26-35_1-2_felony
4272,3952,,1,1,same_race,26-35_1-2_felony
6618,3570,,1,0,cross_race,26-35_1-2_felony
2067,2248,,1,0,cross_race,26-35_1-2_felony
2027,6159,,1,0,cross_race,26-35_1-2_felony
3268,884,,0,1,cross_race,26-35_1-2_felony
6177,884,,1,1,same_race,26-35_1-2_felony
4315,387,,0,1,cross_race,26-35_1-2_felony
4315,2841,,0,1,cross_race,26-35_1-2_felony
3436,3569,,1,0,cross_race,26-35_1-2_felony
1681,50,,0,0,same_race,26-35_1-2_felony
149,6935,,1,1,same_race,26-35_1-2_felony
4272,6935,,1,1,same_race,26-35_1-2_felony
2027,6177,,1,1,same_race,26-35_1-2_felony
459,3366,,0,1,cross_race,26-35_1-2_felony
5364,3366,,1,1,same_race,26-35_1-2_felony
2002,4424,,0,0,same_race,26-35_1-2_felony
2067,6075,,1,1,same_race,26-35_1-2_felony
7017,5364,,1,1,same_race,26-35_1-2_felony
5364,6075,,1,1,same_race,26-35_1-2_felony
3266,1624,,0,1,cross_race,26-35_1-2_felony
4517,7109,,1,1,same_race,26-35_1-2_felony
2067,1368,,1,1,same_race,26-35_1-2_felony
2067,50,,1,0,cross_race,26-35_1-2_felony
459,3436,,0,1,cross_race,26-35_1-2_felony
7017,4424,,1,0,cross_race,26-35_1-2_felony
4320,2027,,1,1,same_race,26-35_1-2_felony
6618,50,,1,0,cross_race,26-35_1-2_felony
3279,2460,,0,0,same_race,26-35_1-2_felony
1368,4721,,1,1,same_race,26-35_1-2_felony
238,5449,,0,1,cross_race,26-35_1-2_felony
5425,6618,,1,1,same_race,26-35_1-2_felony
6618,4721,,1,1,same_race,26-35_1-2_felony
2067,3784,,1,0,cross_race,26-35_1-2_felony
7109,3366,,1,1,same_race,26-35_1-2_felony
4272,5449,,1,1,same_race,26-35_1-2_felony
459,387,,0,1,cross_race,26-35_1-2_felony
2027,1425,,1,1,same_race,26-35_1-2_felony
3192,1441,,1,1,same_race,26-35_1-2_felony
4315,2855,,0,1,cross_race,26-35_1-2_felony
3436,4517,,1,1,same_race,26-35_1-2_felony
1778,5980,,1,1,same_race,26-35_1-2_felony
3784,5449,,0,1,cross_race,26-35_1-2_felony
4517,4424,,1,0,cross_race,26-35_1-2_felony
205,6618,,1,1,same_race,26-35_1-2_felony
387,6177,,1,1,same_race,26-35_1-2_felony
3150,4517,,1,1,same_race,26-35_1-2_felony
205,3570,,1,0,cross_race,26-35_1-2_felony
3436,3366,,1,1,same_race,26-35_1-2_felony
3317,3279,,1,0,cross_race,26-35_1-2_felony
2855,3279,,1,0,cross_race,26-35_1-2_felony
5425,3569,,1,0,cross_race,26-35_1-2_felony
1778,5364,,1,1,same_race,26-35_1-2_felony
238,4405,,0,0,same_race,26-35_1-2_felony
459,205,,0,1,cross_race,26-35_1-2_felony
1368,5449,,1,1,same_race,26-35_1-2_felony
5676,3952,,1,1,same_race,26-35_1-2_felony
4424,5449,,0,1,cross_race,26-35_1-2_felony
7017,6177,,1,1,same_race,26-35_1-2_felony
3150,459,,1,0,cross_race,26-35_1-2_felony
2027,6935,,1,1,same_race,26-35_1-2_felony
3266,1441,,0,1,cross_race,26-35_1-2_felony
5676,884,,1,1,same_race,26-35_1-2_felony
3784,6075,,0,1,cross_race,26-35_1-2_felony
205,6177,,1,1,same_race,26-35_1-2_felony
3784,4532,,0,0,same_race,26-35_1-2_felony
149,2841,,1,1,same_race,26-35_1-2_felony
2855,3570,,1,0,cross_race,26-35_1-2_felony
6618,3881,,1,0,cross_race,26-35_1-2_felony
3317,6935,,1,1,same_race,26-35_1-2_felony
3268,6935,,0,1,cross_race,26-35_1-2_felony
4272,2248,,1,0,cross_race,26-35_1-2_felony
1778,2248,,1,0,cross_race,26-35_1-2_felony
5449,1425,,1,1,same_race,26-35_1-2_felony
3436,6177,,1,1,same_race,26-35_1-2_felony
3279,4113,,0,0,same_race,26-35_1-2_felony
4691,2460,,1,0,cross_race,26-35_1-2_felony
5980,6177,,1,1,same_race,26-35_1-2_felony
1681,4405,,0,0,same_race,26-35_1-2_felony
387,1368,,1,1,same_race,26-35_1-2_felony
5676,7109,,1,1,same_race,26-35_1-2_felony
1681,4721,,0,1,cross_race,26-35_1-2_felony
4424,884,,0,1,cross_race,26-35_1-2_felony
2855,205,,1,1,same_race,26-35_1-2_felony
4272,2460,,1,0,cross_race,26-35_1-2_felony
1681,4517,,0,1,cross_race,26-35_1-2_felony
3266,3192,,0,1,cross_race,26-35_1-2_felony
4721,6159,,1,0,cross_race,26-35_1-2_felony
4113,801,,0,0,same_race,26-35_1-2_felony
3784,5980,,0,1,cross_race,26-35_1-2_felony
238,6159,,0,0,same_race,26-35_1-2_felony
3266,4691,,0,1,cross_race,26-35_1-2_felony
4315,2248,,0,0,same_race,26-35_1-2_felony
3317,50,,1,0,cross_race,26-35_1-2_felony
3150,2855,,1,1,same_race,26-35_1-2_felony
6075,6935,,1,1,same_race,26-35_1-2_felony
7017,2248,,1,0,cross_race,26-35_1-2_felony
3266,3784,,0,0,same_race,26-35_1-2_felony
3192,3366,,1,1,same_race,26-35_1-2_felony
3266,4517,,0,1,cross_race,26-35_1-2_felony
3881,6935,,0,1,cross_race,26-35_1-2_felony
1681,5425,,0,1,cross_race,26-35_1-2_felony
7017,387,,1,1,same_race,26-35_1-2_felony
5449,801,,1,0,cross_race,26-35_1-2_felony
3279,3952,,0,1,cross_race,26-35_1-2_felony
4532,2248,,0,0,same_race,26-35_1-2_felony
4113,5364,,0,1,cross_race,26-35_1-2_felony
3784,884,,0,1,cross_race,26-35_1-2_felony
1624,6177,,1,1,same_race,26-35_1-2_felony
3436,4315,,1,0,cross_race,26-35_1-2_felony
2002,3266,,0,0,same_race,26-35_1-2_felony
1624,4405,,1,0,cross_race,26-35_1-2_felony
5676,4315,,1,0,cross_race,26-35_1-2_felony
5425,3279,,1,0,cross_race,26-35_1-2_felony
5676,6177,,1,1,same_race,26-35_1-2_felony
4113,1441,,0,1,cross_race,26-35_1-2_felony
1368,3570,,1,0,cross_race,26-35_1-2_felony
1441,4721,,1,1,same_race,26-35_1-2_felony
3881,5364,,0,1,cross_race,26-35_1-2_felony
3327,6159,,0,0,same_race,26-35_1-2_felony
3952,884,,1,1,same_race,26-35_1-2_felony
4320,205,,1,1,same_race,26-35_1-2_felony
3436,5364,,1,1,same_race,26-35_1-2_felony
3569,4113,,0,0,same_race,26-35_1-2_felony
3150,238,,1,0,cross_race,26-35_1-2_felony
387,884,,1,1,same_race,26-35_1-2_felony
5676,3327,,1,0,cross_race,26-35_1-2_felony
238,1441,,0,1,cross_race,26-35_1-2_felony
1441,6159,,1,0,cross_race,26-35_1-2_felony
7017,3570,,1,0,cross_race,26-35_1-2_felony
205,3784,,1,0,cross_race,26-35_1-2_felony
3279,4532,,0,0,same_race,26-35_1-2_felony
3266,5449,,0,1,cross_race,26-35_1-2_felony
205,5449,,1,1,same_race,26-35_1-2_felony
1778,4691,,1,1,same_race,26-35_1-2_felony
5980,6075,,1,1,same_race,26-35_1-2_felony
2027,3266,,1,0,cross_race,26-35_1-2_felony
3266,238,,0,0,same_race,26-35_1-2_felony
2002,5980,,0,1,cross_race,26-35_1-2_felony
387,4405,,1,0,cross_race,26-35_1-2_felony
3317,4691,,1,1,same_race,26-35_1-2_felony
3436,238,,1,0,cross_race,26-35_1-2_felony
4315,3268,,0,0,same_race,26-35_1-2_felony
3192,3881,,1,0,cross_race,26-35_1-2_felony
1624,4424,,1,0,cross_race,26-35_1-2_felony
4113,3784,,0,0,same_race,26-35_1-2_felony
4315,6159,,0,0,same_race,26-35_1-2_felony
3150,3881,,1,0,cross_race,26-35_1-2_felony
4405,3952,,0,1,cross_race,26-35_1-2_felony
149,4405,,1,0,cross_race,26-35_1-2_felony
459,2248,,0,0,same_race,26-35_1-2_felony
6696,1824,,1,1,same_race,26-35_0_misdemeanor
3439,4935,,1,1,same_race,26-35_0_misdemeanor
4222,960,,0,1,cross_race,26-35_0_misdemeanor
3859,6507,,1,1,same_race,26-35_0_misdemeanor
3682,1545,,0,1,cross_race,26-35_0_misdemeanor
673,4935,,1,1,same_race,26-35_0_misdemeanor
6614,6692,,0,1,cross_race,26-35_0_misdemeanor
3018,105,,1,0,cross_race,26-35_0_misdemeanor
6104,4000,,1,0,cross_race,26-35_0_misdemeanor
1239,2540,,1,1,same_race,26-35_0_misdemeanor
2351,1270,,0,1,cross_race,26-35_0_misdemeanor
774,1239,,1,1,same_race,26-35_0_misdemeanor
6311,5659,,0,1,cross_race,26-35_0_misdemeanor
1239,2514,,1,1,same_race,26-35_0_misdemeanor
3682,4412,,0,0,same_race,26-35_0_misdemeanor
6692,4399,,1,0,cross_race,26-35_0_misdemeanor
5659,6614,,1,0,cross_race,26-35_0_misdemeanor
6104,2404,,1,1,same_race,26-35_0_misdemeanor
673,960,,1,1,same_race,26-35_0_misdemeanor
2514,2253,,1,1,same_race,26-35_0_misdemeanor
2540,4412,,1,0,cross_race,26-35_0_misdemeanor
6104,774,,1,1,same_race,26-35_0_misdemeanor
6644,6087,,0,1,cross_race,26-35_0_misdemeanor
3071,6872,,0,1,cross_race,26-35_0_misdemeanor
6802,1149,,0,0,same_race,26-35_0_misdemeanor
6802,3439,,0,1,cross_race,26-35_0_misdemeanor
2514,6328,,1,0,cross_race,26-35_0_misdemeanor
6696,5861,,1,1,same_race,26-35_0_misdemeanor
4222,3859,,0,1,cross_race,26-35_0_misdemeanor
2886,1270,,0,1,cross_race,26-35_0_misdemeanor
6802,3859,,0,1,cross_race,26-35_0_misdemeanor
2514,1545,,1,1,same_race,26-35_0_misdemeanor
1239,6644,,1,0,cross_race,26-35_0_misdemeanor
3071,960,,0,1,cross_race,26-35_0_misdemeanor
6644,1545,,0,1,cross_race,26-35_0_misdemeanor
2514,3034,,1,0,cross_race,26-35_0_misdemeanor
6872,4935,,1,1,same_race,26-35_0_misdemeanor
3439,3295,,1,0,cross_race,26-35_0_misdemeanor
4935,4000,,1,0,cross_race,26-35_0_misdemeanor
6328,1378,,0,1,cross_race,26-35_0_misdemeanor
1239,3295,,1,0,cross_race,26-35_0_misdemeanor
5659,2886,,1,0,cross_race,26-35_0_misdemeanor
4935,105,,1,0,cross_race,26-35_0_misdemeanor
6644,1152,,0,0,same_race,26-35_0_misdemeanor
6736,4399,,1,0,cross_race,26-35_0_misdemeanor
6311,6692,,0,1,cross_race,26-35_0_misdemeanor
6087,2404,,1,1,same_race,26-35_0_misdemeanor
105,4593,,0,1,cross_race,26-35_0_misdemeanor
6311,6802,,0,0,same_race,26-35_0_misdemeanor
6802,1824,,0,1,cross_race,26-35_0_misdemeanor
4903,960,,0,1,cross_race,26-35_0_misdemeanor
6696,4399,,1,0,cross_race,26-35_0_misdemeanor
2514,1270,,1,1,same_race,26-35_0_misdemeanor
4903,4000,,0,0,same_race,26-35_0_misdemeanor
3682,3295,,0,0,same_race,26-35_0_misdemeanor
1545,1378,,1,1,same_race,26-35_0_misdemeanor
4490,4593,,1,1,same_race,26-35_0_misdemeanor
3071,3034,,0,0,same_race,26-35_0_misdemeanor
3018,960,,1,1,same_race,26-35_0_misdemeanor
6872,6087,,1,1,same_race,26-35_0_misdemeanor
6802,2351,,0,0,same_race,26-35_0_misdemeanor
6311,6644,,0,0,same_race,26-35_0_misdemeanor
6614,3439,,0,1,cross_race,26-35_0_misdemeanor
4222,3295,,0,0,same_race,26-35_0_misdemeanor
105,4412,,0,0,same_race,26-35_0_misdemeanor
2351,2404,,0,1,cross_race,26-35_0_misdemeanor
3522,5861,,1,1,same_race,26-35_0_misdemeanor
4412,2404,,0,1,cross_race,26-35_0_misdemeanor
3071,6696,,0,1,cross_race,26-35_0_misdemeanor
4399,4000,,0,0,same_race,26-35_0_misdemeanor
2351,6736,,0,1,cross_race,26-35_0_misdemeanor
1239,3018,,1,1,same_race,26-35_0_misdemeanor
6802,6328,,0,0,same_race,26-35_0_misdemeanor
4903,1152,,0,0,same_race,26-35_0_misdemeanor
6104,3071,,1,0,cross_race,26-35_0_misdemeanor
2514,6087,,1,1,same_race,26-35_0_misdemeanor
4593,2253,,1,1,same_race,26-35_0_misdemeanor
2540,3682,,1,0,cross_race,26-35_0_misdemeanor
774,1152,,1,0,cross_race,26-35_0_misdemeanor
6692,3859,,1,1,same_race,26-35_0_misdemeanor
6696,3859,,1,1,same_race,26-35_0_misdemeanor
5659,6507,,1,1,same_race,26-35_0_misdemeanor
4903,2886,,0,0,same_race,26-35_0_misdemeanor
3522,3682,,1,0,cross_race,26-35_0_misdemeanor
1545,6087,,1,1,same_race,26-35_0_misdemeanor
6104,1239,,1,1,same_race,26-35_0_misdemeanor
3439,2253,,1,1,same_race,26-35_0_misdemeanor
4490,4000,,1,0,cross_race,26-35_0_misdemeanor
4222,3682,,0,0,same_race,26-35_0_misdemeanor
2886,4412,,0,0,same_race,26-35_0_misdemeanor
2540,1545,,1,1,same_race,26-35_0_misdemeanor
3071,1824,,0,1,cross_race,26-35_0_misdemeanor
1545,1270,,1,1,same_race,26-35_0_misdemeanor
3034,6736,,0,1,cross_race,26-35_0_misdemeanor
6311,4490,,0,1,cross_race,26-35_0_misdemeanor
6614,6507,,0,1,cross_race,26-35_0_misdemeanor
6644,3682,,0,0,same_race,26-35_0_misdemeanor
3034,2404,,0,1,cross_race,26-35_0_misdemeanor
105,3034,,0,0,same_race,26-35_0_misdemeanor
774,6328,,1,0,cross_race,26-35_0_misdemeanor
105,5861,,0,1,cross_race,26-35_0_misdemeanor
3295,3859,,0,1,cross_race,26-35_0_misdemeanor
774,2886,,1,0,cross_race,26-35_0_misdemeanor
1152,5861,,0,1,cross_race,26-35_0_misdemeanor
6736,4412,,1,0,cross_race,26-35_0_misdemeanor
2514,3018,,1,1,same_race,26-35_0_misdemeanor
3439,6328,,1,0,cross_race,26-35_0_misdemeanor
2351,1824,,0,1,cross_race,26-35_0_misdemeanor
960,4399,,1,0,cross_race,26-35_0_misdemeanor
3439,1824,,1,1,same_race,26-35_0_misdemeanor
2514,4490,,1,1,same_race,26-35_0_misdemeanor
3295,1149,,0,0,same_race,26-35_0_misdemeanor
6614,6087,,0,1,cross_race,26-35_0_misdemeanor
4903,6696,,0,1,cross_race,26-35_0_misdemeanor
6311,1545,,0,1,cross_race,26-35_0_misdemeanor
6311,1149,,0,0,same_race,26-35_0_misdemeanor
3439,6692,,1,1,same_race,26-35_0_misdemeanor
1239,3439,,1,1,same_race,26-35_0_misdemeanor
6692,4000,,1,0,cross_race,26-35_0_misdemeanor
960,6087,,1,1,same_race,26-35_0_misdemeanor
3018,4490,,1,1,same_race,26-35_0_misdemeanor
6736,1824,,1,1,same_race,26-35_0_misdemeanor
673,6736,,1,1,same_race,26-35_0_misdemeanor
6802,4412,,0,0,same_race,26-35_0_misdemeanor
6736,1545,,1,1,same_race,26-35_0_misdemeanor
3034,2351,,0,0,same_race,26-35_0_misdemeanor
1149,1152,,0,0,same_race,26-35_0_misdemeanor
960,2253,,1,1,same_race,26-35_0_misdemeanor
4222,673,,0,1,cross_race,26-35_0_misdemeanor
5659,2514,,1,1,same_race,26-35_0_misdemeanor
5659,6087,,1,1,same_race,26-35_0_misdemeanor
4935,960,,1,1,same_race,26-35_0_misdemeanor
6104,3018,,1,1,same_race,26-35_0_misdemeanor
774,3439,,1,1,same_race,26-35_0_misdemeanor
2514,4399,,1,0,cross_race,26-35_0_misdemeanor
6614,4412,,0,0,same_race,26-35_0_misdemeanor
6692,1824,,1,1,same_race,26-35_0_misdemeanor
4593,2404,,1,1,same_race,26-35_0_misdemeanor
2540,2351,,1,0,cross_race,26-35_0_misdemeanor
4903,3034,,0,0,same_race,26-35_0_misdemeanor
6644,6696,,0,1,cross_race,26-35_0_misdemeanor
2514,2404,,1,1,same_race,26-35_0_misdemeanor
1239,5659,,1,1,same_race,26-35_0_misdemeanor
5659,6802,,1,0,cross_race,26-35_0_misdemeanor
6328,6736,,0,1,cross_race,26-35_0_misdemeanor
3295,6736,,0,1,cross_race,26-35_0_misdemeanor
673,4490,,1,1,same_race,26-35_0_misdemeanor
1149,2253,,0,1,cross_race,26-35_0_misdemeanor
2514,1149,,1,0,cross_race,26-35_0_misdemeanor
2540,673,,1,1,same_race,26-35_0_misdemeanor
4903,6087,,0,1,cross_race,26-35_0_misdemeanor
6802,105,,0,0,same_race,26-35_0_misdemeanor
6802,6736,,0,1,cross_race,26-35_0_misdemeanor
3018,5861,,1,1,same_race,26-35_0_misdemeanor
4222,4490,,0,1,cross_race,26-35_0_misdemeanor
6311,1824,,0,1,cross_race,26-35_0_misdemeanor
4222,2351,,0,0,same_race,26-35_0_misdemeanor
5861,1378,,1,1,same_race,26-35_0_misdemeanor
1239,1545,,1,1,same_race,26-35_0_misdemeanor
6311,2253,,0,1,cross_race,26-35_0_misdemeanor
6311,4399,,0,0,same_race,26-35_0_misdemeanor
3682,1824,,0,1,cross_race,26-35_0_misdemeanor
6644,3018,,0,1,cross_race,26-35_0_misdemeanor
6104,4412,,1,0,cross_race,26-35_0_misdemeanor
6736,1270,,1,1,same_race,26-35_0_misdemeanor
5659,1152,,1,0,cross_race,26-35_0_misdemeanor
4935,6736,,1,1,same_race,26-35_0_misdemeanor
3295,5861,,0,1,cross_race,26-35_0_misdemeanor
6328,4000,,0,0,same_race,26-35_0_misdemeanor
4222,4935,,0,1,cross_race,26-35_0_misdemeanor
3859,1270,,1,1,same_race,26-35_0_misdemeanor
4903,3859,,0,1,cross_race,26-35_0_misdemeanor
2540,2253,,1,1,same_race,26-35_0_misdemeanor
6311,6507,,0,1,cross_race,26-35_0_misdemeanor
774,6644,,1,0,cross_race,26-35_0_misdemeanor
6311,3295,,0,0,same_race,26-35_0_misdemeanor
5861,4000,,1,0,cross_race,26-35_0_misdemeanor
105,1270,,0,1,cross_race,26-35_0_misdemeanor
6614,105,,0,0,same_race,26-35_0_misdemeanor
673,6507,,1,1,same_race,26-35_0_misdemeanor
6644,6507,,0,1,cross_race,26-35_0_misdemeanor
2540,1149,,1,0,cross_race,26-35_0_misdemeanor
3439,1270,,1,1,same_race,26-35_0_misdemeanor
4222,3522,,0,1,cross_race,26-35_0_misdemeanor
2540,4593,,1,1,same_race,26-35_0_misdemeanor
3071,6736,,0,1,cross_race,26-35_0_misdemeanor
673,1270,,1,1,same_race,26-35_0_misdemeanor
6311,4412,,0,0,same_race,26-35_0_misdemeanor
673,1378,,1,1,same_race,26-35_0_misdemeanor
3071,4903,,0,0,same_race,26-35_0_misdemeanor
1149,6736,,0,1,cross_race,26-35_0_misdemeanor
2514,6507,,1,1,same_race,26-35_0_misdemeanor
6644,4935,,0,1,cross_race,26-35_0_misdemeanor
6328,3859,,0,1,cross_race,26-35_0_misdemeanor
5659,4593,,1,1,same_race,26-35_0_misdemeanor
6696,3018,,1,1,same_race,26-35_0_misdemeanor
6644,2886,,0,0,same_race,26-35_0_misdemeanor
2514,4935,,1,1,same_race,26-35_0_misdemeanor
6644,960,,0,1,cross_race,26-35_0_misdemeanor
2514,960,,1,1,same_race,26-35_0_misdemeanor
6104,3439,,1,1,same_race,26-35_0_misdemeanor
1239,1149,,1,0,cross_race,26-35_0_misdemeanor
3071,105,,0,0,same_race,26-35_0_misdemeanor
1824,6507,,1,1,same_race,26-35_0_misdemeanor
6872,3682,,1,0,cross_race,26-35_0_misdemeanor
6614,4490,,0,1,cross_race,26-35_0_misdemeanor
1152,4000,,0,0,same_race,26-35_0_misdemeanor
1152,1270,,0,1,cross_race,26-35_0_misdemeanor
3018,6736,,1,1,same_race,26-35_0_misdemeanor
2514,6692,,1,1,same_race,26-35_0_misdemeanor
774,4000,,1,0,cross_race,26-35_0_misdemeanor
1149,3859,,0,1,cross_race,26-35_0_misdemeanor
3522,1378,,1,1,same_race,26-35_0_misdemeanor
4903,3682,,0,0,same_race,26-35_0_misdemeanor
4222,6696,,0,1,cross_race,26-35_0_misdemeanor
6872,4222,,1,0,cross_race,26-35_0_misdemeanor
4222,5659,,0,1,cross_race,26-35_0_misdemeanor
3071,2351,,0,0,same_race,26-35_0_misdemeanor
960,3859,,1,1,same_race,26-35_0_misdemeanor
4593,6087,,1,1,same_race,26-35_0_misdemeanor
6872,6328,,1,0,cross_race,26-35_0_misdemeanor
4935,4593,,1,1,same_race,26-35_0_misdemeanor
4222,5861,,0,1,cross_race,26-35_0_misdemeanor
6692,2351,,1,0,cross_race,26-35_0_misdemeanor
2514,3295,,1,0,cross_race,26-35_0_misdemeanor
2253,2404,,1,1,same_race,26-35_0_misdemeanor
4935,6507,,1,1,same_race,26-35_0_misdemeanor
6644,3522,,0,1,cross_race,26-35_0_misdemeanor
673,6328,,1,0,cross_race,26-35_0_misdemeanor
6614,3859,,0,1,cross_race,26-35_0_misdemeanor
774,105,,1,0,cross_race,26-35_0_misdemeanor
6692,4412,,1,0,cross_race,26-35_0_misdemeanor
6104,5659,,1,1,same_race,26-35_0_misdemeanor
4490,1152,,1,0,cross_race,26-35_0_misdemeanor
3682,3859,,0,1,cross_race,26-35_0_misdemeanor
6614,4593,,0,1,cross_race,26-35_0_misdemeanor
2540,6696,,1,1,same_race,26-35_0_misdemeanor
3018,1545,,1,1,same_race,26-35_0_misdemeanor
1545,4593,,1,1,same_race,26-35_0_misdemeanor
4593,1824,,1,1,same_race,26-35_0_misdemeanor
2886,2351,,0,0,same_race,26-35_0_misdemeanor
6311,3439,,0,1,cross_race,26-35_0_misdemeanor
3439,105,,1,0,cross_race,26-35_0_misdemeanor
6614,5861,,0,1,cross_race,26-35_0_misdemeanor
6104,673,,1,1,same_race,26-35_0_misdemeanor
6736,1378,,1,1,same_race,26-35_0_misdemeanor
2540,3018,,1,1,same_race,26-35_0_misdemeanor
3295,4412,,0,0,same_race,26-35_0_misdemeanor
3682,2351,,0,0,same_race,26-35_0_misdemeanor
6872,1149,,1,0,cross_race,26-35_0_misdemeanor
3071,1149,,0,0,same_race,26-35_0_misdemeanor
673,1545,,1,1,same_race,26-35_0_misdemeanor
4222,4593,,0,1,cross_race,26-35_0_misdemeanor
6802,6087,,0,1,cross_race,26-35_0_misdemeanor
1239,4903,,1,0,cross_race,26-35_0_misdemeanor
3034,4412,,0,0,same_race,26-35_0_misdemeanor
5861,1824,,1,1,same_race,26-35_0_misdemeanor
6311,3859,,0,1,cross_race,26-35_0_misdemeanor
2886,4000,,0,0,same_race,26-35_0_misdemeanor
3439,1378,,1,1,same_race,26-35_0_misdemeanor
3018,4000,,1,0,cross_race,26-35_0_misdemeanor
3682,6328,,0,0,same_race,26-35_0_misdemeanor
4490,3034,,1,0,cross_race,26-35_0_misdemeanor
3034,1152,,0,0,same_race,26-35_0_misdemeanor
3859,1152,,1,0,cross_race,26-35_0_misdemeanor
4903,1149,,0,0,same_race,26-35_0_misdemeanor
774,1378,,1,1,same_race,26-35_0_misdemeanor
1149,4000,,0,0,same_race,26-35_0_misdemeanor
6614,1149,,0,0,same_race,26-35_0_misdemeanor
774,4903,,1,0,cross_race,26-35_0_misdemeanor
3522,3295,,1,0,cross_race,26-35_0_misdemeanor
960,1545,,1,1,same_race,26-35_0_misdemeanor
4222,4903,,0,0,same_race,26-35_0_misdemeanor
4490,3859,,1,1,same_race,26-35_0_misdemeanor
3859,6087,,1,1,same_race,26-35_0_misdemeanor
3682,960,,0,1,cross_race,26-35_0_misdemeanor
6872,4903,,1,0,cross_race,26-35_0_misdemeanor
3682,4490,,0,1,cross_race,26-35_0_misdemeanor
6104,105,,1,0,cross_race,26-35_0_misdemeanor
3018,4399,,1,0,cross_race,26-35_0_misdemeanor
2514,6696,,1,1,same_race,26-35_0_misdemeanor
774,4935,,1,1,same_race,26-35_0_misdemeanor
6802,3522,,0,1,cross_race,26-35_0_misdemeanor
4903,1378,,0,1,cross_race,26-35_0_misdemeanor
774,1270,,1,1,same_race,26-35_0_misdemeanor
4903,1545,,0,1,cross_race,26-35_0_misdemeanor
6802,5861,,0,1,cross_race,26-35_0_misdemeanor
6872,6692,,1,1,same_race,26-35_0_misdemeanor
2540,4935,,1,1,same_race,26-35_0_misdemeanor
2514,5861,,1,1,same_race,26-35_0_misdemeanor
774,2404,,1,1,same_race,26-35_0_misdemeanor
3071,1378,,0,1,cross_race,26-35_0_misdemeanor
4222,3018,,0,1,cross_race,26-35_0_misdemeanor
6872,6614,,1,0,cross_race,26-35_0_misdemeanor
1545,2253,,1,1,same_race,26-35_0_misdemeanor
5659,3522,,1,1,same_race,26-35_0_misdemeanor
5659,2253,,1,1,same_race,26-35_0_misdemeanor
6644,3859,,0,1,cross_race,26-35_0_misdemeanor
4903,2253,,0,1,cross_race,26-35_0_misdemeanor
6104,4593,,1,1,same_race,26-35_0_misdemeanor
5861,4399,,1,0,cross_race,26-35_0_misdemeanor
960,1152,,1,0,cross_race,26-35_0_misdemeanor
5659,1270,,1,1,same_race,26-35_0_misdemeanor
1545,6507,,1,1,same_race,26-35_0_misdemeanor
2886,673,,0,1,cross_race,26-35_0_misdemeanor
2351,5861,,0,1,cross_race,26-35_0_misdemeanor
5659,105,,1,0,cross_race,26-35_0_misdemeanor
3682,3034,,0,0,same_race,26-35_0_misdemeanor
2514,2351,,1,0,cross_race,26-35_0_misdemeanor
6644,6614,,0,0,same_race,26-35_0_misdemeanor
1239,6087,,1,1,same_race,26-35_0_misdemeanor
6311,6328,,0,0,same_race,26-35_0_misdemeanor
105,1545,,0,1,cross_race,26-35_0_misdemeanor
2514,1152,,1,0,cross_race,26-35_0_misdemeanor
2351,2253,,0,1,cross_race,26-35_0_misdemeanor
6104,3522,,1,1,same_race,26-35_0_misdemeanor
4222,2404,,0,1,cross_race,26-35_0_misdemeanor
6614,3522,,0,1,cross_race,26-35_0_misdemeanor
960,6507,,1,1,same_race,26-35_0_misdemeanor
3018,1824,,1,1,same_race,26-35_0_misdemeanor
1239,4412,,1,0,cross_race,26-35_0_misdemeanor
2886,4490,,0,1,cross_race,26-35_0_misdemeanor
5659,4412,,1,0,cross_race,26-35_0_misdemeanor
774,6692,,1,1,same_race,26-35_0_misdemeanor
2540,3295,,1,0,cross_race,26-35_0_misdemeanor
6696,4593,,1,1,same_race,26-35_0_misdemeanor
6802,673,,0,1,cross_race,26-35_0_misdemeanor
4222,105,,0,0,same_race,26-35_0_misdemeanor
1270,2404,,1,1,same_race,26-35_0_misdemeanor
3018,6087,,1,1,same_race,26-35_0_misdemeanor
960,5861,,1,1,same_race,26-35_0_misdemeanor
4412,5861,,0,1,cross_race,26-35_0_misdemeanor
6614,6696,,0,1,cross_race,26-35_0_misdemeanor
3071,4593,,0,1,cross_race,26-35_0_misdemeanor
673,105,,1,0,cross_race,26-35_0_misdemeanor
6644,1270,,0,1,cross_race,26-35_0_misdemeanor
105,2404,,0,1,cross_race,26-35_0_misdemeanor
4903,105,,0,0,same_race,26-35_0_misdemeanor
4935,1378,,1,1,same_race,26-35_0_misdemeanor
3522,2404,,1,1,same_race,26-35_0_misdemeanor
6872,3522,,1,1,same_race,26-35_0_misdemeanor
3682,1270,,0,1,cross_race,26-35_0_misdemeanor
3071,1545,,0,1,cross_race,26-35_0_misdemeanor
774,3018,,1,1,same_race,26-35_0_misdemeanor
6802,3295,,0,0,same_race,26-35_0_misdemeanor
6696,4000,,1,0,cross_race,26-35_0_misdemeanor
3071,3522,,0,1,cross_race,26-35_0_misdemeanor
6696,673,,1,1,same_race,26-35_0_misdemeanor
1239,3522,,1,1,same_race,26-35_0_misdemeanor
6736,3859,,1,1,same_race,26-35_0_misdemeanor
1149,5861,,0,1,cross_race,26-35_0_misdemeanor
3522,3034,,1,0,cross_race,26-35_0_misdemeanor
4903,6507,,0,1,cross_race,26-35_0_misdemeanor
6696,4935,,1,1,same_race,26-35_0_misdemeanor
2351,4412,,0,0,same_race,26-35_0_misdemeanor
4903,4935,,0,1,cross_race,26-35_0_misdemeanor
5659,673,,1,1,same_race,26-35_0_misdemeanor
3522,1270,,1,1,same_race,26-35_0_misdemeanor
6692,1545,,1,1,same_race,26-35_0_misdemeanor
774,5861,,1,1,same_race,26-35_0_misdemeanor
6104,2886,,1,0,cross_race,26-35_0_misdemeanor
1270,4399,,1,0,cross_race,26-35_0_misdemeanor
6802,6614,,0,0,same_race,26-35_0_misdemeanor
673,5861,,1,1,same_race,26-35_0_misdemeanor
3682,105,,0,0,same_race,26-35_0_misdemeanor
3071,6802,,0,0,same_race,26-35_0_misdemeanor
105,6087,,0,1,cross_race,26-35_0_misdemeanor
6872,1239,,1,1,same_race,26-35_0_misdemeanor
3522,4935,,1,1,same_race,26-35_0_misdemeanor
3295,1270,,0,1,cross_race,26-35_0_misdemeanor
6311,673,,0,1,cross_race,26-35_0_misdemeanor
1239,1270,,1,1,same_race,26-35_0_misdemeanor
2253,4399,,1,0,cross_race,26-35_0_misdemeanor
673,6087,,1,1,same_race,26-35_0_misdemeanor
673,4399,,1,0,cross_race,26-35_0_misdemeanor
1149,2404,,0,1,cross_race,26-35_0_misdemeanor
6802,6696,,0,1,cross_race,26-35_0_misdemeanor
774,960,,1,1,same_race,26-35_0_misdemeanor
774,1824,,1,1,same_race,26-35_0_misdemeanor
3439,6087,,1,1,same_race,26-35_0_misdemeanor
6736,6087,,1,1,same_race,26-35_0_misdemeanor
4490,1545,,1,1,same_race,26-35_0_misdemeanor
3071,5659,,0,1,cross_race,26-35_0_misdemeanor
1545,3859,,1,1,same_race,26-35_0_misdemeanor
1378,4000,,1,0,cross_race,26-35_0_misdemeanor
6104,4222,,1,0,cross_race,26-35_0_misdemeanor
673,2253,,1,1,same_race,26-35_0_misdemeanor
3071,3439,,0,1,cross_race,26-35_0_misdemeanor
6104,960,,1,1,same_race,26-35_0_misdemeanor
2886,1152,,0,0,same_race,26-35_0_misdemeanor
1149,6507,,0,1,cross_race,26-35_0_misdemeanor
2540,3522,,1,1,same_race,26-35_0_misdemeanor
3439,3034,,1,0,cross_race,26-35_0_misdemeanor
3018,3859,,1,1,same_race,26-35_0_misdemeanor
4222,6802,,0,0,same_race,26-35_0_misdemeanor
6692,3034,,1,0,cross_race,26-35_0_misdemeanor
3295,3018,,0,1,cross_race,26-35_0_misdemeanor
3018,1152,,1,0,cross_race,26-35_0_misdemeanor
6644,6328,,0,0,same_race,26-35_0_misdemeanor
6872,3859,,1,1,same_race,26-35_0_misdemeanor
5659,4490,,1,1,same_race,26-35_0_misdemeanor
6104,6696,,1,1,same_race,26-35_0_misdemeanor
4412,6507,,0,1,cross_race,26-35_0_misdemeanor
1239,6692,,1,1,same_race,26-35_0_misdemeanor
673,4593,,1,1,same_race,26-35_0_misdemeanor
2540,1152,,1,0,cross_race,26-35_0_misdemeanor
673,4000,,1,0,cross_race,26-35_0_misdemeanor
2886,6736,,0,1,cross_race,26-35_0_misdemeanor
4222,6087,,0,1,cross_race,26-35_0_misdemeanor
1149,3018,,0,1,cross_race,26-35_0_misdemeanor
2886,3295,,0,0,same_race,26-35_0_misdemeanor
1239,5861,,1,1,same_race,26-35_0_misdemeanor
4593,1270,,1,1,same_race,26-35_0_misdemeanor
6614,1152,,0,0,same_race,26-35_0_misdemeanor
3682,4399,,0,0,same_race,26-35_0_misdemeanor
4412,4399,,0,0,same_race,26-35_0_misdemeanor
6104,6087,,1,1,same_race,26-35_0_misdemeanor
6104,2540,,1,1,same_race,26-35_0_misdemeanor
4903,4490,,0,1,cross_race,26-35_0_misdemeanor
774,4412,,1,0,cross_race,26-35_0_misdemeanor
1545,4412,,1,0,cross_race,26-35_0_misdemeanor
3295,4593,,0,1,cross_race,26-35_0_misdemeanor
3071,2886,,0,0,same_race,26-35_0_misdemeanor
4222,3034,,0,0,same_race,26-35_0_misdemeanor
6692,2404,,1,1,same_race,26-35_0_misdemeanor
6802,3682,,0,0,same_race,26-35_0_misdemeanor
960,2404,,1,1,same_race,26-35_0_misdemeanor
3859,2253,,1,1,same_race,26-35_0_misdemeanor
4935,1152,,1,0,cross_race,26-35_0_misdemeanor
3682,6736,,0,1,cross_race,26-35_0_misdemeanor
6692,6087,,1,1,same_race,26-35_0_misdemeanor
3071,6614,,0,0,same_race,26-35_0_misdemeanor
4903,1824,,0,1,cross_race,26-35_0_misdemeanor
774,673,,1,1,same_race,26-35_0_misdemeanor
6644,1378,,0,1,cross_race,26-35_0_misdemeanor
3439,1545,,1,1,same_race,26-35_0_misdemeanor
1149,105,,0,0,same_race,26-35_0_misdemeanor
3295,6087,,0,1,cross_race,26-35_0_misdemeanor
1149,4412,,0,0,same_race,26-35_0_misdemeanor
2540,6328,,1,0,cross_race,26-35_0_misdemeanor
2514,4000,,1,0,cross_race,26-35_0_misdemeanor
1239,4935,,1,1,same_race,26-35_0_misdemeanor
1239,4399,,1,0,cross_race,26-35_0_misdemeanor
2253,4000,,1,0,cross_race,26-35_0_misdemeanor
3071,6644,,0,0,same_race,26-35_0_misdemeanor
3522,1824,,1,1,same_race,26-35_0_misdemeanor
1152,1378,,0,1,cross_race,26-35_0_misdemeanor
3295,4935,,0,1,cross_race,26-35_0_misdemeanor
6802,1545,,0,1,cross_race,26-35_0_misdemeanor
2540,3439,,1,1,same_race,26-35_0_misdemeanor
3439,960,,1,1,same_race,26-35_0_misdemeanor
1149,4490,,0,1,cross_race,26-35_0_misdemeanor
5659,3295,,1,0,cross_race,26-35_0_misdemeanor
774,5659,,1,1,same_race,26-35_0_misdemeanor
6311,6696,,0,1,cross_race,26-35_0_misdemeanor
3018,4412,,1,0,cross_race,26-35_0_misdemeanor
3071,4490,,0,1,cross_race,26-35_0_misdemeanor
4222,1152,,0,0,same_race,26-35_0_misdemeanor
4903,1270,,0,1,cross_race,26-35_0_misdemeanor
1239,4490,,1,1,same_race,26-35_0_misdemeanor
105,2351,,0,0,same_race,26-35_0_misdemeanor
4903,6644,,0,0,same_race,26-35_0_misdemeanor
5659,4935,,1,1,same_race,26-35_0_misdemeanor
1270,1824,,1,1,same_race,26-35_0_misdemeanor
6644,2253,,0,1,cross_race,26-35_0_misdemeanor
2886,3439,,0,1,cross_race,26-35_0_misdemeanor
6328,3018,,0,1,cross_race,26-35_0_misdemeanor
6311,1270,,0,1,cross_race,26-35_0_misdemeanor
1545,1824,,1,1,same_race,26-35_0_misdemeanor
3439,673,,1,1,same_race,26-35_0_misdemeanor
3071,3682,,0,0,same_race,26-35_0_misdemeanor
3071,3295,,0,0,same_race,26-35_0_misdemeanor
1239,2886,,1,0,cross_race,26-35_0_misdemeanor
4903,2351,,0,0,same_race,26-35_0_misdemeanor
6644,2514,,0,1,cross_race,26-35_0_misdemeanor
1270,4000,,1,0,cross_race,26-35_0_misdemeanor
4490,1270,,1,1,same_race,26-35_0_misdemeanor
6311,4593,,0,1,cross_race,26-35_0_misdemeanor
6328,105,,0,0,same_race,26-35_0_misdemeanor
3018,2253,,1,1,same_race,26-35_0_misdemeanor
6696,105,,1,0,cross_race,26-35_0_misdemeanor
1152,4412,,0,0,same_race,26-35_0_misdemeanor
6644,2404,,0,1,cross_race,26-35_0_misdemeanor
6328,4593,,0,1,cross_race,26-35_0_misdemeanor
6692,1378,,1,1,same_race,26-35_0_misdemeanor
673,3859,,1,1,same_race,26-35_0_misdemeanor
4903,4412,,0,0,same_race,26-35_0_misdemeanor
774,6311,,1,0,cross_race,26-35_0_misdemeanor
3439,1152,,1,0,cross_race,26-35_0_misdemeanor
2540,1378,,1,1,same_race,26-35_0_misdemeanor
1152,4399,,0,0,same_race,26-35_0_misdemeanor
2886,6696,,0,1,cross_race,26-35_0_misdemeanor
3522,6328,,1,0,cross_race,26-35_0_misdemeanor
6802,1152,,0,0,same_race,26-35_0_misdemeanor
3295,1824,,0,1,cross_race,26-35_0_misdemeanor
4490,4399,,1,0,cross_race,26-35_0_misdemeanor
4935,2404,,1,1,same_race,26-35_0_misdemeanor
4222,6507,,0,1,cross_race,26-35_0_misdemeanor
3682,4593,,0,1,cross_race,26-35_0_misdemeanor
3071,3859,,0,1,cross_race,26-35_0_misdemeanor
3118,2029,,0,1,cross_race,18-25_1-2_felony
4463,5457,,1,0,cross_race,18-25_1-2_felony
4545,6664,,1,1,same_race,18-25_1-2_felony
3015,3620,,1,0,cross_race,18-25_1-2_felony
5290,1241,,0,0,same_race,18-25_1-2_felony
6008,6642,,0,1,cross_race,18-25_1-2_felony
6008,3118,,0,0,same_race,18-25_1-2_felony
6376,5276,,1,1,same_race,18-25_1-2_felony
3820,6529,,1,1,same_race,18-25_1-2_felony
5457,6270,,0,0,same_race,18-25_1-2_felony
5166,1222,,1,1,same_race,18-25_1-2_felony
3118,2940,,0,1,cross_race,18-25_1-2_felony
6254,5747,,1,0,cross_race,18-25_1-2_felony
3524,1241,,1,0,cross_race,18-25_1-2_felony
347,2505,,1,1,same_race,18-25_1-2_felony
4353,6499,,1,1,same_race,18-25_1-2_felony
347,1648,,1,1,same_race,18-25_1-2_felony
6428,3857,,1,1,same_race,18-25_1-2_felony
1979,1768,,1,1,same_race,18-25_1-2_felony
5959,7094,,1,1,same_race,18-25_1-2_felony
4545,5290,,1,0,cross_race,18-25_1-2_felony
5959,5747,,1,0,cross_race,18-25_1-2_felony
548,5276,,0,1,cross_race,18-25_1-2_felony
6008,1886,,0,1,cross_race,18-25_1-2_felony
6119,6336,,1,0,cross_race,18-25_1-2_felony
2843,279,,1,0,cross_race,18-25_1-2_felony
6376,1691,,1,0,cross_race,18-25_1-2_felony
2864,6008,,1,0,cross_race,18-25_1-2_felony
6119,6546,,1,1,same_race,18-25_1-2_felony
2505,6376,,1,1,same_race,18-25_1-2_felony
5888,442,,1,1,same_race,18-25_1-2_felony
631,2085,,0,1,cross_race,18-25_1-2_felony
4353,5993,,1,0,cross_race,18-25_1-2_felony
2121,7094,,1,1,same_race,18-25_1-2_felony
1241,6428,,0,1,cross_race,18-25_1-2_felony
1648,622,,1,0,cross_race,18-25_1-2_felony
4901,2771,,1,0,cross_race,18-25_1-2_felony
3743,1979,,1,1,same_race,18-25_1-2_felony
2771,6132,,0,0,same_race,18-25_1-2_felony
1691,6246,,0,1,cross_race,18-25_1-2_felony
5888,474,,1,1,same_race,18-25_1-2_felony
6546,1886,,1,1,same_race,18-25_1-2_felony
3820,3015,,1,1,same_race,18-25_1-2_felony
4545,1222,,1,1,same_race,18-25_1-2_felony
2940,6336,,1,0,cross_race,18-25_1-2_felony
347,6336,,1,0,cross_race,18-25_1-2_felony
6954,622,,0,0,same_race,18-25_1-2_felony
5899,5249,,1,1,same_race,18-25_1-2_felony
3524,2121,,1,1,same_race,18-25_1-2_felony
631,4813,,0,1,cross_race,18-25_1-2_felony
3629,4353,,1,1,same_race,18-25_1-2_felony
3524,6954,,1,0,cross_race,18-25_1-2_felony
4463,2771,,1,0,cross_race,18-25_1-2_felony
2505,5249,,1,1,same_race,18-25_1-2_felony
4511,6254,,1,1,same_race,18-25_1-2_felony
420,2505,,0,1,cross_race,18-25_1-2_felony
6336,6392,,0,1,cross_race,18-25_1-2_felony
596,1631,,1,1,same_race,18-25_1-2_felony
2940,4713,,1,1,same_race,18-25_1-2_felony
5290,622,,0,0,same_race,18-25_1-2_felony
6642,7143,,1,1,same_race,18-25_1-2_felony
2029,6309,,1,1,same_race,18-25_1-2_felony
5993,4307,,0,0,same_race,18-25_1-2_felony
2940,4932,,1,1,same_race,18-25_1-2_felony
6309,622,,1,0,cross_race,18-25_1-2_felony
2771,1631,,0,1,cross_race,18-25_1-2_felony
3303,6270,,1,0,cross_race,18-25_1-2_felony
2940,2843,,1,1,same_race,18-25_1-2_felony
4307,3857,,0,1,cross_race,18-25_1-2_felony
3620,5290,,0,0,same_race,18-25_1-2_felony
715,6428,,1,1,same_race,18-25_1-2_felony
2940,7129,,1,0,cross_race,18-25_1-2_felony
2085,6709,,1,1,same_race,18-25_1-2_felony
2940,7116,,1,1,same_race,18-25_1-2_felony
1212,6642,,0,1,cross_race,18-25_1-2_felony
6119,3629,,1,1,same_race,18-25_1-2_felony
754,3303,,1,1,same_race,18-25_1-2_felony
420,474,,0,1,cross_race,18-25_1-2_felony
5457,3303,,0,1,cross_race,18-25_1-2_felony
4511,1768,,1,1,same_race,18-25_1-2_felony
2771,5249,,0,1,cross_race,18-25_1-2_felony
3015,6546,,1,1,same_race,18-25_1-2_felony
420,715,,0,1,cross_race,18-25_1-2_felony
5888,5249,,1,1,same_race,18-25_1-2_felony
5993,5899,,0,1,cross_race,18-25_1-2_felony
474,5249,,1,1,same_race,18-25_1-2_felony
2819,1631,,0,1,cross_race,18-25_1-2_felony
5959,4353,,1,1,same_race,18-25_1-2_felony
3743,6309,,1,1,same_race,18-25_1-2_felony
6336,3857,,0,1,cross_race,18-25_1-2_felony
6119,4932,,1,1,same_race,18-25_1-2_felony
2135,5747,,1,0,cross_race,18-25_1-2_felony
2029,2505,,1,1,same_race,18-25_1-2_felony
5888,5959,,1,1,same_race,18-25_1-2_felony
754,5993,,1,0,cross_race,18-25_1-2_felony
6114,6912,,1,1,same_race,18-25_1-2_felony
2864,5747,,1,0,cross_race,18-25_1-2_felony
6119,4511,,1,1,same_race,18-25_1-2_felony
5959,5993,,1,0,cross_race,18-25_1-2_felony
6954,2940,,0,1,cross_race,18-25_1-2_felony
3118,4511,,0,1,cross_race,18-25_1-2_felony
5166,6114,,1,1,same_race,18-25_1-2_felony
7129,5249,,0,1,cross_race,18-25_1-2_felony
5457,5747,,0,0,same_race,18-25_1-2_felony
2346,2843,,1,1,same_race,18-25_1-2_felony
2085,5747,,1,0,cross_race,18-25_1-2_felony
6119,5276,,1,1,same_race,18-25_1-2_felony
6546,7143,,1,1,same_race,18-25_1-2_felony
3620,6336,,0,0,same_race,18-25_1-2_felony
2085,1002,,1,1,same_race,18-25_1-2_felony
6119,6529,,1,1,same_race,18-25_1-2_felony
2864,1222,,1,1,same_race,18-25_1-2_felony
7143,6392,,1,1,same_race,18-25_1-2_felony
2346,3620,,1,0,cross_race,18-25_1-2_felony
1953,5457,,0,0,same_race,18-25_1-2_felony
5111,2819,,1,0,cross_race,18-25_1-2_felony
3598,6912,,1,1,same_race,18-25_1-2_felony
3598,715,,1,1,same_race,18-25_1-2_felony
2864,715,,1,1,same_race,18-25_1-2_felony
3820,2819,,1,0,cross_race,18-25_1-2_felony
4307,1691,,0,0,same_race,18-25_1-2_felony
2346,5899,,1,1,same_race,18-25_1-2_felony
5166,279,,1,0,cross_race,18-25_1-2_felony
3118,5166,,0,1,cross_race,18-25_1-2_felony
5457,1979,,0,1,cross_race,18-25_1-2_felony
2940,2819,,1,0,cross_race,18-25_1-2_felony
4362,2135,,1,1,same_race,18-25_1-2_felony
5888,4932,,1,1,same_race,18-25_1-2_felony
5111,1002,,1,1,same_race,18-25_1-2_felony
6119,5899,,1,1,same_race,18-25_1-2_felony
631,6246,,0,1,cross_race,18-25_1-2_felony
4545,7094,,1,1,same_race,18-25_1-2_felony
6499,6246,,1,1,same_race,18-25_1-2_felony
1648,5111,,1,1,same_race,18-25_1-2_felony
6336,5249,,0,1,cross_race,18-25_1-2_felony
347,6642,,1,1,same_race,18-25_1-2_felony
754,2505,,1,1,same_race,18-25_1-2_felony
2135,6664,,1,1,same_race,18-25_1-2_felony
2864,6912,,1,1,same_race,18-25_1-2_felony
4545,5111,,1,1,same_race,18-25_1-2_felony
2843,5249,,1,1,same_race,18-25_1-2_felony
6008,7143,,0,1,cross_race,18-25_1-2_felony
6954,715,,0,1,cross_race,18-25_1-2_felony
5888,4901,,1,1,same_race,18-25_1-2_felony
3820,6132,,1,0,cross_race,18-25_1-2_felony
6119,6664,,1,1,same_race,18-25_1-2_felony
7094,6477,,1,0,cross_race,18-25_1-2_felony
754,1886,,1,1,same_race,18-25_1-2_felony
6336,1241,,0,0,same_race,18-25_1-2_felony
631,4545,,0,1,cross_race,18-25_1-2_felony
6664,6499,,1,1,same_race,18-25_1-2_felony
7143,1631,,1,1,same_race,18-25_1-2_felony
4463,6499,,1,1,same_race,18-25_1-2_felony
4307,5747,,0,0,same_race,18-25_1-2_felony
1212,5111,,0,1,cross_race,18-25_1-2_felony
3743,442,,1,1,same_race,18-25_1-2_felony
3015,5993,,1,0,cross_race,18-25_1-2_felony
5457,6912,,0,1,cross_race,18-25_1-2_felony
5166,420,,1,0,cross_race,18-25_1-2_felony
4813,754,,1,1,same_race,18-25_1-2_felony
6709,5747,,1,0,cross_race,18-25_1-2_felony
3629,5993,,1,0,cross_race,18-25_1-2_felony
4713,5899,,1,1,same_race,18-25_1-2_felony
3303,6529,,1,1,same_race,18-25_1-2_felony
754,596,,1,1,same_race,18-25_1-2_felony
4463,4932,,1,1,same_race,18-25_1-2_felony
1648,3629,,1,1,same_race,18-25_1-2_felony
2135,715,,1,1,same_race,18-25_1-2_felony
6336,6270,,0,0,same_race,18-25_1-2_felony
4813,7116,,1,1,same_race,18-25_1-2_felony
3524,5290,,1,0,cross_race,18-25_1-2_felony
1648,4545,,1,1,same_race,18-25_1-2_felony
3743,5166,,1,1,same_race,18-25_1-2_felony
1648,3118,,1,0,cross_race,18-25_1-2_felony
3118,4624,,0,0,same_race,18-25_1-2_felony
715,6709,,1,1,same_race,18-25_1-2_felony
6642,1631,,1,1,same_race,18-25_1-2_felony
3820,5276,,1,1,same_race,18-25_1-2_felony
548,3629,,0,1,cross_race,18-25_1-2_felony
3598,6270,,1,0,cross_race,18-25_1-2_felony
6119,2029,,1,1,same_race,18-25_1-2_felony
4362,6376,,1,1,same_race,18-25_1-2_felony
6664,3303,,1,1,same_race,18-25_1-2_felony
3820,6376,,1,1,same_race,18-25_1-2_felony
548,1222,,0,1,cross_race,18-25_1-2_felony
2843,4713,,1,1,same_race,18-25_1-2_felony
6336,5747,,0,0,same_race,18-25_1-2_felony
596,5899,,1,1,same_race,18-25_1-2_felony
3629,6246,,1,1,same_race,18-25_1-2_felony
4813,6912,,1,1,same_race,18-25_1-2_felony
3598,6254,,1,1,same_race,18-25_1-2_felony
715,5276,,1,1,same_race,18-25_1-2_felony
6114,5111,,1,1,same_race,18-25_1-2_felony
347,6114,,1,1,same_race,18-25_1-2_felony
5959,6428,,1,1,same_race,18-25_1-2_felony
2135,6529,,1,1,same_race,18-25_1-2_felony
2346,4932,,1,1,same_race,18-25_1-2_felony
1222,596,,1,1,same_race,18-25_1-2_felony
3743,2505,,1,1,same_race,18-25_1-2_felony
5290,420,,0,0,same_race,18-25_1-2_felony
1979,3857,,1,1,same_race,18-25_1-2_felony
4624,715,,0,1,cross_race,18-25_1-2_felony
1648,6114,,1,1,same_race,18-25_1-2_felony
3820,2940,,1,1,same_race,18-25_1-2_felony
279,622,,0,0,same_race,18-25_1-2_felony
1953,7129,,0,0,same_race,18-25_1-2_felony
474,622,,1,0,cross_race,18-25_1-2_felony
6392,1631,,1,1,same_race,18-25_1-2_felony
754,474,,1,1,same_race,18-25_1-2_felony
2843,5993,,1,0,cross_race,18-25_1-2_felony
4362,2029,,1,1,same_race,18-25_1-2_felony
6376,596,,1,1,same_race,18-25_1-2_felony
6008,5276,,0,1,cross_race,18-25_1-2_felony
347,4813,,1,1,same_race,18-25_1-2_felony
631,6664,,0,1,cross_race,18-25_1-2_felony
2029,2843,,1,1,same_race,18-25_1-2_felony
6270,6709,,0,1,cross_race,18-25_1-2_felony
6336,715,,0,1,cross_race,18-25_1-2_felony
5993,279,,0,0,same_race,18-25_1-2_felony
2135,5249,,1,1,same_race,18-25_1-2_felony
2346,6114,,1,1,same_race,18-25_1-2_felony
4624,4713,,0,1,cross_race,18-25_1-2_felony
3303,1002,,1,1,same_race,18-25_1-2_felony
4901,2085,,1,1,same_race,18-25_1-2_felony
3524,4511,,1,1,same_race,18-25_1-2_felony
2505,6254,,1,1,same_race,18-25_1-2_felony
6132,6392,,0,1,cross_race,18-25_1-2_felony
5290,1222,,0,1,cross_race,18-25_1-2_felony
4901,2505,,1,1,same_race,18-25_1-2_felony
3598,6114,,1,1,same_race,18-25_1-2_felony
6499,1631,,1,1,same_race,18-25_1-2_felony
347,4511,,1,1,same_race,18-25_1-2_felony
5276,5249,,1,1,same_race,18-25_1-2_felony
4353,6254,,1,1,same_race,18-25_1-2_felony
1979,5276,,1,1,same_race,18-25_1-2_felony
1953,6392,,0,1,cross_race,18-25_1-2_felony
2864,5166,,1,1,same_race,18-25_1-2_felony
5959,1979,,1,1,same_race,18-25_1-2_felony
4813,420,,1,0,cross_race,18-25_1-2_felony
3118,5899,,0,1,cross_race,18-25_1-2_felony
6246,7116,,1,1,same_race,18-25_1-2_felony
6336,5993,,0,0,same_race,18-25_1-2_felony
3629,5111,,1,1,same_race,18-25_1-2_felony
3629,2135,,1,1,same_race,18-25_1-2_felony
3629,5290,,1,0,cross_race,18-25_1-2_felony
6270,622,,0,0,same_race,18-25_1-2_felony
2346,6529,,1,1,same_race,18-25_1-2_felony
3015,5747,,1,0,cross_race,18-25_1-2_felony
6546,6309,,1,1,same_race,18-25_1-2_felony
4362,622,,1,0,cross_race,18-25_1-2_felony
2135,442,,1,1,same_race,18-25_1-2_felony
4545,622,,1,0,cross_race,18-25_1-2_felony
474,6529,,1,1,same_race,18-25_1-2_felony
3820,631,,1,0,cross_race,18-25_1-2_felony
6499,474,,1,1,same_race,18-25_1-2_felony
6709,6132,,1,0,cross_race,18-25_1-2_felony
442,6132,,1,0,cross_race,18-25_1-2_felony
2940,7094,,1,1,same_race,18-25_1-2_felony
442,7116,,1,1,same_race,18-25_1-2_felony
3820,6428,,1,1,same_race,18-25_1-2_felony
2121,7143,,1,1,same_race,18-25_1-2_felony
420,6392,,0,1,cross_race,18-25_1-2_felony
3629,6709,,1,1,same_race,18-25_1-2_felony
1212,3620,,0,0,same_race,18-25_1-2_felony
596,6392,,1,1,same_race,18-25_1-2_felony
631,622,,0,0,same_race,18-25_1-2_felony
6954,1631,,0,1,cross_race,18-25_1-2_felony
3620,7094,,0,1,cross_race,18-25_1-2_felony
631,6428,,0,1,cross_race,18-25_1-2_felony
6114,3303,,1,1,same_race,18-25_1-2_felony
3620,6376,,0,1,cross_race,18-25_1-2_felony
6954,6546,,0,1,cross_race,18-25_1-2_felony
4901,3820,,1,1,same_race,18-25_1-2_felony
1979,6132,,1,0,cross_race,18-25_1-2_felony
2346,6309,,1,1,same_race,18-25_1-2_felony
4901,4463,,1,1,same_race,18-25_1-2_felony
3598,1241,,1,0,cross_race,18-25_1-2_felony
4545,2135,,1,1,same_race,18-25_1-2_felony
4353,6246,,1,1,same_race,18-25_1-2_felony
2346,420,,1,0,cross_race,18-25_1-2_felony
5959,4307,,1,0,cross_race,18-25_1-2_felony
1886,622,,1,0,cross_race,18-25_1-2_felony
4932,7129,,1,0,cross_race,18-25_1-2_felony
347,3629,,1,1,same_race,18-25_1-2_felony
548,5899,,0,1,cross_race,18-25_1-2_felony
631,1768,,0,1,cross_race,18-25_1-2_felony
2121,6642,,1,1,same_race,18-25_1-2_felony
4353,7116,,1,1,same_race,18-25_1-2_felony
4545,1768,,1,1,same_race,18-25_1-2_felony
4932,5249,,1,1,same_race,18-25_1-2_felony
6336,442,,0,1,cross_race,18-25_1-2_felony
2864,6254,,1,1,same_race,18-25_1-2_felony
3629,7143,,1,1,same_race,18-25_1-2_felony
2505,6477,,1,0,cross_race,18-25_1-2_felony
4463,7143,,1,1,same_race,18-25_1-2_felony
1886,7094,,1,1,same_race,18-25_1-2_felony
4713,6477,,1,0,cross_race,18-25_1-2_felony
6376,1631,,1,1,same_race,18-25_1-2_felony
420,4353,,0,1,cross_race,18-25_1-2_felony
1002,6392,,1,1,same_race,18-25_1-2_felony
3598,4353,,1,1,same_race,18-25_1-2_felony
3015,6499,,1,1,same_race,18-25_1-2_felony
6499,1691,,1,0,cross_race,18-25_1-2_felony
6546,6246,,1,1,same_race,18-25_1-2_felony
4901,6114,,1,1,same_race,18-25_1-2_felony
2085,5276,,1,1,same_race,18-25_1-2_felony
4624,1953,,0,0,same_race,18-25_1-2_felony
4463,596,,1,1,same_race,18-25_1-2_felony
6392,7116,,1,1,same_race,18-25_1-2_felony
2864,2029,,1,1,same_race,18-25_1-2_felony
5290,4307,,0,0,same_race,18-25_1-2_felony
3303,5249,,1,1,same_race,18-25_1-2_felony
1222,2085,,1,1,same_race,18-25_1-2_felony
4463,6912,,1,1,same_race,18-25_1-2_felony
2771,1691,,0,0,same_race,18-25_1-2_felony
754,6309,,1,1,same_race,18-25_1-2_felony
3015,1979,,1,1,same_race,18-25_1-2_felony
6664,5276,,1,1,same_race,18-25_1-2_felony
6246,6309,,1,1,same_race,18-25_1-2_felony
1953,6270,,0,0,same_race,18-25_1-2_felony
3598,1886,,1,1,same_race,18-25_1-2_felony
5290,596,,0,1,cross_race,18-25_1-2_felony
2121,6709,,1,1,same_race,18-25_1-2_felony
5888,6499,,1,1,same_race,18-25_1-2_felony
1212,6954,,0,0,same_race,18-25_1-2_felony
2029,622,,1,0,cross_race,18-25_1-2_felony
1648,1631,,1,1,same_race,18-25_1-2_felony
5959,4932,,1,1,same_race,18-25_1-2_felony
2029,1979,,1,1,same_race,18-25_1-2_felony
548,1886,,0,1,cross_race,18-25_1-2_felony
3118,5290,,0,0,same_race,18-25_1-2_felony
4813,6132,,1,0,cross_race,18-25_1-2_felony
2346,4813,,1,1,same_race,18-25_1-2_felony
1222,6376,,1,1,same_race,18-25_1-2_felony
4353,2085,,1,1,same_race,18-25_1-2_felony
1648,7094,,1,1,same_race,18-25_1-2_felony
548,6477,,0,0,same_race,18-25_1-2_felony
4463,3857,,1,1,same_race,18-25_1-2_felony
2864,6664,,1,1,same_race,18-25_1-2_felony
3598,6246,,1,1,same_race,18-25_1-2_felony
3118,4307,,0,0,same_race,18-25_1-2_felony
3620,4307,,0,0,same_race,18-25_1-2_felony
548,6008,,0,0,same_race,18-25_1-2_felony
3620,6477,,0,0,same_race,18-25_1-2_felony
3015,6392,,1,1,same_race,18-25_1-2_felony
5249,279,,1,0,cross_race,18-25_1-2_felony
548,6954,,0,0,same_race,18-25_1-2_felony
3629,1241,,1,0,cross_race,18-25_1-2_felony
2843,6254,,1,1,same_race,18-25_1-2_felony
2940,6642,,1,1,same_race,18-25_1-2_felony
5290,6428,,0,1,cross_race,18-25_1-2_felony
754,1631,,1,1,same_race,18-25_1-2_felony
6336,1002,,0,1,cross_race,18-25_1-2_felony
5166,6428,,1,1,same_race,18-25_1-2_felony
5249,1631,,1,1,same_race,18-25_1-2_felony
7143,6499,,1,1,same_race,18-25_1-2_felony
4511,5249,,1,1,same_race,18-25_1-2_felony
2843,6309,,1,1,same_race,18-25_1-2_felony
6428,1002,,1,1,same_race,18-25_1-2_felony
4713,7094,,1,1,same_race,18-25_1-2_felony
1648,2121,,1,1,same_race,18-25_1-2_felony
420,7129,,0,0,same_race,18-25_1-2_felony
1691,5276,,0,1,cross_race,18-25_1-2_felony
3820,4307,,1,0,cross_race,18-25_1-2_felony
6132,1886,,0,1,cross_race,18-25_1-2_felony
2505,1691,,1,0,cross_race,18-25_1-2_felony
3820,420,,1,0,cross_race,18-25_1-2_felony
548,1691,,0,0,same_race,18-25_1-2_felony
2085,6132,,1,0,cross_race,18-25_1-2_felony
631,3303,,0,1,cross_race,18-25_1-2_felony
4353,6664,,1,1,same_race,18-25_1-2_felony
6254,279,,1,0,cross_race,18-25_1-2_felony
5166,6529,,1,1,same_race,18-25_1-2_felony
1648,7116,,1,1,same_race,18-25_1-2_felony
6546,279,,1,0,cross_race,18-25_1-2_felony
6309,7094,,1,1,same_race,18-25_1-2_felony
3015,6114,,1,1,same_race,18-25_1-2_felony
1212,6912,,0,1,cross_race,18-25_1-2_felony
4901,3743,,1,1,same_race,18-25_1-2_felony
3118,7116,,0,1,cross_race,18-25_1-2_felony
6642,279,,1,0,cross_race,18-25_1-2_felony
2843,6529,,1,1,same_race,18-25_1-2_felony
5166,2819,,1,0,cross_race,18-25_1-2_felony
548,2085,,0,1,cross_race,18-25_1-2_felony
6270,6376,,0,1,cross_race,18-25_1-2_felony
1241,6246,,0,1,cross_race,18-25_1-2_felony
7143,5747,,1,0,cross_race,18-25_1-2_felony
5457,7094,,0,1,cross_race,18-25_1-2_felony
548,622,,0,0,same_race,18-25_1-2_felony
3629,5899,,1,1,same_race,18-25_1-2_felony
4307,6392,,0,1,cross_race,18-25_1-2_felony
2864,5457,,1,0,cross_race,18-25_1-2_felony
3820,6392,,1,1,same_race,18-25_1-2_felony
2505,596,,1,1,same_race,18-25_1-2_felony
6954,6392,,0,1,cross_race,18-25_1-2_felony
4545,4713,,1,1,same_race,18-25_1-2_felony
6114,6309,,1,1,same_race,18-25_1-2_felony
715,2085,,1,1,same_race,18-25_1-2_felony
1691,6529,,0,1,cross_race,18-25_1-2_felony
2085,6392,,1,1,same_race,18-25_1-2_felony
5959,4813,,1,1,same_race,18-25_1-2_felony
4813,2121,,1,1,same_race,18-25_1-2_felony
6499,1002,,1,1,same_race,18-25_1-2_felony
6376,474,,1,1,same_race,18-25_1-2_felony
3629,1886,,1,1,same_race,18-25_1-2_felony
1886,6912,,1,1,same_race,18-25_1-2_felony
754,5276,,1,1,same_race,18-25_1-2_felony
6664,6529,,1,1,same_race,18-25_1-2_felony
6954,4463,,0,1,cross_race,18-25_1-2_felony
4307,6709,,0,1,cross_race,18-25_1-2_felony
4511,7129,,1,0,cross_race,18-25_1-2_felony
5993,4932,,0,1,cross_race,18-25_1-2_felony
442,7129,,1,0,cross_race,18-25_1-2_felony
1953,6546,,0,1,cross_race,18-25_1-2_felony
3629,6477,,1,0,cross_race,18-25_1-2_felony
6664,5249,,1,1,same_race,18-25_1-2_felony
3524,4813,,1,1,same_race,18-25_1-2_felony
347,596,,1,1,same_race,18-25_1-2_felony
2940,2771,,1,0,cross_race,18-25_1-2_felony
3524,1953,,1,0,cross_race,18-25_1-2_felony
1953,6499,,0,1,cross_race,18-25_1-2_felony
5959,279,,1,0,cross_race,18-25_1-2_felony
6336,3303,,0,1,cross_race,18-25_1-2_felony
4307,596,,0,1,cross_race,18-25_1-2_felony
3303,6376,,1,1,same_race,18-25_1-2_felony
1241,2819,,0,0,same_race,18-25_1-2_felony
347,1222,,1,1,same_race,18-25_1-2_felony
6642,6529,,1,1,same_race,18-25_1-2_felony
1886,6392,,1,1,same_race,18-25_1-2_felony
3598,2843,,1,1,same_race,18-25_1-2_felony
5166,2843,,1,1,same_race,18-25_1-2_felony
1691,1768,,0,1,cross_race,18-25_1-2_felony
2843,6428,,1,1,same_race,18-25_1-2_felony
4545,1241,,1,0,cross_race,18-25_1-2_felony
3524,6529,,1,1,same_race,18-25_1-2_felony
6119,4463,,1,1,same_race,18-25_1-2_felony
1222,7116,,1,1,same_race,18-25_1-2_felony
6529,279,,1,0,cross_race,18-25_1-2_felony
754,2135,,1,1,same_race,18-25_1-2_felony
3015,6642,,1,1,same_race,18-25_1-2_felony
6642,6392,,1,1,same_race,18-25_1-2_felony
3118,754,,0,1,cross_race,18-25_1-2_felony
4901,4713,,1,1,same_race,18-25_1-2_felony
2346,1953,,1,0,cross_race,18-25_1-2_felony
3620,6642,,0,1,cross_race,18-25_1-2_felony
3820,2121,,1,1,same_race,18-25_1-2_felony
4932,5899,,1,1,same_race,18-25_1-2_felony
2940,5993,,1,0,cross_race,18-25_1-2_felony
3524,1222,,1,1,same_race,18-25_1-2_felony
6954,6336,,0,0,same_race,18-25_1-2_felony
4362,6546,,1,1,same_race,18-25_1-2_felony
3118,6270,,0,0,same_race,18-25_1-2_felony
1648,6392,,1,1,same_race,18-25_1-2_felony
6954,1768,,0,1,cross_race,18-25_1-2_felony
4901,1979,,1,1,same_race,18-25_1-2_felony
4353,1979,,1,1,same_race,18-25_1-2_felony
5166,596,,1,1,same_race,18-25_1-2_felony
4901,6642,,1,1,same_race,18-25_1-2_felony
420,6664,,0,1,cross_race,18-25_1-2_felony
4901,6119,,1,1,same_race,18-25_1-2_felony
6132,5747,,0,0,same_race,18-25_1-2_felony
1222,2843,,1,1,same_race,18-25_1-2_felony
5276,5899,,1,1,same_race,18-25_1-2_felony
2346,6428,,1,1,same_race,18-25_1-2_felony
3303,6392,,1,1,same_race,18-25_1-2_felony
1953,6529,,0,1,cross_race,18-25_1-2_felony
1648,6309,,1,1,same_race,18-25_1-2_felony
3820,279,,1,0,cross_race,18-25_1-2_felony
5166,1002,,1,1,same_race,18-25_1-2_felony
548,4813,,0,1,cross_race,18-25_1-2_felony
1212,420,,0,0,same_race,18-25_1-2_felony
1691,7094,,0,1,cross_race,18-25_1-2_felony
1222,2505,,1,1,same_race,18-25_1-2_felony
2029,6270,,1,0,cross_race,18-25_1-2_felony
548,5747,,0,0,same_race,18-25_1-2_felony
3629,1002,,1,1,same_race,18-25_1-2_felony
1212,2940,,0,1,cross_race,18-25_1-2_felony
2346,6008,,1,0,cross_race,18-25_1-2_felony
2819,1768,,0,1,cross_race,18-25_1-2_felony
754,6709,,1,1,same_race,18-25_1-2_felony
347,6954,,1,0,cross_race,18-25_1-2_felony
4463,1631,,1,1,same_race,18-25_1-2_felony
2864,1631,,1,1,same_race,18-25_1-2_felony
5888,6246,,1,1,same_race,18-25_1-2_felony
5290,4624,,0,0,same_race,18-25_1-2_felony
631,5747,,0,0,same_race,18-25_1-2_felony
3743,6546,,1,1,same_race,18-25_1-2_felony
347,1691,,1,0,cross_race,18-25_1-2_felony
2843,6246,,1,1,same_race,18-25_1-2_felony
3598,754,,1,1,same_race,18-25_1-2_felony
3598,1222,,1,1,same_race,18-25_1-2_felony
6008,2121,,0,1,cross_race,18-25_1-2_felony
2940,4624,,1,0,cross_race,18-25_1-2_felony
6954,1691,,0,0,same_race,18-25_1-2_felony
1212,6270,,0,0,same_race,18-25_1-2_felony
1886,6254,,1,1,same_race,18-25_1-2_felony
6954,7094,,0,1,cross_race,18-25_1-2_felony
3118,715,,0,1,cross_race,18-25_1-2_felony
6336,4713,,0,1,cross_race,18-25_1-2_felony
442,6428,,1,1,same_race,18-25_1-2_felony
1377,4218,,1,1,same_race,18-25_3-5_felony
1377,1463,,1,1,same_race,18-25_3-5_felony
1377,4453,,1,0,cross_race,18-25_3-5_felony
1377,2274,,1,1,same_race,18-25_3-5_felony
1377,1461,,1,1,same_race,18-25_3-5_felony
1377,5117,,1,1,same_race,18-25_3-5_felony
1377,2476,,1,0,cross_race,18-25_3-5_felony
1377,4231,,1,1,same_race,18-25_3-5_felony
1377,657,,1,1,same_race,18-25_3-5_felony
1377,5216,,1,1,same_race,18-25_3-5_felony
1377,5073,,1,1,same_race,18-25_3-5_felony
1377,2294,,1,1,same_race,18-25_3-5_felony
1377,7033,,1,1,same_race,18-25_3-5_felony
1377,2224,,1,0,cross_race,18-25_3-5_felony
1377,3653,,1,1,same_race,18-25_3-5_felony
1377,6433,,1,1,same_race,18-25_3-5_felony
1377,6681,,1,1,same_race,18-25_3-5_felony
1377,3868,,1,1,same_race,18-25_3-5_felony
1377,2139,,1,1,same_race,18-25_3-5_felony
1377,4776,,1,1,same_race,18-25_3-5_felony
1377,555,,1,1,same_race,18-25_3-5_felony
1377,5626,,1,0,cross_race,18-25_3-5_felony
1377,5960,,1,1,same_race,18-25_3-5_felony
1377,6344,,1,1,same_race,18-25_3-5_felony
1377,5859,,1,0,cross_race,18-25_3-5_felony
4218,1463,,1,1,same_race,18-25_3-5_felony
4218,4453,,1,0,cross_race,18-25_3-5_felony
4218,2274,,1,1,same_race,18-25_3-5_felony
4218,1461,,1,1,same_race,18-25_3-5_felony
4218,5117,,1,1,same_race,18-25_3-5_felony
4218,2476,,1,0,cross_race,18-25_3-5_felony
4218,4231,,1,1,same_race,18-25_3-5_felony
4218,657,,1,1,same_race,18-25_3-5_felony
4218,5216,,1,1,same_race,18-25_3-5_felony
4218,5073,,1,1,same_race,18-25_3-5_felony
4218,2294,,1,1,same_race,18-25_3-5_felony
4218,7033,,1,1,same_race,18-25_3-5_felony
4218,2224,,1,0,cross_race,18-25_3-5_felony
4218,3653,,1,1,same_race,18-25_3-5_felony
4218,6433,,1,1,same_race,18-25_3-5_felony
4218,6681,,1,1,same_race,18-25_3-5_felony
4218,3868,,1,1,same_race,18-25_3-5_felony
4218,2139,,1,1,same_race,18-25_3-5_felony
4218,4776,,1,1,same_race,18-25_3-5_felony
4218,555,,1,1,same_race,18-25_3-5_felony
4218,5626,,1,0,cross_race,18-25_3-5_felony
4218,5960,,1,1,same_race,18-25_3-5_felony
4218,6344,,1,1,same_race,18-25_3-5_felony
4218,5859,,1,0,cross_race,18-25_3-5_felony
1463,4453,,1,0,cross_race,18-25_3-5_felony
1463,2274,,1,1,same_race,18-25_3-5_felony
1463,1461,,1,1,same_race,18-25_3-5_felony
1463,5117,,1,1,same_race,18-25_3-5_felony
1463,2476,,1,0,cross_race,18-25_3-5_felony
1463,4231,,1,1,same_race,18-25_3-5_felony
1463,657,,1,1,same_race,18-25_3-5_felony
1463,5216,,1,1,same_race,18-25_3-5_felony
1463,5073,,1,1,same_race,18-25_3-5_felony
1463,2294,,1,1,same_race,18-25_3-5_felony
1463,7033,,1,1,same_race,18-25_3-5_felony
1463,2224,,1,0,cross_race,18-25_3-5_felony
1463,3653,,1,1,same_race,18-25_3-5_felony
1463,6433,,1,1,same_race,18-25_3-5_felony
1463,6681,,1,1,same_race,18-25_3-5_felony
1463,3868,,1,1,same_race,18-25_3-5_felony
1463,2139,,1,1,same_race,18-25_3-5_felony
1463,4776,,1,1,same_race,18-25_3-5_felony
1463,555,,1,1,same_race,18-25_3-5_felony
1463,5626,,1,0,cross_race,18-25_3-5_felony
1463,5960,,1,1,same_race,18-25_3-5_felony
1463,6344,,1,1,same_race,18-25_3-5_felony
1463,5859,,1,0,cross_race,18-25_3-5_felony
4453,2274,,0,1,cross_race,18-25_3-5_felony
4453,1461,,0,1,cross_race,18-25_3-5_felony
4453,5117,,0,1,cross_race,18-25_3-5_felony
4453,2476,,0,0,same_race,18-25_3-5_felony
4453,4231,,0,1,cross_race,18-25_3-5_felony
4453,657,,0,1,cross_race,18-25_3-5_felony
4453,5216,,0,1,cross_race,18-25_3-5_felony
4453,5073,,0,1,cross_race,18-25_3-5_felony
4453,2294,,0,1,cross_race,18-25_3-5_felony
4453,7033,,0,1,cross_race,18-25_3-5_felony
4453,2224,,0,0,same_race,18-25_3-5_felony
4453,3653,,0,1,cross_race,18-25_3-5_felony
4453,6433,,0,1,cross_race,18-25_3-5_felony
4453,6681,,0,1,cross_race,18-25_3-5_felony
4453,3868,,0,1,cross_race,18-25_3-5_felony
4453,2139,,0,1,cross_race,18-25_3-5_felony
4453,4776,,0,1,cross_race,18-25_3-5_felony
4453,555,,0,1,cross_race,18-25_3-5_felony
4453,5626,,0,0,same_race,18-25_3-5_felony
4453,5960,,0,1,cross_race,18-25_3-5_felony
4453,6344,,0,1,cross_race,18-25_3-5_felony
4453,5859,,0,0,same_race,18-25_3-5_felony
2274,1461,,1,1,same_race,18-25_3-5_felony
2274,5117,,1,1,same_race,18-25_3-5_felony
2274,2476,,1,0,cross_race,18-25_3-5_felony
2274,4231,,1,1,same_race,18-25_3-5_felony
2274,657,,1,1,same_race,18-25_3-5_felony
2274,5216,,1,1,same_race,18-25_3-5_felony
2274,5073,,1,1,same_race,18-25_3-5_felony
2274,2294,,1,1,same_race,18-25_3-5_felony
2274,7033,,1,1,same_race,18-25_3-5_felony
2274,2224,,1,0,cross_race,18-25_3-5_felony
2274,3653,,1,1,same_race,18-25_3-5_felony
2274,6433,,1,1,same_race,18-25_3-5_felony
2274,6681,,1,1,same_race,18-25_3-5_felony
2274,3868,,1,1,same_race,18-25_3-5_felony
2274,2139,,1,1,same_race,18-25_3-5_felony
2274,4776,,1,1,same_race,18-25_3-5_felony
2274,555,,1,1,same_race,18-25_3-5_felony
2274,5626,,1,0,cross_race,18-25_3-5_felony
2274,5960,,1,1,same_race,18-25_3-5_felony
2274,6344,,1,1,same_race,18-25_3-5_felony
2274,5859,,1,0,cross_race,18-25_3-5_felony
1461,5117,,1,1,same_race,18-25_3-5_felony
1461,2476,,1,0,cross_race,18-25_3-5_felony
1461,4231,,1,1,same_race,18-25_3-5_felony
1461,657,,1,1,same_race,18-25_3-5_felony
1461,5216,,1,1,same_race,18-25_3-5_felony
1461,5073,,1,1,same_race,18-25_3-5_felony
1461,2294,,1,1,same_race,18-25_3-5_felony
1461,7033,,1,1,same_race,18-25_3-5_felony
1461,2224,,1,0,cross_race,18-25_3-5_felony
1461,3653,,1,1,same_race,18-25_3-5_felony
1461,6433,,1,1,same_race,18-25_3-5_felony
1461,6681,,1,1,same_race,18-25_3-5_felony
1461,3868,,1,1,same_race,18-25_3-5_felony
1461,2139,,1,1,same_race,18-25_3-5_felony
1461,4776,,1,1,same_race,18-25_3-5_felony
1461,555,,1,1,same_race,18-25_3-5_felony
1461,5626,,1,0,cross_race,18-25_3-5_felony
1461,5960,,1,1,same_race,18-25_3-5_felony
1461,6344,,1,1,same_race,18-25_3-5_felony
1461,5859,,1,0,cross_race,18-25_3-5_felony
5117,2476,,1,0,cross_race,18-25_3-5_felony
5117,4231,,1,1,same_race,18-25_3-5_felony
5117,657,,1,1,same_race,18-25_3-5_felony
5117,5216,,1,1,same_race,18-25_3-5_felony
5117,5073,,1,1,same_race,18-25_3-5_felony
5117,2294,,1,1,same_race,18-25_3-5_felony
5117,7033,,1,1,same_race,18-25_3-5_felony
5117,2224,,1,0,cross_race,18-25_3-5_felony
5117,3653,,1,1,same_race,18-25_3-5_felony
5117,6433,,1,1,same_race,18-25_3-5_felony
5117,6681,,1,1,same_race,18-25_3-5_felony
5117,3868,,1,1,same_race,18-25_3-5_felony
5117,2139,,1,1,same_race,18-25_3-5_felony
5117,4776,,1,1,same_race,18-25_3-5_felony
5117,555,,1,1,same_race,18-25_3-5_felony
5117,5626,,1,0,cross_race,18-25_3-5_felony
5117,5960,,1,1,same_race,18-25_3-5_felony
5117,6344,,1,1,same_race,18-25_3-5_felony
5117,5859,,1,0,cross_race,18-25_3-5_felony
2476,4231,,0,1,cross_race,18-25_3-5_felony
2476,657,,0,1,cross_race,18-25_3-5_felony
2476,5216,,0,1,cross_race,18-25_3-5_felony
2476,5073,,0,1,cross_race,18-25_3-5_felony
2476,2294,,0,1,cross_race,18-25_3-5_felony
2476,7033,,0,1,cross_race,18-25_3-5_felony
2476,2224,,0,0,same_race,18-25_3-5_felony
2476,3653,,0,1,cross_race,18-25_3-5_felony
2476,6433,,0,1,cross_race,18-25_3-5_felony
2476,6681,,0,1,cross_race,18-25_3-5_felony
2476,3868,,0,1,cross_race,18-25_3-5_felony
2476,2139,,0,1,cross_race,18-25_3-5_felony
2476,4776,,0,1,cross_race,18-25_3-5_felony
2476,555,,0,1,cross_race,18-25_3-5_felony
2476,5626,,0,0,same_race,18-25_3-5_felony
2476,5960,,0,1,cross_race,18-25_3-5_felony
2476,6344,,0,1,cross_race,18-25_3-5_felony
2476,5859,,0,0,same_race,18-25_3-5_felony
4231,657,,1,1,same_race,18-25_3-5_felony
4231,5216,,1,1,same_race,18-25_3-5_felony
4231,5073,,1,1,same_race,18-25_3-5_felony
4231,2294,,1,1,same_race,18-25_3-5_felony
4231,7033,,1,1,same_race,18-25_3-5_felony
4231,2224,,1,0,cross_race,18-25_3-5_felony
4231,3653,,1,1,same_race,18-25_3-5_felony
4231,6433,,1,1,same_race,18-25_3-5_felony
4231,6681,,1,1,same_race,18-25_3-5_felony
4231,3868,,1,1,same_race,18-25_3-5_felony
4231,2139,,1,1,same_race,18-25_3-5_felony
4231,4776,,1,1,same_race,18-25_3-5_felony
4231,555,,1,1,same_race,18-25_3-5_felony
4231,5626,,1,0,cross_race,18-25_3-5_felony
4231,5960,,1,1,same_race,18-25_3-5_felony
4231,6344,,1,1,same_race,18-25_3-5_felony
4231,5859,,1,0,cross_race,18-25_3-5_felony
657,5216,,1,1,same_race,18-25_3-5_felony
657,5073,,1,1,same_race,18-25_3-5_felony
657,2294,,1,1,same_race,18-25_3-5_felony
657,7033,,1,1,same_race,18-25_3-5_felony
657,2224,,1,0,cross_race,18-25_3-5_felony
657,3653,,1,1,same_race,18-25_3-5_felony
657,6433,,1,1,same_race,18-25_3-5_felony
657,6681,,1,1,same_race,18-25_3-5_felony
657,3868,,1,1,same_race,18-25_3-5_felony
657,2139,,1,1,same_race,18-25_3-5_felony
657,4776,,1,1,same_race,18-25_3-5_felony
657,555,,1,1,same_race,18-25_3-5_felony
657,5626,,1,0,cross_race,18-25_3-5_felony
657,5960,,1,1,same_race,18-25_3-5_felony
657,6344,,1,1,same_race,18-25_3-5_felony
657,5859,,1,0,cross_race,18-25_3-5_felony
5216,5073,,1,1,same_race,18-25_3-5_felony
5216,2294,,1,1,same_race,18-25_3-5_felony
5216,7033,,1,1,same_race,18-25_3-5_felony
5216,2224,,1,0,cross_race,18-25_3-5_felony
5216,3653,,1,1,same_race,18-25_3-5_felony
5216,6433,,1,1,same_race,18-25_3-5_felony
5216,6681,,1,1,same_race,18-25_3-5_felony
5216,3868,,1,1,same_race,18-25_3-5_felony
5216,2139,,1,1,same_race,18-25_3-5_felony
5216,4776,,1,1,same_race,18-25_3-5_felony
5216,555,,1,1,same_race,18-25_3-5_felony
5216,5626,,1,0,cross_race,18-25_3-5_felony
5216,5960,,1,1,same_race,18-25_3-5_felony
5216,6344,,1,1,same_race,18-25_3-5_felony
5216,5859,,1,0,cross_race,18-25_3-5_felony
5073,2294,,1,1,same_race,18-25_3-5_felony
5073,7033,,1,1,same_race,18-25_3-5_felony
5073,2224,,1,0,cross_race,18-25_3-5_felony
5073,3653,,1,1,same_race,18-25_3-5_felony
5073,6433,,1,1,same_race,18-25_3-5_felony
5073,6681,,1,1,same_race,18-25_3-5_felony
5073,3868,,1,1,same_race,18-25_3-5_felony
5073,2139,,1,1,same_race,18-25_3-5_felony
5073,4776,,1,1,same_race,18-25_3-5_felony
5073,555,,1,1,same_race,18-25_3-5_felony
5073,5626,,1,0,cross_race,18-25_3-5_felony
5073,5960,,1,1,same_race,18-25_3-5_felony
5073,6344,,1,1,same_race,18-25_3-5_felony
5073,5859,,1,0,cross_race,18-25_3-5_felony
2294,7033,,1,1,same_race,18-25_3-5_felony
2294,2224,,1,0,cross_race,18-25_3-5_felony
2294,3653,,1,1,same_race,18-25_3-5_felony
2294,6433,,1,1,same_race,18-25_3-5_felony
2294,6681,,1,1,same_race,18-25_3-5_felony
2294,3868,,1,1,same_race,18-25_3-5_felony
2294,2139,,1,1,same_race,18-25_3-5_felony
2294,4776,,1,1,same_race,18-25_3-5_felony
2294,555,,1,1,same_race,18-25_3-5_felony
2294,5626,,1,0,cross_race,18-25_3-5_felony
2294,5960,,1,1,same_race,18-25_3-5_felony
2294,6344,,1,1,same_race,18-25_3-5_felony
2294,5859,,1,0,cross_race,18-25_3-5_felony
7033,2224,,1,0,cross_race,18-25_3-5_felony
7033,3653,,1,1,same_race,18-25_3-5_felony
7033,6433,,1,1,same_race,18-25_3-5_felony
7033,6681,,1,1,same_race,18-25_3-5_felony
7033,3868,,1,1,same_race,18-25_3-5_felony
7033,2139,,1,1,same_race,18-25_3-5_felony
7033,4776,,1,1,same_race,18-25_3-5_felony
7033,555,,1,1,same_race,18-25_3-5_felony
7033,5626,,1,0,cross_race,18-25_3-5_felony
7033,5960,,1,1,same_race,18-25_3-5_felony
7033,6344,,1,1,same_race,18-25_3-5_felony
7033,5859,,1,0,cross_race,18-25_3-5_felony
2224,3653,,0,1,cross_race,18-25_3-5_felony
2224,6433,,0,1,cross_race,18-25_3-5_felony
2224,6681,,0,1,cross_race,18-25_3-5_felony
2224,3868,,0,1,cross_race,18-25_3-5_felony
2224,2139,,0,1,cross_race,18-25_3-5_felony
2224,4776,,0,1,cross_race,18-25_3-5_felony
2224,555,,0,1,cross_race,18-25_3-5_felony
2224,5626,,0,0,same_race,18-25_3-5_felony
2224,5960,,0,1,cross_race,18-25_3-5_felony
2224,6344,,0,1,cross_race,18-25_3-5_felony
2224,5859,,0,0,same_race,18-25_3-5_felony
3653,6433,,1,1,same_race,18-25_3-5_felony
3653,6681,,1,1,same_race,18-25_3-5_felony
3653,3868,,1,1,same_race,18-25_3-5_felony
3653,2139,,1,1,same_race,18-25_3-5_felony
3653,4776,,1,1,same_race,18-25_3-5_felony
3653,555,,1,1,same_race,18-25_3-5_felony
3653,5626,,1,0,cross_race,18-25_3-5_felony
3653,5960,,1,1,same_race,18-25_3-5_felony
3653,6344,,1,1,same_race,18-25_3-5_felony
3653,5859,,1,0,cross_race,18-25_3-5_felony
6433,6681,,1,1,same_race,18-25_3-5_felony
6433,3868,,1,1,same_race,18-25_3-5_felony
6433,2139,,1,1,same_race,18-25_3-5_felony
6433,4776,,1,1,same_race,18-25_3-5_felony
6433,555,,1,1,same_race,18-25_3-5_felony
6433,5626,,1,0,cross_race,18-25_3-5_felony
6433,5960,,1,1,same_race,18-25_3-5_felony
6433,6344,,1,1,same_race,18-25_3-5_felony
6433,5859,,1,0,cross_race,18-25_3-5_felony
6681,3868,,1,1,same_race,18-25_3-5_felony
6681,2139,,1,1,same_race,18-25_3-5_felony
6681,4776,,1,1,same_race,18-25_3-5_felony
6681,555,,1,1,same_race,18-25_3-5_felony
6681,5626,,1,0,cross_race,18-25_3-5_felony
6681,5960,,1,1,same_race,18-25_3-5_felony
6681,6344,,1,1,same_race,18-25_3-5_felony
6681,5859,,1,0,cross_race,18-25_3-5_felony
3868,2139,,1,1,same_race,18-25_3-5_felony
3868,4776,,1,1,same_race,18-25_3-5_felony
3868,555,,1,1,same_race,18-25_3-5_felony
3868,5626,,1,0,cross_race,18-25_3-5_felony
3868,5960,,1,1,same_race,18-25_3-5_felony
3868,6344,,1,1,same_race,18-25_3-5_felony
3868,5859,,1,0,cross_race,18-25_3-5_felony
2139,4776,,1,1,same_race,18-25_3-5_felony
2139,555,,1,1,same_race,18-25_3-5_felony
2139,5626,,1,0,cross_race,18-25_3-5_felony
2139,5960,,1,1,same_race,18-25_3-5_felony
2139,6344,,1,1,same_race,18-25_3-5_felony
2139,5859,,1,0,cross_race,18-25_3-5_felony
4776,555,,1,1,same_race,18-25_3-5_felony
4776,5626,,1,0,cross_race,18-25_3-5_felony
4776,5960,,1,1,same_race,18-25_3-5_felony
4776,6344,,1,1,same_race,18-25_3-5_felony
4776,5859,,1,0,cross_race,18-25_3-5_felony
555,5626,,1,0,cross_race,18-25_3-5_felony
555,5960,,1,1,same_race,18-25_3-5_felony
555,6344,,1,1,same_race,18-25_3-5_felony
555,5859,,1,0,cross_race,18-25_3-5_felony
5626,5960,,0,1,cross_race,18-25_3-5_felony
5626,6344,,0,1,cross_race,18-25_3-5_felony
5626,5859,,0,0,same_race,18-25_3-5_felony
5960,6344,,1,1,same_race,18-25_3-5_felony
5960,5859,,1,0,cross_race,18-25_3-5_felony
6344,5859,,1,0,cross_race,18-25_3-5_felony
2150,5142,,1,1,same_race,36+_6+_misdemeanor
2150,2822,,1,1,same_race,36+_6+_misdemeanor
2150,3289,,1,1,same_race,36+_6+_misdemeanor
2150,1813,,1,1,same_race,36+_6+_misdemeanor
2150,7181,,1,1,same_race,36+_6+_misdemeanor
2150,248,,1,0,cross_race,36+_6+_misdemeanor
2150,1164,,1,1,same_race,36+_6+_misdemeanor
2150,1493,,1,1,same_race,36+_6+_misdemeanor
2150,3368,,1,1,same_race,36+_6+_misdemeanor
2150,5253,,1,1,same_race,36+_6+_misdemeanor
2150,2833,,1,1,same_race,36+_6+_misdemeanor
2150,3877,,1,1,same_race,36+_6+_misdemeanor
2150,4837,,1,1,same_race,36+_6+_misdemeanor
2150,862,,1,1,same_race,36+_6+_misdemeanor
2150,7074,,1,1,same_race,36+_6+_misdemeanor
2150,471,,1,1,same_race,36+_6+_misdemeanor
2150,985,,1,1,same_race,36+_6+_misdemeanor
2150,6182,,1,0,cross_race,36+_6+_misdemeanor
2150,5265,,1,1,same_race,36+_6+_misdemeanor
2150,4296,,1,0,cross_race,36+_6+_misdemeanor
2150,4909,,1,1,same_race,36+_6+_misdemeanor
2150,1836,,1,1,same_race,36+_6+_misdemeanor
2150,4722,,1,1,same_race,36+_6+_misdemeanor
2150,1028,,1,1,same_race,36+_6+_misdemeanor
2150,2024,,1,1,same_race,36+_6+_misdemeanor
5142,2822,,1,1,same_race,36+_6+_misdemeanor
5142,3289,,1,1,same_race,36+_6+_misdemeanor
5142,1813,,1,1,same_race,36+_6+_misdemeanor
5142,7181,,1,1,same_race,36+_6+_misdemeanor
5142,248,,1,0,cross_race,36+_6+_misdemeanor
5142,1164,,1,1,same_race,36+_6+_misdemeanor
5142,1493,,1,1,same_race,36+_6+_misdemeanor
5142,3368,,1,1,same_race,36+_6+_misdemeanor
5142,5253,,1,1,same_race,36+_6+_misdemeanor
5142,2833,,1,1,same_race,36+_6+_misdemeanor
5142,3877,,1,1,same_race,36+_6+_misdemeanor
5142,4837,,1,1,same_race,36+_6+_misdemeanor
5142,862,,1,1,same_race,36+_6+_misdemeanor
5142,7074,,1,1,same_race,36+_6+_misdemeanor
5142,471,,1,1,same_race,36+_6+_misdemeanor
5142,985,,1,1,same_race,36+_6+_misdemeanor
5142,6182,,1,0,cross_race,36+_6+_misdemeanor
5142,5265,,1,1,same_race,36+_6+_misdemeanor
5142,4296,,1,0,cross_race,36+_6+_misdemeanor
5142,4909,,1,1,same_race,36+_6+_misdemeanor
5142,1836,,1,1,same_race,36+_6+_misdemeanor
5142,4722,,1,1,same_race,36+_6+_misdemeanor
5142,1028,,1,1,same_race,36+_6+_misdemeanor
5142,2024,,1,1,same_race,36+_6+_misdemeanor
2822,3289,,1,1,same_race,36+_6+_misdemeanor
2822,1813,,1,1,same_race,36+_6+_misdemeanor
2822,7181,,1,1,same_race,36+_6+_misdemeanor
2822,248,,1,0,cross_race,36+_6+_misdemeanor
2822,1164,,1,1,same_race,36+_6+_misdemeanor
2822,1493,,1,1,same_race,36+_6+_misdemeanor
2822,3368,,1,1,same_race,36+_6+_misdemeanor
2822,5253,,1,1,same_race,36+_6+_misdemeanor
2822,2833,,1,1,same_race,36+_6+_misdemeanor
2822,3877,,1,1,same_race,36+_6+_misdemeanor
2822,4837,,1,1,same_race,36+_6+_misdemeanor
2822,862,,1,1,same_race,36+_6+_misdemeanor
2822,7074,,1,1,same_race,36+_6+_misdemeanor
2822,471,,1,1,same_race,36+_6+_misdemeanor
2822,985,,1,1,same_race,36+_6+_misdemeanor
2822,6182,,1,0,cross_race,36+_6+_misdemeanor
2822,5265,,1,1,same_race,36+_6+_misdemeanor
2822,4296,,1,0,cross_race,36+_6+_misdemeanor
2822,4909,,1,1,same_race,36+_6+_misdemeanor
2822,1836,,1,1,same_race,36+_6+_misdemeanor
2822,4722,,1,1,same_race,36+_6+_misdemeanor
2822,1028,,1,1,same_race,36+_6+_misdemeanor
2822,2024,,1,1,same_race,36+_6+_misdemeanor
3289,1813,,1,1,same_race,36+_6+_misdemeanor
3289,7181,,1,1,same_race,36+_6+_misdemeanor
3289,248,,1,0,cross_race,36+_6+_misdemeanor
3289,1164,,1,1,same_race,36+_6+_misdemeanor
3289,1493,,1,1,same_race,36+_6+_misdemeanor
3289,3368,,1,1,same_race,36+_6+_misdemeanor
3289,5253,,1,1,same_race,36+_6+_misdemeanor
3289,2833,,1,1,same_race,36+_6+_misdemeanor
3289,3877,,1,1,same_race,36+_6+_misdemeanor
3289,4837,,1,1,same_race,36+_6+_misdemeanor
3289,862,,1,1,same_race,36+_6+_misdemeanor
3289,7074,,1,1,same_race,36+_6+_misdemeanor
3289,471,,1,1,same_race,36+_6+_misdemeanor
3289,985,,1,1,same_race,36+_6+_misdemeanor
3289,6182,,1,0,cross_race,36+_6+_misdemeanor
3289,5265,,1,1,same_race,36+_6+_misdemeanor
3289,4296,,1,0,cross_race,36+_6+_misdemeanor
3289,4909,,1,1,same_race,36+_6+_misdemeanor
3289,1836,,1,1,same_race,36+_6+_misdemeanor
3289,4722,,1,1,same_race,36+_6+_misdemeanor
3289,1028,,1,1,same_race,36+_6+_misdemeanor
3289,2024,,1,1,same_race,36+_6+_misdemeanor
1813,7181,,1,1,same_race,36+_6+_misdemeanor
1813,248,,1,0,cross_race,36+_6+_misdemeanor
1813,1164,,1,1,same_race,36+_6+_misdemeanor
1813,1493,,1,1,same_race,36+_6+_misdemeanor
1813,3368,,1,1,same_race,36+_6+_misdemeanor
1813,5253,,1,1,same_race,36+_6+_misdemeanor
1813,2833,,1,1,same_race,36+_6+_misdemeanor
1813,3877,,1,1,same_race,36+_6+_misdemeanor
1813,4837,,1,1,same_race,36+_6+_misdemeanor
1813,862,,1,1,same_race,36+_6+_misdemeanor
1813,7074,,1,1,same_race,36+_6+_misdemeanor
1813,471,,1,1,same_race,36+_6+_misdemeanor
1813,985,,1,1,same_race,36+_6+_misdemeanor
1813,6182,,1,0,cross_race,36+_6+_misdemeanor
1813,5265,,1,1,same_race,36+_6+_misdemeanor
1813,4296,,1,0,cross_race,36+_6+_misdemeanor
1813,4909,,1,1,same_race,36+_6+_misdemeanor
1813,1836,,1,1,same_race,36+_6+_misdemeanor
1813,4722,,1,1,same_race,36+_6+_misdemeanor
1813,1028,,1,1,same_race,36+_6+_misdemeanor
1813,2024,,1,1,same_race,36+_6+_misdemeanor
7181,248,,1,0,cross_race,36+_6+_misdemeanor
7181,1164,,1,1,same_race,36+_6+_misdemeanor
7181,1493,,1,1,same_race,36+_6+_misdemeanor
7181,3368,,1,1,same_race,36+_6+_misdemeanor
7181,5253,,1,1,same_race,36+_6+_misdemeanor
7181,2833,,1,1,same_race,36+_6+_misdemeanor
7181,3877,,1,1,same_race,36+_6+_misdemeanor
7181,4837,,1,1,same_race,36+_6+_misdemeanor
7181,862,,1,1,same_race,36+_6+_misdemeanor
7181,7074,,1,1,same_race,36+_6+_misdemeanor
7181,471,,1,1,same_race,36+_6+_misdemeanor
7181,985,,1,1,same_race,36+_6+_misdemeanor
7181,6182,,1,0,cross_race,36+_6+_misdemeanor
7181,5265,,1,1,same_race,36+_6+_misdemeanor
7181,4296,,1,0,cross_race,36+_6+_misdemeanor
7181,4909,,1,1,same_race,36+_6+_misdemeanor
7181,1836,,1,1,same_race,36+_6+_misdemeanor
7181,4722,,1,1,same_race,36+_6+_misdemeanor
7181,1028,,1,1,same_race,36+_6+_misdemeanor
7181,2024,,1,1,same_race,36+_6+_misdemeanor
248,1164,,0,1,cross_race,36+_6+_misdemeanor
248,1493,,0,1,cross_race,36+_6+_misdemeanor
248,3368,,0,1,cross_race,36+_6+_misdemeanor
248,5253,,0,1,cross_race,36+_6+_misdemeanor
248,2833,,0,1,cross_race,36+_6+_misdemeanor
248,3877,,0,1,cross_race,36+_6+_misdemeanor
248,4837,,0,1,cross_race,36+_6+_misdemeanor
248,862,,0,1,cross_race,36+_6+_misdemeanor
248,7074,,0,1,cross_race,36+_6+_misdemeanor
248,471,,0,1,cross_race,36+_6+_misdemeanor
248,985,,0,1,cross_race,36+_6+_misdemeanor
248,6182,,0,0,same_race,36+_6+_misdemeanor
248,5265,,0,1,cross_race,36+_6+_misdemeanor
248,4296,,0,0,same_race,36+_6+_misdemeanor
248,4909,,0,1,cross_race,36+_6+_misdemeanor
248,1836,,0,1,cross_race,36+_6+_misdemeanor
248,4722,,0,1,cross_race,36+_6+_misdemeanor
248,1028,,0,1,cross_race,36+_6+_misdemeanor
248,2024,,0,1,cross_race,36+_6+_misdemeanor
1164,1493,,1,1,same_race,36+_6+_misdemeanor
1164,3368,,1,1,same_race,36+_6+_misdemeanor
1164,5253,,1,1,same_race,36+_6+_misdemeanor
1164,2833,,1,1,same_race,36+_6+_misdemeanor
1164,3877,,1,1,same_race,36+_6+_misdemeanor
1164,4837,,1,1,same_race,36+_6+_misdemeanor
1164,862,,1,1,same_race,36+_6+_misdemeanor
1164,7074,,1,1,same_race,36+_6+_misdemeanor
1164,471,,1,1,same_race,36+_6+_misdemeanor
1164,985,,1,1,same_race,36+_6+_misdemeanor
1164,6182,,1,0,cross_race,36+_6+_misdemeanor
1164,5265,,1,1,same_race,36+_6+_misdemeanor
1164,4296,,1,0,cross_race,36+_6+_misdemeanor
1164,4909,,1,1,same_race,36+_6+_misdemeanor
1164,1836,,1,1,same_race,36+_6+_misdemeanor
1164,4722,,1,1,same_race,36+_6+_misdemeanor
1164,1028,,1,1,same_race,36+_6+_misdemeanor
1164,2024,,1,1,same_race,36+_6+_misdemeanor
1493,3368,,1,1,same_race,36+_6+_misdemeanor
1493,5253,,1,1,same_race,36+_6+_misdemeanor
1493,2833,,1,1,same_race,36+_6+_misdemeanor
1493,3877,,1,1,same_race,36+_6+_misdemeanor
1493,4837,,1,1,same_race,36+_6+_misdemeanor
1493,862,,1,1,same_race,36+_6+_misdemeanor
1493,7074,,1,1,same_race,36+_6+_misdemeanor
1493,471,,1,1,same_race,36+_6+_misdemeanor
1493,985,,1,1,same_race,36+_6+_misdemeanor
1493,6182,,1,0,cross_race,36+_6+_misdemeanor
1493,5265,,1,1,same_race,36+_6+_misdemeanor
1493,4296,,1,0,cross_race,36+_6+_misdemeanor
1493,4909,,1,1,same_race,36+_6+_misdemeanor
1493,1836,,1,1,same_race,36+_6+_misdemeanor
1493,4722,,1,1,same_race,36+_6+_misdemeanor
1493,1028,,1,1,same_race,36+_6+_misdemeanor
1493,2024,,1,1,same_race,36+_6+_misdemeanor
3368,5253,,1,1,same_race,36+_6+_misdemeanor
3368,2833,,1,1,same_race,36+_6+_misdemeanor
3368,3877,,1,1,same_race,36+_6+_misdemeanor
3368,4837,,1,1,same_race,36+_6+_misdemeanor
3368,862,,1,1,same_race,36+_6+_misdemeanor
3368,7074,,1,1,same_race,36+_6+_misdemeanor
3368,471,,1,1,same_race,36+_6+_misdemeanor
3368,985,,1,1,same_race,36+_6+_misdemeanor
3368,6182,,1,0,cross_race,36+_6+_misdemeanor
3368,5265,,1,1,same_race,36+_6+_misdemeanor
3368,4296,,1,0,cross_race,36+_6+_misdemeanor
3368,4909,,1,1,same_race,36+_6+_misdemeanor
3368,1836,,1,1,same_race,36+_6+_misdemeanor
3368,4722,,1,1,same_race,36+_6+_misdemeanor
3368,1028,,1,1,same_race,36+_6+_misdemeanor
3368,2024,,1,1,same_race,36+_6+_misdemeanor
5253,2833,,1,1,same_race,36+_6+_misdemeanor
5253,3877,,1,1,same_race,36+_6+_misdemeanor
5253,4837,,1,1,same_race,36+_6+_misdemeanor
5253,862,,1,1,same_race,36+_6+_misdemeanor
5253,7074,,1,1,same_race,36+_6+_misdemeanor
5253,471,,1,1,same_race,36+_6+_misdemeanor
5253,985,,1,1,same_race,36+_6+_misdemeanor
5253,6182,,1,0,cross_race,36+_6+_misdemeanor
5253,5265,,1,1,same_race,36+_6+_misdemeanor
5253,4296,,1,0,cross_race,36+_6+_misdemeanor
5253,4909,,1,1,same_race,36+_6+_misdemeanor
5253,1836,,1,1,same_race,36+_6+_misdemeanor
5253,4722,,1,1,same_race,36+_6+_misdemeanor
5253,1028,,1,1,same_race,36+_6+_misdemeanor
5253,2024,,1,1,same_race,36+_6+_misdemeanor
2833,3877,,1,1,same_race,36+_6+_misdemeanor
2833,4837,,1,1,same_race,36+_6+_misdemeanor
2833,862,,1,1,same_race,36+_6+_misdemeanor
2833,7074,,1,1,same_race,36+_6+_misdemeanor
2833,471,,1,1,same_race,36+_6+_misdemeanor
2833,985,,1,1,same_race,36+_6+_misdemeanor
2833,6182,,1,0,cross_race,36+_6+_misdemeanor
2833,5265,,1,1,same_race,36+_6+_misdemeanor
2833,4296,,1,0,cross_race,36+_6+_misdemeanor
2833,4909,,1,1,same_race,36+_6+_misdemeanor
2833,1836,,1,1,same_race,36+_6+_misdemeanor
2833,4722,,1,1,same_race,36+_6+_misdemeanor
2833,1028,,1,1,same_race,36+_6+_misdemeanor
2833,2024,,1,1,same_race,36+_6+_misdemeanor
3877,4837,,1,1,same_race,36+_6+_misdemeanor
3877,862,,1,1,same_race,36+_6+_misdemeanor
3877,7074,,1,1,same_race,36+_6+_misdemeanor
3877,471,,1,1,same_race,36+_6+_misdemeanor
3877,985,,1,1,same_race,36+_6+_misdemeanor
3877,6182,,1,0,cross_race,36+_6+_misdemeanor
3877,5265,,1,1,same_race,36+_6+_misdemeanor
3877,4296,,1,0,cross_race,36+_6+_misdemeanor
3877,4909,,1,1,same_race,36+_6+_misdemeanor
3877,1836,,1,1,same_race,36+_6+_misdemeanor
3877,4722,,1,1,same_race,36+_6+_misdemeanor
3877,1028,,1,1,same_race,36+_6+_misdemeanor
3877,2024,,1,1,same_race,36+_6+_misdemeanor
4837,862,,1,1,same_race,36+_6+_misdemeanor
4837,7074,,1,1,same_race,36+_6+_misdemeanor
4837,471,,1,1,same_race,36+_6+_misdemeanor
4837,985,,1,1,same_race,36+_6+_misdemeanor
4837,6182,,1,0,cross_race,36+_6+_misdemeanor
4837,5265,,1,1,same_race,36+_6+_misdemeanor
4837,4296,,1,0,cross_race,36+_6+_misdemeanor
4837,4909,,1,1,same_race,36+_6+_misdemeanor
4837,1836,,1,1,same_race,36+_6+_misdemeanor
4837,4722,,1,1,same_race,36+_6+_misdemeanor
4837,1028,,1,1,same_race,36+_6+_misdemeanor
4837,2024,,1,1,same_race,36+_6+_misdemeanor
862,7074,,1,1,same_race,36+_6+_misdemeanor
862,471,,1,1,same_race,36+_6+_misdemeanor
862,985,,1,1,same_race,36+_6+_misdemeanor
862,6182,,1,0,cross_race,36+_6+_misdemeanor
862,5265,,1,1,same_race,36+_6+_misdemeanor
862,4296,,1,0,cross_race,36+_6+_misdemeanor
862,4909,,1,1,same_race,36+_6+_misdemeanor
862,1836,,1,1,same_race,36+_6+_misdemeanor
862,4722,,1,1,same_race,36+_6+_misdemeanor
862,1028,,1,1,same_race,36+_6+_misdemeanor
862,2024,,1,1,same_race,36+_6+_misdemeanor
7074,471,,1,1,same_race,36+_6+_misdemeanor
7074,985,,1,1,same_race,36+_6+_misdemeanor
7074,6182,,1,0,cross_race,36+_6+_misdemeanor
7074,5265,,1,1,same_race,36+_6+_misdemeanor
7074,4296,,1,0,cross_race,36+_6+_misdemeanor
7074,4909,,1,1,same_race,36+_6+_misdemeanor
7074,1836,,1,1,same_race,36+_6+_misdemeanor
7074,4722,,1,1,same_race,36+_6+_misdemeanor
7074,1028,,1,1,same_race,36+_6+_misdemeanor
7074,2024,,1,1,same_race,36+_6+_misdemeanor
471,985,,1,1,same_race,36+_6+_misdemeanor
471,6182,,1,0,cross_race,36+_6+_misdemeanor
471,5265,,1,1,same_race,36+_6+_misdemeanor
471,4296,,1,0,cross_race,36+_6+_misdemeanor
471,4909,,1,1,same_race,36+_6+_misdemeanor
471,1836,,1,1,same_race,36+_6+_misdemeanor
471,4722,,1,1,same_race,36+_6+_misdemeanor
471,1028,,1,1,same_race,36+_6+_misdemeanor
471,2024,,1,1,same_race,36+_6+_misdemeanor
985,6182,,1,0,cross_race,36+_6+_misdemeanor
985,5265,,1,1,same_race,36+_6+_misdemeanor
985,4296,,1,0,cross_race,36+_6+_misdemeanor
985,4909,,1,1,same_race,36+_6+_misdemeanor
985,1836,,1,1,same_race,36+_6+_misdemeanor
985,4722,,1,1,same_race,36+_6+_misdemeanor
985,1028,,1,1,same_race,36+_6+_misdemeanor
985,2024,,1,1,same_race,36+_6+_misdemeanor
6182,5265,,0,1,cross_race,36+_6+_misdemeanor
6182,4296,,0,0,same_race,36+_6+_misdemeanor
6182,4909,,0,1,cross_race,36+_6+_misdemeanor
6182,1836,,0,1,cross_race,36+_6+_misdemeanor
6182,4722,,0,1,cross_race,36+_6+_misdemeanor
6182,1028,,0,1,cross_race,36+_6+_misdemeanor
6182,2024,,0,1,cross_race,36+_6+_misdemeanor
5265,4296,,1,0,cross_race,36+_6+_misdemeanor
5265,4909,,1,1,same_race,36+_6+_misdemeanor
5265,1836,,1,1,same_race,36+_6+_misdemeanor
5265,4722,,1,1,same_race,36+_6+_misdemeanor
5265,1028,,1,1,same_race,36+_6+_misdemeanor
5265,2024,,1,1,same_race,36+_6+_misdemeanor
4296,4909,,0,1,cross_race,36+_6+_misdemeanor
4296,1836,,0,1,cross_race,36+_6+_misdemeanor
4296,4722,,0,1,cross_race,36+_6+_misdemeanor
4296,1028,,0,1,cross_race,36+_6+_misdemeanor
4296,2024,,0,1,cross_race,36+_6+_misdemeanor
4909,1836,,1,1,same_race,36+_6+_misdemeanor
4909,4722,,1,1,same_race,36+_6+_misdemeanor
4909,1028,,1,1,same_race,36+_6+_misdemeanor
4909,2024,,1,1,same_race,36+_6+_misdemeanor
1836,4722,,1,1,same_race,36+_6+_misdemeanor
1836,1028,,1,1,same_race,36+_6+_misdemeanor
1836,2024,,1,1,same_race,36+_6+_misdemeanor
4722,1028,,1,1,same_race,36+_6+_misdemeanor
4722,2024,,1,1,same_race,36+_6+_misdemeanor
1028,2024,,1,1,same_race,36+_6+_misdemeanor
2283,6330,,1,1,same_race,26-35_6+_misdemeanor
2283,2031,,1,1,same_race,26-35_6+_misdemeanor
2283,1620,,1,1,same_race,26-35_6+_misdemeanor
2283,5189,,1,1,same_race,26-35_6+_misdemeanor
2283,357,,1,1,same_race,26-35_6+_misdemeanor
2283,1005,,1,1,same_race,26-35_6+_misdemeanor
2283,6000,,1,1,same_race,26-35_6+_misdemeanor
2283,1515,,1,1,same_race,26-35_6+_misdemeanor
2283,237,,1,1,same_race,26-35_6+_misdemeanor
2283,2821,,1,1,same_race,26-35_6+_misdemeanor
2283,2681,,1,1,same_race,26-35_6+_misdemeanor
2283,4623,,1,1,same_race,26-35_6+_misdemeanor
2283,5108,,1,0,cross_race,26-35_6+_misdemeanor
2283,6785,,1,1,same_race,26-35_6+_misdemeanor
2283,1462,,1,0,cross_race,26-35_6+_misdemeanor
2283,2155,,1,0,cross_race,26-35_6+_misdemeanor
2283,1820,,1,0,cross_race,26-35_6+_misdemeanor
2283,5131,,1,1,same_race,26-35_6+_misdemeanor
6330,2031,,1,1,same_race,26-35_6+_misdemeanor
6330,1620,,1,1,same_race,26-35_6+_misdemeanor
6330,5189,,1,1,same_race,26-35_6+_misdemeanor
6330,357,,1,1,same_race,26-35_6+_misdemeanor
6330,1005,,1,1,same_race,26-35_6+_misdemeanor
6330,6000,,1,1,same_race,26-35_6+_misdemeanor
6330,1515,,1,1,same_race,26-35_6+_misdemeanor
6330,237,,1,1,same_race,26-35_6+_misdemeanor
6330,2821,,1,1,same_race,26-35_6+_misdemeanor
6330,2681,,1,1,same_race,26-35_6+_misdemeanor
6330,4623,,1,1,same_race,26-35_6+_misdemeanor
6330,5108,,1,0,cross_race,26-35_6+_misdemeanor
6330,6785,,1,1,same_race,26-35_6+_misdemeanor
6330,1462,,1,0,cross_race,26-35_6+_misdemeanor
6330,2155,,1,0,cross_race,26-35_6+_misdemeanor
6330,1820,,1,0,cross_race,26-35_6+_misdemeanor
6330,5131,,1,1,same_race,26-35_6+_misdemeanor
2031,1620,,1,1,same_race,26-35_6+_misdemeanor
2031,5189,,1,1,same_race,26-35_6+_misdemeanor
2031,357,,1,1,same_race,26-35_6+_misdemeanor
2031,1005,,1,1,same_race,26-35_6+_misdemeanor
2031,6000,,1,1,same_race,26-35_6+_misdemeanor
2031,1515,,1,1,same_race,26-35_6+_misdemeanor
2031,237,,1,1,same_race,26-35_6+_misdemeanor
2031,2821,,1,1,same_race,26-35_6+_misdemeanor
2031,2681,,1,1,same_race,26-35_6+_misdemeanor
2031,4623,,1,1,same_race,26-35_6+_misdemeanor
2031,5108,,1,0,cross_race,26-35_6+_misdemeanor
2031,6785,,1,1,same_race,26-35_6+_misdemeanor
2031,1462,,1,0,cross_race,26-35_6+_misdemeanor
2031,2155,,1,0,cross_race,26-35_6+_misdemeanor
2031,1820,,1,0,cross_race,26-35_6+_misdemeanor
2031,5131,,1,1,same_race,26-35_6+_misdemeanor
1620,5189,,1,1,same_race,26-35_6+_misdemeanor
1620,357,,1,1,same_race,26-35_6+_misdemeanor
1620,1005,,1,1,same_race,26-35_6+_misdemeanor
1620,6000,,1,1,same_race,26-35_6+_misdemeanor
1620,1515,,1,1,same_race,26-35_6+_misdemeanor
1620,237,,1,1,same_race,26-35_6+_misdemeanor
1620,2821,,1,1,same_race,26-35_6+_misdemeanor
1620,2681,,1,1,same_race,26-35_6+_misdemeanor
1620,4623,,1,1,same_race,26-35_6+_misdemeanor
1620,5108,,1,0,cross_race,26-35_6+_misdemeanor
1620,6785,,1,1,same_race,26-35_6+_misdemeanor
1620,1462,,1,0,cross_race,26-35_6+_misdemeanor
1620,2155,,1,0,cross_race,26-35_6+_misdemeanor
1620,1820,,1,0,cross_race,26-35_6+_misdemeanor
1620,5131,,1,1,same_race,26-35_6+_misdemeanor
5189,357,,1,1,same_race,26-35_6+_misdemeanor
5189,1005,,1,1,same_race,26-35_6+_misdemeanor
5189,6000,,1,1,same_race,26-35_6+_misdemeanor
5189,1515,,1,1,same_race,26-35_6+_misdemeanor
5189,237,,1,1,same_race,26-35_6+_misdemeanor
5189,2821,,1,1,same_race,26-35_6+_misdemeanor
5189,2681,,1,1,same_race,26-35_6+_misdemeanor
5189,4623,,1,1,same_race,26-35_6+_misdemeanor
5189,5108,,1,0,cross_race,26-35_6+_misdemeanor
5189,6785,,1,1,same_race,26-35_6+_misdemeanor
5189,1462,,1,0,cross_race,26-35_6+_misdemeanor
5189,2155,,1,0,cross_race,26-35_6+_misdemeanor
5189,1820,,1,0,cross_race,26-35_6+_misdemeanor
5189,5131,,1,1,same_race,26-35_6+_misdemeanor
357,1005,,1,1,same_race,26-35_6+_misdemeanor
357,6000,,1,1,same_race,26-35_6+_misdemeanor
357,1515,,1,1,same_race,26-35_6+_misdemeanor
357,237,,1,1,same_race,26-35_6+_misdemeanor
357,2821,,1,1,same_race,26-35_6+_misdemeanor
357,2681,,1,1,same_race,26-35_6+_misdemeanor
357,4623,,1,1,same_race,26-35_6+_misdemeanor
357,5108,,1,0,cross_race,26-35_6+_misdemeanor
357,6785,,1,1,same_race,26-35_6+_misdemeanor
357,1462,,1,0,cross_race,26-35_6+_misdemeanor
357,2155,,1,0,cross_race,26-35_6+_misdemeanor
357,1820,,1,0,cross_race,26-35_6+_misdemeanor
357,5131,,1,1,same_race,26-35_6+_misdemeanor
1005,6000,,1,1,same_race,26-35_6+_misdemeanor
1005,1515,,1,1,same_race,26-35_6+_misdemeanor
1005,237,,1,1,same_race,26-35_6+_misdemeanor
1005,2821,,1,1,same_race,26-35_6+_misdemeanor
1005,2681,,1,1,same_race,26-35_6+_misdemeanor
1005,4623,,1,1,same_race,26-35_6+_misdemeanor
1005,5108,,1,0,cross_race,26-35_6+_misdemeanor
1005,6785,,1,1,same_race,26-35_6+_misdemeanor
1005,1462,,1,0,cross_race,26-35_6+_misdemeanor
1005,2155,,1,0,cross_race,26-35_6+_misdemeanor
1005,1820,,1,0,cross_race,26-35_6+_misdemeanor
1005,5131,,1,1,same_race,26-35_6+_misdemeanor
6000,1515,,1,1,same_race,26-35_6+_misdemeanor
6000,237,,1,1,same_race,26-35_6+_misdemeanor
6000,2821,,1,1,same_race,26-35_6+_misdemeanor
6000,2681,,1,1,same_race,26-35_6+_misdemeanor
6000,4623,,1,1,same_race,26-35_6+_misdemeanor
6000,5108,,1,0,cross_race,26-35_6+_misdemeanor
6000,6785,,1,1,same_race,26-35_6+_misdemeanor
6000,1462,,1,0,cross_race,26-35_6+_misdemeanor
6000,2155,,1,0,cross_race,26-35_6+_misdemeanor
6000,1820,,1,0,cross_race,26-35_6+_misdemeanor
6000,5131,,1,1,same_race,26-35_6+_misdemeanor
1515,237,,1,1,same_race,26-35_6+_misdemeanor
1515,2821,,1,1,same_race,26-35_6+_misdemeanor
1515,2681,,1,1,same_race,26-35_6+_misdemeanor
1515,4623,,1,1,same_race,26-35_6+_misdemeanor
1515,5108,,1,0,cross_race,26-35_6+_misdemeanor
1515,6785,,1,1,same_race,26-35_6+_misdemeanor
1515,1462,,1,0,cross_race,26-35_6+_misdemeanor
1515,2155,,1,0,cross_race,26-35_6+_misdemeanor
1515,1820,,1,0,cross_race,26-35_6+_misdemeanor
1515,5131,,1,1,same_race,26-35_6+_misdemeanor
237,2821,,1,1,same_race,26-35_6+_misdemeanor
237,2681,,1,1,same_race,26-35_6+_misdemeanor
237,4623,,1,1,same_race,26-35_6+_misdemeanor
237,5108,,1,0,cross_race,26-35_6+_misdemeanor
237,6785,,1,1,same_race,26-35_6+_misdemeanor
237,1462,,1,0,cross_race,26-35_6+_misdemeanor
237,2155,,1,0,cross_race,26-35_6+_misdemeanor
237,1820,,1,0,cross_race,26-35_6+_misdemeanor
237,5131,,1,1,same_race,26-35_6+_misdemeanor
2821,2681,,1,1,same_race,26-35_6+_misdemeanor
2821,4623,,1,1,same_race,26-35_6+_misdemeanor
2821,5108,,1,0,cross_race,26-35_6+_misdemeanor
2821,6785,,1,1,same_race,26-35_6+_misdemeanor
2821,1462,,1,0,cross_race,26-35_6+_misdemeanor
2821,2155,,1,0,cross_race,26-35_6+_misdemeanor
2821,1820,,1,0,cross_race,26-35_6+_misdemeanor
2821,5131,,1,1,same_race,26-35_6+_misdemeanor
2681,4623,,1,1,same_race,26-35_6+_misdemeanor
2681,5108,,1,0,cross_race,26-35_6+_misdemeanor
2681,6785,,1,1,same_race,26-35_6+_misdemeanor
2681,1462,,1,0,cross_race,26-35_6+_misdemeanor
2681,2155,,1,0,cross_race,26-35_6+_misdemeanor
2681,1820,,1,0,cross_race,26-35_6+_misdemeanor
2681,5131,,1,1,same_race,26-35_6+_misdemeanor
4623,5108,,1,0,cross_race,26-35_6+_misdemeanor
4623,6785,,1,1,same_race,26-35_6+_misdemeanor
4623,1462,,1,0,cross_race,26-35_6+_misdemeanor
4623,2155,,1,0,cross_race,26-35_6+_misdemeanor
4623,1820,,1,0,cross_race,26-35_6+_misdemeanor
4623,5131,,1,1,same_race,26-35_6+_misdemeanor
5108,6785,,0,1,cross_race,26-35_6+_misdemeanor
5108,1462,,0,0,same_race,26-35_6+_misdemeanor
5108,2155,,0,0,same_race,26-35_6+_misdemeanor
5108,1820,,0,0,same_race,26-35_6+_misdemeanor
5108,5131,,0,1,cross_race,26-35_6+_misdemeanor
6785,1462,,1,0,cross_race,26-35_6+_misdemeanor
6785,2155,,1,0,cross_race,26-35_6+_misdemeanor
6785,1820,,1,0,cross_race,26-35_6+_misdemeanor
6785,5131,,1,1,same_race,26-35_6+_misdemeanor
1462,2155,,0,0,same_race,26-35_6+_misdemeanor
1462,1820,,0,0,same_race,26-35_6+_misdemeanor
1462,5131,,0,1,cross_race,26-35_6+_misdemeanor
2155,1820,,0,0,same_race,26-35_6+_misdemeanor
2155,5131,,0,1,cross_race,26-35_6+_misdemeanor
1820,5131,,0,1,cross_race,26-35_6+_misdemeanor
5568,291,,1,0,cross_race,36+_3-5_felony
6705,3526,,0,0,same_race,36+_3-5_felony
3122,945,,0,0,same_race,36+_3-5_felony
6130,291,,1,0,cross_race,36+_3-5_felony
3122,4688,,0,1,cross_race,36+_3-5_felony
1964,4688,,1,1,same_race,36+_3-5_felony
565,5738,,0,0,same_race,36+_3-5_felony
5807,1098,,1,0,cross_race,36+_3-5_felony
3526,3484,,0,0,same_race,36+_3-5_felony
1541,4585,,0,1,cross_race,36+_3-5_felony
6091,3990,,0,1,cross_race,36+_3-5_felony
6130,2081,,1,1,same_race,36+_3-5_felony
3120,2091,,0,1,cross_race,36+_3-5_felony
6130,945,,1,0,cross_race,36+_3-5_felony
6130,565,,1,0,cross_race,36+_3-5_felony
1098,4123,,0,0,same_race,36+_3-5_felony
4355,1541,,1,0,cross_race,36+_3-5_felony
6705,360,,0,1,cross_race,36+_3-5_felony
945,2081,,0,1,cross_race,36+_3-5_felony
4355,5942,,1,0,cross_race,36+_3-5_felony
3122,4355,,0,1,cross_race,36+_3-5_felony
683,2081,,0,1,cross_race,36+_3-5_felony
3120,1098,,0,0,same_race,36+_3-5_felony
1541,6766,,0,1,cross_race,36+_3-5_felony
6130,5738,,1,0,cross_race,36+_3-5_felony
3105,3526,,1,0,cross_race,36+_3-5_felony
3120,637,,0,1,cross_race,36+_3-5_felony
291,5738,,0,0,same_race,36+_3-5_felony
6705,565,,0,0,same_race,36+_3-5_felony
1964,1098,,1,0,cross_race,36+_3-5_felony
2091,637,,1,1,same_race,36+_3-5_felony
3122,6705,,0,0,same_race,36+_3-5_felony
1964,3484,,1,0,cross_race,36+_3-5_felony
4355,461,,1,1,same_race,36+_3-5_felony
3484,6766,,0,1,cross_race,36+_3-5_felony
6257,3990,,1,1,same_race,36+_3-5_felony
1169,3120,,1,0,cross_race,36+_3-5_felony
683,565,,0,0,same_race,36+_3-5_felony
3526,637,,0,1,cross_race,36+_3-5_felony
945,4162,,0,1,cross_race,36+_3-5_felony
1964,6766,,1,1,same_race,36+_3-5_felony
1473,945,,1,0,cross_race,36+_3-5_felony
4095,637,,1,1,same_race,36+_3-5_felony
360,4123,,1,0,cross_race,36+_3-5_felony
1473,4123,,1,0,cross_race,36+_3-5_felony
683,2091,,0,1,cross_race,36+_3-5_felony
3105,3120,,1,0,cross_race,36+_3-5_felony
4011,6766,,0,1,cross_race,36+_3-5_felony
1473,4355,,1,1,same_race,36+_3-5_felony
6073,3484,,0,0,same_race,36+_3-5_felony
4011,3247,,0,1,cross_race,36+_3-5_felony
3526,1098,,0,0,same_race,36+_3-5_felony
3990,461,,1,1,same_race,36+_3-5_felony
6257,360,,1,1,same_race,36+_3-5_felony
6257,3484,,1,0,cross_race,36+_3-5_felony
1473,4585,,1,1,same_race,36+_3-5_felony
3484,4162,,0,1,cross_race,36+_3-5_felony
6705,5942,,0,0,same_race,36+_3-5_felony
4688,4355,,1,1,same_race,36+_3-5_felony
3105,6725,,1,0,cross_race,36+_3-5_felony
4355,5738,,1,0,cross_race,36+_3-5_felony
1473,3484,,1,0,cross_race,36+_3-5_felony
6091,2729,,0,0,same_race,36+_3-5_felony
4095,2081,,1,1,same_race,36+_3-5_felony
3990,1169,,1,1,same_race,36+_3-5_felony
6257,6766,,1,1,same_race,36+_3-5_felony
4355,3120,,1,0,cross_race,36+_3-5_felony
6091,360,,0,1,cross_race,36+_3-5_felony
461,291,,1,0,cross_race,36+_3-5_felony
3122,6725,,0,0,same_race,36+_3-5_felony
3990,4585,,1,1,same_race,36+_3-5_felony
6130,683,,1,0,cross_race,36+_3-5_felony
3122,1098,,0,0,same_race,36+_3-5_felony
3990,637,,1,1,same_race,36+_3-5_felony
1541,4123,,0,0,same_race,36+_3-5_felony
2081,2091,,1,1,same_race,36+_3-5_felony
565,1098,,0,0,same_race,36+_3-5_felony
2081,637,,1,1,same_race,36+_3-5_felony
6091,5568,,0,1,cross_race,36+_3-5_felony
3122,565,,0,0,same_race,36+_3-5_felony
6073,5738,,0,0,same_race,36+_3-5_felony
1964,6130,,1,1,same_race,36+_3-5_felony
3105,291,,1,0,cross_race,36+_3-5_felony
1169,2081,,1,1,same_race,36+_3-5_felony
1541,4095,,0,1,cross_race,36+_3-5_felony
565,637,,0,1,cross_race,36+_3-5_felony
4355,6766,,1,1,same_race,36+_3-5_felony
2729,1098,,0,0,same_race,36+_3-5_felony
3105,3484,,1,0,cross_race,36+_3-5_felony
683,4162,,0,1,cross_race,36+_3-5_felony
1964,3247,,1,1,same_race,36+_3-5_felony
4688,4162,,1,1,same_race,36+_3-5_felony
4688,6073,,1,0,cross_race,36+_3-5_felony
6705,4123,,0,0,same_race,36+_3-5_felony
4688,1098,,1,0,cross_race,36+_3-5_felony
6130,360,,1,1,same_race,36+_3-5_felony
5807,360,,1,1,same_race,36+_3-5_felony
6725,2081,,0,1,cross_race,36+_3-5_felony
1473,6705,,1,0,cross_race,36+_3-5_felony
4355,6130,,1,1,same_race,36+_3-5_felony
6257,683,,1,0,cross_race,36+_3-5_felony
3247,2729,,1,0,cross_race,36+_3-5_felony
945,3526,,0,0,same_race,36+_3-5_felony
3122,4162,,0,1,cross_race,36+_3-5_felony
6725,683,,0,0,same_race,36+_3-5_felony
3105,5738,,1,0,cross_race,36+_3-5_felony
6257,3105,,1,1,same_race,36+_3-5_felony
3105,4095,,1,1,same_race,36+_3-5_felony
4355,4162,,1,1,same_race,36+_3-5_felony
6257,4011,,1,0,cross_race,36+_3-5_felony
6073,3526,,0,0,same_race,36+_3-5_felony
6705,4585,,0,1,cross_race,36+_3-5_felony
3526,6766,,0,1,cross_race,36+_3-5_felony
1473,360,,1,1,same_race,36+_3-5_felony
2729,4123,,0,0,same_race,36+_3-5_felony
3247,4162,,1,1,same_race,36+_3-5_felony
6257,4123,,1,0,cross_race,36+_3-5_felony
2091,4123,,1,0,cross_race,36+_3-5_felony
4011,945,,0,0,same_race,36+_3-5_felony
4123,4162,,0,1,cross_race,36+_3-5_felony
5807,2091,,1,1,same_race,36+_3-5_felony
4585,3484,,1,0,cross_race,36+_3-5_felony
4585,360,,1,1,same_race,36+_3-5_felony
6130,4095,,1,1,same_race,36+_3-5_felony
1169,6130,,1,1,same_race,36+_3-5_felony
5807,4162,,1,1,same_race,36+_3-5_felony
4011,5807,,0,1,cross_race,36+_3-5_felony
4011,2081,,0,1,cross_race,36+_3-5_felony
4011,637,,0,1,cross_race,36+_3-5_felony
291,5942,,0,0,same_race,36+_3-5_felony
3990,1098,,1,0,cross_race,36+_3-5_felony
1098,291,,0,0,same_race,36+_3-5_felony
3120,3484,,0,0,same_race,36+_3-5_felony
6257,1169,,1,1,same_race,36+_3-5_felony
2729,565,,0,0,same_race,36+_3-5_felony
1169,945,,1,0,cross_race,36+_3-5_felony
683,4123,,0,0,same_race,36+_3-5_felony
945,6766,,0,1,cross_race,36+_3-5_felony
6257,1098,,1,0,cross_race,36+_3-5_felony
4585,5738,,1,0,cross_race,36+_3-5_felony
3990,6073,,1,0,cross_race,36+_3-5_felony
461,360,,1,1,same_race,36+_3-5_felony
3247,3526,,1,0,cross_race,36+_3-5_felony
2729,6766,,0,1,cross_race,36+_3-5_felony
4355,683,,1,0,cross_race,36+_3-5_felony
4162,637,,1,1,same_race,36+_3-5_felony
360,637,,1,1,same_race,36+_3-5_felony
6705,683,,0,0,same_race,36+_3-5_felony
6705,6073,,0,0,same_race,36+_3-5_felony
4688,945,,1,0,cross_race,36+_3-5_felony
4011,5738,,0,0,same_race,36+_3-5_felony
2729,4095,,0,1,cross_race,36+_3-5_felony
5807,291,,1,0,cross_race,36+_3-5_felony
3122,461,,0,1,cross_race,36+_3-5_felony
6257,4688,,1,1,same_race,36+_3-5_felony
1964,360,,1,1,same_race,36+_3-5_felony
683,291,,0,0,same_race,36+_3-5_felony
4123,5942,,0,0,same_race,36+_3-5_felony
6091,1541,,0,0,same_race,36+_3-5_felony
3990,3247,,1,1,same_race,36+_3-5_felony
5568,6766,,1,1,same_race,36+_3-5_felony
6257,4585,,1,1,same_race,36+_3-5_felony
4162,5738,,1,0,cross_race,36+_3-5_felony
461,945,,1,0,cross_race,36+_3-5_felony
1964,5942,,1,0,cross_race,36+_3-5_felony
683,5807,,0,1,cross_race,36+_3-5_felony
4688,3526,,1,0,cross_race,36+_3-5_felony
5807,2081,,1,1,same_race,36+_3-5_felony
3122,1541,,0,0,same_race,36+_3-5_felony
4011,461,,0,1,cross_race,36+_3-5_felony
1473,2091,,1,1,same_race,36+_3-5_felony
6130,1541,,1,0,cross_race,36+_3-5_felony
3247,1541,,1,0,cross_race,36+_3-5_felony
683,3484,,0,0,same_race,36+_3-5_felony
3990,6766,,1,1,same_race,36+_3-5_felony
1964,2081,,1,1,same_race,36+_3-5_felony
6725,461,,0,1,cross_race,36+_3-5_felony
6725,3526,,0,0,same_race,36+_3-5_felony
6073,6766,,0,1,cross_race,36+_3-5_felony
5807,5738,,1,0,cross_race,36+_3-5_felony
6091,2091,,0,1,cross_race,36+_3-5_felony
6705,4162,,0,1,cross_race,36+_3-5_felony
4095,565,,1,0,cross_race,36+_3-5_felony
4011,5942,,0,0,same_race,36+_3-5_felony
6257,565,,1,0,cross_race,36+_3-5_felony
3122,3484,,0,0,same_race,36+_3-5_felony
4688,1169,,1,1,same_race,36+_3-5_felony
6091,4355,,0,1,cross_race,36+_3-5_felony
1473,2081,,1,1,same_race,36+_3-5_felony
6091,5942,,0,0,same_race,36+_3-5_felony
6725,4095,,0,1,cross_race,36+_3-5_felony
1169,1541,,1,0,cross_race,36+_3-5_felony
6091,6705,,0,0,same_race,36+_3-5_felony
2081,1098,,1,0,cross_race,36+_3-5_felony
5807,4123,,1,0,cross_race,36+_3-5_felony
1473,5942,,1,0,cross_race,36+_3-5_felony
6091,6130,,0,1,cross_race,36+_3-5_felony
6705,1541,,0,0,same_race,36+_3-5_felony
2729,2081,,0,1,cross_race,36+_3-5_felony
1473,6725,,1,0,cross_race,36+_3-5_felony
4011,683,,0,0,same_race,36+_3-5_felony
1541,683,,0,0,same_race,36+_3-5_felony
1169,5942,,1,0,cross_race,36+_3-5_felony
6130,3526,,1,0,cross_race,36+_3-5_felony
6705,3247,,0,1,cross_race,36+_3-5_felony
1541,945,,0,0,same_race,36+_3-5_felony
360,2081,,1,1,same_race,36+_3-5_felony
4011,6091,,0,0,same_race,36+_3-5_felony
1098,6766,,0,1,cross_race,36+_3-5_felony
291,6766,,0,1,cross_race,36+_3-5_felony
1541,5807,,0,1,cross_race,36+_3-5_felony
3990,565,,1,0,cross_race,36+_3-5_felony
3526,5738,,0,0,same_race,36+_3-5_felony
6091,5807,,0,1,cross_race,36+_3-5_felony
6725,6073,,0,0,same_race,36+_3-5_felony
4011,291,,0,0,same_race,36+_3-5_felony
6073,2081,,0,1,cross_race,36+_3-5_felony
3122,1169,,0,1,cross_race,36+_3-5_felony
3122,683,,0,0,same_race,36+_3-5_felony
4585,4123,,1,0,cross_race,36+_3-5_felony
4011,6725,,0,0,same_race,36+_3-5_felony
4688,565,,1,0,cross_race,36+_3-5_felony
4585,945,,1,0,cross_race,36+_3-5_felony
6073,360,,0,1,cross_race,36+_3-5_felony
6705,6725,,0,0,same_race,36+_3-5_felony
4688,3990,,1,1,same_race,36+_3-5_felony
3120,4585,,0,1,cross_race,36+_3-5_felony
6257,4355,,1,1,same_race,36+_3-5_felony
6257,5807,,1,1,same_race,36+_3-5_felony
6257,291,,1,0,cross_race,36+_3-5_felony
3484,637,,0,1,cross_race,36+_3-5_felony
461,6766,,1,1,same_race,36+_3-5_felony
4355,2081,,1,1,same_race,36+_3-5_felony
4123,291,,0,0,same_race,36+_3-5_felony
1964,461,,1,1,same_race,36+_3-5_felony
945,6073,,0,0,same_race,36+_3-5_felony
4011,6705,,0,0,same_race,36+_3-5_felony
1964,565,,1,0,cross_race,36+_3-5_felony
4011,2729,,0,0,same_race,36+_3-5_felony
5568,1541,,1,0,cross_race,36+_3-5_felony
4688,3105,,1,1,same_race,36+_3-5_felony
3120,461,,0,1,cross_race,36+_3-5_felony
461,6073,,1,0,cross_race,36+_3-5_felony
565,3484,,0,0,same_race,36+_3-5_felony
6257,5738,,1,0,cross_race,36+_3-5_felony
945,360,,0,1,cross_race,36+_3-5_felony
1541,4162,,0,1,cross_race,36+_3-5_felony
3120,360,,0,1,cross_race,36+_3-5_felony
1964,3526,,1,0,cross_race,36+_3-5_felony
6257,6705,,1,0,cross_race,36+_3-5_felony
1473,3990,,1,1,same_race,36+_3-5_felony
1964,2091,,1,1,same_race,36+_3-5_felony
4688,5738,,1,0,cross_race,36+_3-5_felony
1169,3526,,1,0,cross_race,36+_3-5_felony
6073,4162,,0,1,cross_race,36+_3-5_felony
1169,683,,1,0,cross_race,36+_3-5_felony
1964,6091,,1,0,cross_race,36+_3-5_felony
1473,6091,,1,0,cross_race,36+_3-5_felony
3247,6725,,1,0,cross_race,36+_3-5_felony
4095,4162,,1,1,same_race,36+_3-5_felony
6725,1541,,0,0,same_race,36+_3-5_felony
6725,2091,,0,1,cross_race,36+_3-5_felony
5568,6073,,1,0,cross_race,36+_3-5_felony
3990,291,,1,0,cross_race,36+_3-5_felony
4688,6091,,1,0,cross_race,36+_3-5_felony
1098,5738,,0,0,same_race,36+_3-5_felony
6257,3526,,1,0,cross_race,36+_3-5_felony
1964,1473,,1,1,same_race,36+_3-5_felony
4011,6073,,0,0,same_race,36+_3-5_felony
4688,683,,1,0,cross_race,36+_3-5_felony
3120,565,,0,0,same_race,36+_3-5_felony
3247,6130,,1,1,same_race,36+_3-5_felony
3247,637,,1,1,same_race,36+_3-5_felony
3247,2081,,1,1,same_race,36+_3-5_felony
4688,3484,,1,0,cross_race,36+_3-5_felony
1473,4011,,1,0,cross_race,36+_3-5_felony
2729,5738,,0,0,same_race,36+_3-5_felony
4688,637,,1,1,same_race,36+_3-5_felony
6091,291,,0,0,same_race,36+_3-5_felony
6257,5568,,1,1,same_race,36+_3-5_felony
1473,3120,,1,0,cross_race,36+_3-5_felony
360,1098,,1,0,cross_race,36+_3-5_felony
1541,461,,0,1,cross_race,36+_3-5_felony
1473,5568,,1,1,same_race,36+_3-5_felony
6091,2081,,0,1,cross_race,36+_3-5_felony
6130,637,,1,1,same_race,36+_3-5_felony
1473,3122,,1,0,cross_race,36+_3-5_felony
2729,6725,,0,0,same_race,36+_3-5_felony
4355,291,,1,0,cross_race,36+_3-5_felony
6130,4585,,1,1,same_race,36+_3-5_felony
2081,291,,1,0,cross_race,36+_3-5_felony
6257,2729,,1,0,cross_race,36+_3-5_felony
1169,4095,,1,1,same_race,36+_3-5_felony
1473,1098,,1,0,cross_race,36+_3-5_felony
565,4162,,0,1,cross_race,36+_3-5_felony
6257,1473,,1,1,same_race,36+_3-5_felony
1169,6073,,1,0,cross_race,36+_3-5_felony
3247,5738,,1,0,cross_race,36+_3-5_felony
4011,1098,,0,0,same_race,36+_3-5_felony
6257,4162,,1,1,same_race,36+_3-5_felony
6073,2091,,0,1,cross_race,36+_3-5_felony
461,4095,,1,1,same_race,36+_3-5_felony
3247,5568,,1,1,same_race,36+_3-5_felony
461,5807,,1,1,same_race,36+_3-5_felony
4011,3526,,0,0,same_race,36+_3-5_felony
6091,3105,,0,1,cross_race,36+_3-5_felony
4585,3526,,1,0,cross_race,36+_3-5_felony
3247,291,,1,0,cross_race,36+_3-5_felony
1473,291,,1,0,cross_race,36+_3-5_felony
3105,6130,,1,1,same_race,36+_3-5_felony
4095,1098,,1,0,cross_race,36+_3-5_felony
3990,6705,,1,0,cross_race,36+_3-5_felony
4585,5807,,1,1,same_race,36+_3-5_felony
565,2091,,0,1,cross_race,36+_3-5_felony
291,4162,,0,1,cross_race,36+_3-5_felony
6091,945,,0,0,same_race,36+_3-5_felony
1169,461,,1,1,same_race,36+_3-5_felony
3122,5738,,0,0,same_race,36+_3-5_felony
3122,4095,,0,1,cross_race,36+_3-5_felony
4355,3526,,1,0,cross_race,36+_3-5_felony
6725,637,,0,1,cross_race,36+_3-5_felony
6091,461,,0,1,cross_race,36+_3-5_felony
3247,5807,,1,1,same_race,36+_3-5_felony
6705,5738,,0,0,same_race,36+_3-5_felony
3120,5738,,0,0,same_race,36+_3-5_felony
3247,1169,,1,1,same_race,36+_3-5_felony
1541,5738,,0,0,same_race,36+_3-5_felony
1169,4162,,1,1,same_race,36+_3-5_felony
2081,4162,,1,1,same_race,36+_3-5_felony
6725,4162,,0,1,cross_race,36+_3-5_felony
4688,2091,,1,1,same_race,36+_3-5_felony
3122,360,,0,1,cross_race,36+_3-5_felony
1964,5807,,1,1,same_race,36+_3-5_felony
4355,360,,1,1,same_race,36+_3-5_felony
6091,683,,0,0,same_race,36+_3-5_felony
6705,3484,,0,0,same_race,36+_3-5_felony
1098,2091,,0,1,cross_race,36+_3-5_felony
6257,2081,,1,1,same_race,36+_3-5_felony
3247,683,,1,0,cross_race,36+_3-5_felony
2729,1169,,0,1,cross_race,36+_3-5_felony
565,291,,0,0,same_race,36+_3-5_felony
1964,1541,,1,0,cross_race,36+_3-5_felony
4011,3122,,0,0,same_race,36+_3-5_felony
945,637,,0,1,cross_race,36+_3-5_felony
4355,945,,1,0,cross_race,36+_3-5_felony
683,945,,0,0,same_race,36+_3-5_felony
3247,4095,,1,1,same_race,36+_3-5_felony
4011,3105,,0,1,cross_race,36+_3-5_felony
6725,6130,,0,1,cross_race,36+_3-5_felony
2729,291,,0,0,same_race,36+_3-5_felony
3122,2091,,0,1,cross_race,36+_3-5_felony
6705,3120,,0,0,same_race,36+_3-5_felony
6091,4123,,0,0,same_race,36+_3-5_felony
4355,2729,,1,0,cross_race,36+_3-5_felony
2729,637,,0,1,cross_race,36+_3-5_felony
6091,3484,,0,0,same_race,36+_3-5_felony
6705,291,,0,0,same_race,36+_3-5_felony
1541,291,,0,0,same_race,36+_3-5_felony
2081,4123,,1,0,cross_race,36+_3-5_felony
6091,3120,,0,0,same_race,36+_3-5_felony
5568,461,,1,1,same_race,36+_3-5_felony
3120,2081,,0,1,cross_race,36+_3-5_felony
4355,4585,,1,1,same_race,36+_3-5_felony
6130,6073,,1,0,cross_race,36+_3-5_felony
6130,3484,,1,0,cross_race,36+_3-5_felony
4355,565,,1,0,cross_race,36+_3-5_felony
1541,5942,,0,0,same_race,36+_3-5_felony
5807,3526,,1,0,cross_race,36+_3-5_felony
3526,2081,,0,1,cross_race,36+_3-5_felony
360,5738,,1,0,cross_race,36+_3-5_felony
2729,6130,,0,1,cross_race,36+_3-5_felony
1964,6705,,1,0,cross_race,36+_3-5_felony
6073,5942,,0,0,same_race,36+_3-5_felony
683,5738,,0,0,same_race,36+_3-5_felony
1541,637,,0,1,cross_race,36+_3-5_felony
3990,2091,,1,1,same_race,36+_3-5_felony
461,565,,1,0,cross_race,36+_3-5_felony
1473,6073,,1,0,cross_race,36+_3-5_felony
2729,683,,0,0,same_race,36+_3-5_felony
6725,4123,,0,0,same_race,36+_3-5_felony
6705,2091,,0,1,cross_race,36+_3-5_felony
1169,1098,,1,0,cross_race,36+_3-5_felony
6091,4095,,0,1,cross_race,36+_3-5_felony
360,6766,,1,1,same_race,36+_3-5_felony
3120,291,,0,0,same_race,36+_3-5_felony
5568,2091,,1,1,same_race,36+_3-5_felony
3122,4585,,0,1,cross_race,36+_3-5_felony
1169,360,,1,1,same_race,36+_3-5_felony
461,637,,1,1,same_race,36+_3-5_felony
1964,3990,,1,1,same_race,36+_3-5_felony
1169,637,,1,1,same_race,36+_3-5_felony
3990,5807,,1,1,same_race,36+_3-5_felony
3990,4095,,1,1,same_race,36+_3-5_felony
2729,5568,,0,1,cross_race,36+_3-5_felony
6130,2091,,1,1,same_race,36+_3-5_felony
1964,3120,,1,0,cross_race,36+_3-5_felony
3120,4123,,0,0,same_race,36+_3-5_felony
3120,683,,0,0,same_race,36+_3-5_felony
1964,4162,,1,1,same_race,36+_3-5_felony
5807,5942,,1,0,cross_race,36+_3-5_felony
4011,4162,,0,1,cross_race,36+_3-5_felony
3122,2729,,0,0,same_race,36+_3-5_felony
2091,4162,,1,1,same_race,36+_3-5_felony
1473,461,,1,1,same_race,36+_3-5_felony
1473,5738,,1,0,cross_race,36+_3-5_felony
1541,2081,,0,1,cross_race,36+_3-5_felony
3990,945,,1,0,cross_race,36+_3-5_felony
6091,3526,,0,0,same_race,36+_3-5_felony
4585,461,,1,1,same_race,36+_3-5_felony
1169,2091,,1,1,same_race,36+_3-5_felony
1964,5738,,1,0,cross_race,36+_3-5_felony
461,3526,,1,0,cross_race,36+_3-5_felony
4585,5942,,1,0,cross_race,36+_3-5_felony
461,2081,,1,1,same_race,36+_3-5_felony
4011,3990,,0,1,cross_race,36+_3-5_felony
6257,6073,,1,0,cross_race,36+_3-5_felony
461,1098,,1,0,cross_race,36+_3-5_felony
3484,2081,,0,1,cross_race,36+_3-5_felony
3526,5942,,0,0,same_race,36+_3-5_felony
1473,6766,,1,1,same_race,36+_3-5_felony
5568,637,,1,1,same_race,36+_3-5_felony
945,291,,0,0,same_race,36+_3-5_felony
6257,5942,,1,0,cross_race,36+_3-5_felony
6725,6766,,0,1,cross_race,36+_3-5_felony
3105,565,,1,0,cross_race,36+_3-5_felony
3526,360,,0,1,cross_race,36+_3-5_felony
4095,3484,,1,0,cross_race,36+_3-5_felony
4585,565,,1,0,cross_race,36+_3-5_felony
5568,945,,1,0,cross_race,36+_3-5_felony
3105,4123,,1,0,cross_race,36+_3-5_felony
360,5942,,1,0,cross_race,36+_3-5_felony
6130,4162,,1,1,same_race,36+_3-5_felony
3122,6091,,0,0,same_race,36+_3-5_felony
3990,4123,,1,0,cross_race,36+_3-5_felony
683,4585,,0,1,cross_race,36+_3-5_felony
4355,3247,,1,1,same_race,36+_3-5_felony
6725,5738,,0,0,same_race,36+_3-5_felony
1964,291,,1,0,cross_race,36+_3-5_felony
4123,6766,,0,1,cross_race,36+_3-5_felony
6091,1169,,0,1,cross_race,36+_3-5_felony
6725,3484,,0,0,same_race,36+_3-5_felony
1964,6073,,1,0,cross_race,36+_3-5_felony
3247,1098,,1,0,cross_race,36+_3-5_felony
5942,6766,,0,1,cross_race,36+_3-5_felony
4095,291,,1,0,cross_race,36+_3-5_felony
565,5942,,0,0,same_race,36+_3-5_felony
3105,3990,,1,1,same_race,36+_3-5_felony
6705,6130,,0,1,cross_race,36+_3-5_felony
4095,5807,,1,1,same_race,36+_3-5_felony
3122,291,,0,0,same_race,36+_3-5_felony
4095,5942,,1,0,cross_race,36+_3-5_felony
4162,6766,,1,1,same_race,36+_3-5_felony
2091,5738,,1,0,cross_race,36+_3-5_felony
1541,360,,0,1,cross_race,36+_3-5_felony
4355,4123,,1,0,cross_race,36+_3-5_felony
5568,3484,,1,0,cross_race,36+_3-5_felony
3247,565,,1,0,cross_race,36+_3-5_felony
5568,3526,,1,0,cross_race,36+_3-5_felony
4585,6073,,1,0,cross_race,36+_3-5_felony
5568,2081,,1,1,same_race,36+_3-5_felony
3247,945,,1,0,cross_race,36+_3-5_felony
3526,4162,,0,1,cross_race,36+_3-5_felony
5568,4095,,1,1,same_race,36+_3-5_felony
461,5738,,1,0,cross_race,36+_3-5_felony
6705,637,,0,1,cross_race,36+_3-5_felony
945,4123,,0,0,same_race,36+_3-5_felony
4011,4585,,0,1,cross_race,36+_3-5_felony
6091,4585,,0,1,cross_race,36+_3-5_felony
4585,2081,,1,1,same_race,36+_3-5_felony
3105,1541,,1,0,cross_race,36+_3-5_felony
1964,4355,,1,1,same_race,36+_3-5_felony
3247,461,,1,1,same_race,36+_3-5_felony
1169,4585,,1,1,same_race,36+_3-5_felony
6130,5807,,1,1,same_race,36+_3-5_felony
945,1098,,0,0,same_race,36+_3-5_felony
3990,3484,,1,0,cross_race,36+_3-5_felony
3105,945,,1,0,cross_race,36+_3-5_felony
683,461,,0,1,cross_race,36+_3-5_felony
5568,4585,,1,1,same_race,36+_3-5_felony
3990,6130,,1,1,same_race,36+_3-5_felony
6091,4162,,0,1,cross_race,36+_3-5_felony
683,1098,,0,0,same_race,36+_3-5_felony
4011,4123,,0,0,same_race,36+_3-5_felony
4095,3526,,1,0,cross_race,36+_3-5_felony
3990,5568,,1,1,same_race,36+_3-5_felony
1964,4123,,1,0,cross_race,36+_3-5_felony
6091,5738,,0,0,same_race,36+_3-5_felony
4011,360,,0,1,cross_race,36+_3-5_felony
1473,637,,1,1,same_race,36+_3-5_felony
2091,5942,,1,0,cross_race,36+_3-5_felony
6257,6725,,1,0,cross_race,36+_3-5_felony
2091,6766,,1,1,same_race,36+_3-5_felony
3105,1098,,1,0,cross_race,36+_3-5_felony
1098,637,,0,1,cross_race,36+_3-5_felony
2081,5738,,1,0,cross_race,36+_3-5_felony
1964,6257,,1,1,same_race,36+_3-5_felony
1473,5807,,1,1,same_race,36+_3-5_felony
4688,2081,,1,1,same_race,36+_3-5_felony
6091,565,,0,0,same_race,36+_3-5_felony
461,4123,,1,0,cross_race,36+_3-5_felony
5008,2170,,1,0,cross_race,36+_0_felony
2259,4369,,0,1,cross_race,36+_0_felony
5008,784,,1,0,cross_race,36+_0_felony
5372,2364,,0,1,cross_race,36+_0_felony
717,2838,,0,0,same_race,36+_0_felony
5008,180,,1,0,cross_race,36+_0_felony
6043,6554,,0,0,same_race,36+_0_felony
5008,6316,,1,0,cross_race,36+_0_felony
235,102,,1,0,cross_race,36+_0_felony
717,286,,0,1,cross_race,36+_0_felony
872,222,,0,1,cross_race,36+_0_felony
764,6617,,1,0,cross_race,36+_0_felony
4247,2115,,0,1,cross_race,36+_0_felony
5008,6523,,1,0,cross_race,36+_0_felony
6523,6458,,0,1,cross_race,36+_0_felony
4334,6523,,1,0,cross_race,36+_0_felony
6617,6316,,0,0,same_race,36+_0_felony
6829,235,,0,1,cross_race,36+_0_felony
2170,6605,,0,0,same_race,36+_0_felony
6160,6833,,0,0,same_race,36+_0_felony
235,6833,,1,0,cross_race,36+_0_felony
6554,6316,,0,0,same_race,36+_0_felony
6659,4819,,0,0,same_race,36+_0_felony
6833,4717,,0,1,cross_race,36+_0_felony
764,6659,,1,0,cross_race,36+_0_felony
6659,497,,0,1,cross_race,36+_0_felony
4819,2493,,0,1,cross_race,36+_0_felony
6523,3133,,0,1,cross_race,36+_0_felony
222,4670,,1,1,same_race,36+_0_felony
6829,4670,,0,1,cross_race,36+_0_felony
2544,497,,1,1,same_race,36+_0_felony
6659,3133,,0,1,cross_race,36+_0_felony
3671,784,,1,0,cross_race,36+_0_felony
4334,5382,,1,0,cross_race,36+_0_felony
4435,4369,,0,1,cross_race,36+_0_felony
3133,2261,,1,0,cross_race,36+_0_felony
717,2493,,0,1,cross_race,36+_0_felony
1579,2877,,0,1,cross_race,36+_0_felony
4435,286,,0,1,cross_race,36+_0_felony
1958,2261,,1,0,cross_race,36+_0_felony
6523,2259,,0,0,same_race,36+_0_felony
5129,6458,,0,1,cross_race,36+_0_felony
2115,497,,1,1,same_race,36+_0_felony
6287,6578,,0,1,cross_race,36+_0_felony
4334,2261,,1,0,cross_race,36+_0_felony
6617,3775,,0,0,same_race,36+_0_felony
717,6043,,0,0,same_race,36+_0_felony
6160,2261,,0,0,same_race,36+_0_felony
4334,6659,,1,0,cross_race,36+_0_felony
6160,2364,,0,1,cross_race,36+_0_felony
3816,784,,0,0,same_race,36+_0_felony
5382,102,,0,0,same_race,36+_0_felony
6523,102,,0,0,same_race,36+_0_felony
5372,4670,,0,1,cross_race,36+_0_felony
4247,872,,0,0,same_race,36+_0_felony
6458,3688,,1,0,cross_race,36+_0_felony
2257,2838,,0,0,same_race,36+_0_felony
872,2170,,0,0,same_race,36+_0_felony
4334,3775,,1,0,cross_race,36+_0_felony
4334,5372,,1,0,cross_race,36+_0_felony
5926,3688,,0,0,same_race,36+_0_felony
222,2493,,1,1,same_race,36+_0_felony
3884,5926,,0,0,same_race,36+_0_felony
872,3688,,0,0,same_race,36+_0_felony
6458,4670,,1,1,same_race,36+_0_felony
2544,4247,,1,0,cross_race,36+_0_felony
2170,6287,,0,0,same_race,36+_0_felony
3671,6833,,1,0,cross_race,36+_0_felony
4435,6659,,0,0,same_race,36+_0_felony
3816,2170,,0,0,same_race,36+_0_felony
764,3816,,1,0,cross_race,36+_0_felony
3671,286,,1,1,same_race,36+_0_felony
717,5382,,0,0,same_race,36+_0_felony
2877,235,,1,1,same_race,36+_0_felony
2838,2261,,0,0,same_race,36+_0_felony
6659,3816,,0,0,same_race,36+_0_felony
6659,4717,,0,1,cross_race,36+_0_felony
6523,6160,,0,0,same_race,36+_0_felony
3884,2170,,0,0,same_race,36+_0_felony
4334,3671,,1,1,same_race,36+_0_felony
3816,2115,,0,1,cross_race,36+_0_felony
4435,2170,,0,0,same_race,36+_0_felony
2877,6316,,1,0,cross_race,36+_0_felony
2259,6287,,0,0,same_race,36+_0_felony
286,235,,1,1,same_race,36+_0_felony
4247,6458,,0,1,cross_race,36+_0_felony
764,784,,1,0,cross_race,36+_0_felony
4247,4717,,0,1,cross_race,36+_0_felony
2493,2261,,1,0,cross_race,36+_0_felony
6043,3671,,0,1,cross_race,36+_0_felony
2544,6043,,1,0,cross_race,36+_0_felony
2877,3816,,1,0,cross_race,36+_0_felony
4334,2259,,1,0,cross_race,36+_0_felony
4247,2493,,0,1,cross_race,36+_0_felony
6043,2493,,0,1,cross_race,36+_0_felony
222,6578,,1,1,same_race,36+_0_felony
4334,2544,,1,1,same_race,36+_0_felony
764,3884,,1,0,cross_race,36+_0_felony
3884,3688,,0,0,same_race,36+_0_felony
4435,6833,,0,0,same_race,36+_0_felony
222,6316,,1,0,cross_race,36+_0_felony
2257,235,,0,1,cross_race,36+_0_felony
286,6458,,1,1,same_race,36+_0_felony
1579,4717,,0,1,cross_race,36+_0_felony
3884,180,,0,0,same_race,36+_0_felony
856,235,,0,1,cross_race,36+_0_felony
2544,3775,,1,0,cross_race,36+_0_felony
3133,2115,,1,1,same_race,36+_0_felony
7006,6160,,1,0,cross_race,36+_0_felony
4435,5129,,0,0,same_race,36+_0_felony
5372,6578,,0,1,cross_race,36+_0_felony
4247,6829,,0,0,same_race,36+_0_felony
4819,4841,,0,1,cross_race,36+_0_felony
872,6617,,0,0,same_race,36+_0_felony
6160,2838,,0,0,same_race,36+_0_felony
6043,4369,,0,1,cross_race,36+_0_felony
4334,3816,,1,0,cross_race,36+_0_felony
784,6578,,0,1,cross_race,36+_0_felony
5382,2493,,0,1,cross_race,36+_0_felony
235,5926,,1,0,cross_race,36+_0_felony
3775,6578,,0,1,cross_race,36+_0_felony
4435,872,,0,0,same_race,36+_0_felony
5129,4247,,0,0,same_race,36+_0_felony
286,2261,,1,0,cross_race,36+_0_felony
4819,2261,,0,0,same_race,36+_0_felony
717,2364,,0,1,cross_race,36+_0_felony
102,5926,,0,0,same_race,36+_0_felony
2493,4841,,1,1,same_race,36+_0_felony
3133,3688,,1,0,cross_race,36+_0_felony
6833,2261,,0,0,same_race,36+_0_felony
6316,2493,,0,1,cross_race,36+_0_felony
6043,2261,,0,0,same_race,36+_0_felony
856,222,,0,1,cross_race,36+_0_felony
717,6523,,0,0,same_race,36+_0_felony
222,5372,,1,0,cross_race,36+_0_felony
5382,3884,,0,0,same_race,36+_0_felony
6833,497,,0,1,cross_race,36+_0_felony
180,6605,,0,0,same_race,36+_0_felony
180,102,,0,0,same_race,36+_0_felony
2261,2364,,0,1,cross_race,36+_0_felony
286,3688,,1,0,cross_race,36+_0_felony
4717,497,,1,1,same_race,36+_0_felony
7006,3688,,1,0,cross_race,36+_0_felony
6659,6316,,0,0,same_race,36+_0_felony
6829,6605,,0,0,same_race,36+_0_felony
7006,5129,,1,0,cross_race,36+_0_felony
764,2877,,1,1,same_race,36+_0_felony
764,872,,1,0,cross_race,36+_0_felony
5382,1579,,0,0,same_race,36+_0_felony
7006,5382,,1,0,cross_race,36+_0_felony
2877,4717,,1,1,same_race,36+_0_felony
3671,4841,,1,1,same_race,36+_0_felony
6523,4369,,0,1,cross_race,36+_0_felony
6659,286,,0,1,cross_race,36+_0_felony
5382,180,,0,0,same_race,36+_0_felony
717,6578,,0,1,cross_race,36+_0_felony
5382,2838,,0,0,same_race,36+_0_felony
4334,6160,,1,0,cross_race,36+_0_felony
764,6316,,1,0,cross_race,36+_0_felony
2259,3671,,0,1,cross_race,36+_0_felony
6160,4819,,0,0,same_race,36+_0_felony
7006,784,,1,0,cross_race,36+_0_felony
717,6605,,0,0,same_race,36+_0_felony
6523,856,,0,0,same_race,36+_0_felony
2493,5372,,1,0,cross_race,36+_0_felony
7006,4435,,1,0,cross_race,36+_0_felony
2259,497,,0,1,cross_race,36+_0_felony
6523,4247,,0,0,same_race,36+_0_felony
1579,6605,,0,0,same_race,36+_0_felony
717,6160,,0,0,same_race,36+_0_felony
5382,2170,,0,0,same_race,36+_0_felony
856,4841,,0,1,cross_race,36+_0_felony
6160,3671,,0,1,cross_race,36+_0_felony
2257,6833,,0,0,same_race,36+_0_felony
286,4841,,1,1,same_race,36+_0_felony
3671,6316,,1,0,cross_race,36+_0_felony
5008,286,,1,1,same_race,36+_0_felony
2259,6578,,0,1,cross_race,36+_0_felony
3133,2364,,1,1,same_race,36+_0_felony
5382,3775,,0,0,same_race,36+_0_felony
4247,3688,,0,0,same_race,36+_0_felony
4334,3133,,1,1,same_race,36+_0_felony
3133,2257,,1,0,cross_race,36+_0_felony
7006,2544,,1,1,same_race,36+_0_felony
7006,6617,,1,0,cross_race,36+_0_felony
5129,4369,,0,1,cross_race,36+_0_felony
235,2493,,1,1,same_race,36+_0_felony
856,784,,0,0,same_race,36+_0_felony
4819,6578,,0,1,cross_race,36+_0_felony
2259,222,,0,1,cross_race,36+_0_felony
5382,6287,,0,0,same_race,36+_0_felony
6659,2877,,0,1,cross_race,36+_0_felony
4247,3816,,0,0,same_race,36+_0_felony
5382,4247,,0,0,same_race,36+_0_felony
4334,6554,,1,0,cross_race,36+_0_felony
6043,2838,,0,0,same_race,36+_0_felony
6316,1958,,0,1,cross_race,36+_0_felony
2259,286,,0,1,cross_race,36+_0_felony
6523,6605,,0,0,same_race,36+_0_felony
856,6829,,0,0,same_race,36+_0_felony
764,180,,1,0,cross_race,36+_0_felony
5382,4670,,0,1,cross_race,36+_0_felony
717,180,,0,0,same_race,36+_0_felony
6523,4435,,0,0,same_race,36+_0_felony
4369,4841,,1,1,same_race,36+_0_felony
6287,2838,,0,0,same_race,36+_0_felony
2877,2364,,1,1,same_race,36+_0_felony
6523,2170,,0,0,same_race,36+_0_felony
5129,2838,,0,0,same_race,36+_0_felony
102,2261,,0,0,same_race,36+_0_felony
2115,235,,1,1,same_race,36+_0_felony
5008,235,,1,1,same_race,36+_0_felony
2838,235,,0,1,cross_race,36+_0_felony
235,5372,,1,0,cross_race,36+_0_felony
235,6605,,1,0,cross_race,36+_0_felony
6659,5926,,0,0,same_race,36+_0_felony
717,102,,0,0,same_race,36+_0_felony
3671,1958,,1,1,same_race,36+_0_felony
2544,286,,1,1,same_race,36+_0_felony
2544,180,,1,0,cross_race,36+_0_felony
5129,1958,,0,1,cross_race,36+_0_felony
2257,2261,,0,0,same_race,36+_0_felony
3671,497,,1,1,same_race,36+_0_felony
6659,6287,,0,0,same_race,36+_0_felony
4334,4435,,1,0,cross_race,36+_0_felony
4369,286,,1,1,same_race,36+_0_felony
4435,3133,,0,1,cross_race,36+_0_felony
6829,3688,,0,0,same_race,36+_0_felony
6554,6833,,0,0,same_race,36+_0_felony
3671,5382,,1,0,cross_race,36+_0_felony
6833,4670,,0,1,cross_race,36+_0_felony
3884,102,,0,0,same_race,36+_0_felony
2493,497,,1,1,same_race,36+_0_felony
717,5129,,0,0,same_race,36+_0_felony
3133,235,,1,1,same_race,36+_0_felony
3133,6287,,1,0,cross_race,36+_0_felony
3671,872,,1,0,cross_race,36+_0_felony
5372,102,,0,0,same_race,36+_0_felony
5008,3133,,1,1,same_race,36+_0_felony
856,764,,0,1,cross_race,36+_0_felony
5382,6316,,0,0,same_race,36+_0_felony
5008,6287,,1,0,cross_race,36+_0_felony
764,2115,,1,1,same_race,36+_0_felony
2544,2115,,1,1,same_race,36+_0_felony
5382,6829,,0,0,same_race,36+_0_felony
6617,2257,,0,0,same_race,36+_0_felony
2170,102,,0,0,same_race,36+_0_felony
5129,3133,,0,1,cross_race,36+_0_felony
2877,2261,,1,0,cross_race,36+_0_felony
6458,4717,,1,1,same_race,36+_0_felony
7006,764,,1,1,same_race,36+_0_felony
856,4717,,0,1,cross_race,36+_0_felony
5129,3775,,0,0,same_race,36+_0_felony
872,102,,0,0,same_race,36+_0_felony
3816,4841,,0,1,cross_race,36+_0_felony
5008,5129,,1,0,cross_race,36+_0_felony
1579,2364,,0,1,cross_race,36+_0_felony
5129,2493,,0,1,cross_race,36+_0_felony
3884,6554,,0,0,same_race,36+_0_felony
2115,2838,,1,0,cross_race,36+_0_felony
3884,4247,,0,0,same_race,36+_0_felony
4435,4841,,0,1,cross_race,36+_0_felony
6160,3133,,0,1,cross_race,36+_0_felony
4334,2493,,1,1,same_race,36+_0_felony
4247,6554,,0,0,same_race,36+_0_felony
6043,2877,,0,1,cross_race,36+_0_felony
6043,497,,0,1,cross_race,36+_0_felony
2259,2493,,0,1,cross_race,36+_0_felony
235,1958,,1,1,same_race,36+_0_felony
2115,6829,,1,0,cross_race,36+_0_felony
222,3688,,1,0,cross_race,36+_0_felony
4369,3133,,1,1,same_race,36+_0_felony
2493,1958,,1,1,same_race,36+_0_felony
6578,6605,,1,0,cross_race,36+_0_felony
4369,5372,,1,0,cross_race,36+_0_felony
2877,180,,1,0,cross_race,36+_0_felony
4819,6316,,0,0,same_race,36+_0_felony
4435,2261,,0,0,same_race,36+_0_felony
856,2257,,0,0,same_race,36+_0_felony
6160,2115,,0,1,cross_race,36+_0_felony
717,6287,,0,0,same_race,36+_0_felony
2493,6458,,1,1,same_race,36+_0_felony
2115,6578,,1,1,same_race,36+_0_felony
2877,4247,,1,0,cross_race,36+_0_felony
5008,3816,,1,0,cross_race,36+_0_felony
3884,6287,,0,0,same_race,36+_0_felony
2259,2261,,0,0,same_race,36+_0_felony
6160,3884,,0,0,same_race,36+_0_felony
6316,102,,0,0,same_race,36+_0_felony
4369,6578,,1,1,same_race,36+_0_felony
2544,4435,,1,0,cross_race,36+_0_felony
4369,4670,,1,1,same_race,36+_0_felony
3884,286,,0,1,cross_race,36+_0_felony
2261,4717,,0,1,cross_race,36+_0_felony
6043,6829,,0,0,same_race,36+_0_felony
2877,4841,,1,1,same_race,36+_0_felony
6043,4819,,0,0,same_race,36+_0_felony
286,5926,,1,0,cross_race,36+_0_felony
6160,1579,,0,0,same_race,36+_0_felony
6554,497,,0,1,cross_race,36+_0_felony
4435,4819,,0,0,same_race,36+_0_felony
4247,222,,0,1,cross_race,36+_0_felony
6829,6554,,0,0,same_race,36+_0_felony
3816,2364,,0,1,cross_race,36+_0_felony
2544,4670,,1,1,same_race,36+_0_felony
180,4717,,0,1,cross_race,36+_0_felony
2115,6287,,1,0,cross_race,36+_0_felony
5008,2493,,1,1,same_race,36+_0_felony
2115,6605,,1,0,cross_race,36+_0_felony
5129,5372,,0,0,same_race,36+_0_felony
4435,180,,0,0,same_race,36+_0_felony
3133,5372,,1,0,cross_race,36+_0_felony
6043,6578,,0,1,cross_race,36+_0_felony
5008,6554,,1,0,cross_race,36+_0_felony
3133,5926,,1,0,cross_race,36+_0_felony
4670,2364,,1,1,same_race,36+_0_felony
856,1958,,0,1,cross_race,36+_0_felony
2877,4819,,1,0,cross_race,36+_0_felony
6523,2261,,0,0,same_race,36+_0_felony
717,3688,,0,0,same_race,36+_0_felony
3884,6833,,0,0,same_race,36+_0_felony
6160,180,,0,0,same_race,36+_0_felony
102,6458,,0,1,cross_race,36+_0_felony
1958,3688,,1,0,cross_race,36+_0_felony
3688,2364,,0,1,cross_race,36+_0_felony
2170,3775,,0,0,same_race,36+_0_felony
6617,3688,,0,0,same_race,36+_0_felony
856,4435,,0,0,same_race,36+_0_felony
6458,6605,,1,0,cross_race,36+_0_felony
5008,6578,,1,1,same_race,36+_0_felony
1579,2493,,0,1,cross_race,36+_0_felony
7006,235,,1,1,same_race,36+_0_felony
717,6829,,0,0,same_race,36+_0_felony
4369,6287,,1,0,cross_race,36+_0_felony
6160,2877,,0,1,cross_race,36+_0_felony
717,2261,,0,0,same_race,36+_0_felony
5008,2259,,1,0,cross_race,36+_0_felony
856,5382,,0,0,same_race,36+_0_felony
4247,2261,,0,0,same_race,36+_0_felony
2259,872,,0,0,same_race,36+_0_felony
717,3671,,0,1,cross_race,36+_0_felony
717,2544,,0,1,cross_race,36+_0_felony
3671,5372,,1,0,cross_race,36+_0_felony
6316,4670,,0,1,cross_race,36+_0_felony
5008,872,,1,0,cross_race,36+_0_felony
102,4670,,0,1,cross_race,36+_0_felony
6617,5372,,0,0,same_race,36+_0_felony
3775,2493,,0,1,cross_race,36+_0_felony
764,6287,,1,0,cross_race,36+_0_felony
5008,6043,,1,0,cross_race,36+_0_felony
4841,3688,,1,0,cross_race,36+_0_felony
4819,497,,0,1,cross_race,36+_0_felony
6617,180,,0,0,same_race,36+_0_felony
717,5926,,0,0,same_race,36+_0_felony
2170,6617,,0,0,same_race,36+_0_felony
2259,6554,,0,0,same_race,36+_0_felony
784,6458,,0,1,cross_race,36+_0_felony
2544,6554,,1,0,cross_race,36+_0_felony
3884,3133,,0,1,cross_race,36+_0_felony
5129,2170,,0,0,same_race,36+_0_felony
3816,3133,,0,1,cross_race,36+_0_felony
3671,235,,1,1,same_race,36+_0_felony
764,4247,,1,0,cross_race,36+_0_felony
5372,497,,0,1,cross_race,36+_0_felony
3816,6287,,0,0,same_race,36+_0_felony
4247,6833,,0,0,same_race,36+_0_felony
5008,6833,,1,0,cross_race,36+_0_felony
872,497,,0,1,cross_race,36+_0_felony
4334,6287,,1,0,cross_race,36+_0_felony
4435,2115,,0,1,cross_race,36+_0_felony
872,3816,,0,0,same_race,36+_0_felony
6554,6458,,0,1,cross_race,36+_0_felony
2544,2877,,1,1,same_race,36+_0_felony
6043,3816,,0,0,same_race,36+_0_felony
6287,1958,,0,1,cross_race,36+_0_felony
2544,4841,,1,1,same_race,36+_0_felony
6554,4670,,0,1,cross_race,36+_0_felony
6829,6833,,0,0,same_race,36+_0_felony
6523,872,,0,0,same_race,36+_0_felony
856,6659,,0,0,same_race,36+_0_felony
4369,180,,1,0,cross_race,36+_0_felony
286,2115,,1,1,same_race,36+_0_felony
1579,2261,,0,0,same_race,36+_0_felony
1579,872,,0,0,same_race,36+_0_felony
2877,2170,,1,0,cross_race,36+_0_felony
764,1579,,1,0,cross_race,36+_0_felony
717,2170,,0,0,same_race,36+_0_felony
2493,102,,1,0,cross_race,36+_0_felony
1579,102,,0,0,same_race,36+_0_felony
2877,3775,,1,0,cross_race,36+_0_felony
856,6578,,0,1,cross_race,36+_0_felony
2877,6833,,1,0,cross_race,36+_0_felony
4334,4247,,1,0,cross_race,36+_0_felony
235,222,,1,1,same_race,36+_0_felony
2259,1579,,0,0,same_race,36+_0_felony
5008,4717,,1,1,same_race,36+_0_felony
856,3671,,0,1,cross_race,36+_0_felony
6605,2364,,0,1,cross_race,36+_0_felony
2261,4841,,0,1,cross_race,36+_0_felony
4247,235,,0,1,cross_race,36+_0_felony
856,872,,0,0,same_race,36+_0_felony
856,3133,,0,1,cross_race,36+_0_felony
4717,6605,,1,0,cross_race,36+_0_felony
235,497,,1,1,same_race,36+_0_felony
2259,2364,,0,1,cross_race,36+_0_felony
3816,235,,0,1,cross_race,36+_0_felony
4369,6829,,1,0,cross_race,36+_0_felony
2259,6833,,0,0,same_race,36+_0_felony
3133,6578,,1,1,same_race,36+_0_felony
2544,2493,,1,1,same_race,36+_0_felony
7006,2170,,1,0,cross_race,36+_0_felony
4435,3688,,0,0,same_race,36+_0_felony
2493,6578,,1,1,same_race,36+_0_felony
6160,764,,0,1,cross_race,36+_0_felony
1579,784,,0,0,same_race,36+_0_felony
2877,6829,,1,0,cross_race,36+_0_felony
4334,2364,,1,1,same_race,36+_0_felony
6617,235,,0,1,cross_race,36+_0_felony
872,4841,,0,1,cross_race,36+_0_felony
3884,497,,0,1,cross_race,36+_0_felony
3816,180,,0,0,same_race,36+_0_felony
2257,4717,,0,1,cross_race,36+_0_felony
2877,2115,,1,1,same_race,36+_0_felony
784,5372,,0,0,same_race,36+_0_felony
7006,1579,,1,0,cross_race,36+_0_felony
180,5372,,0,0,same_race,36+_0_felony
2544,3671,,1,1,same_race,36+_0_felony
6043,286,,0,1,cross_race,36+_0_felony
3816,4819,,0,0,same_race,36+_0_felony
5008,3671,,1,1,same_race,36+_0_felony
5008,6617,,1,0,cross_race,36+_0_felony
6043,4435,,0,0,same_race,36+_0_felony
6160,497,,0,1,cross_race,36+_0_felony
2838,3688,,0,0,same_race,36+_0_felony
4435,6287,,0,0,same_race,36+_0_felony
6523,2838,,0,0,same_race,36+_0_felony
4435,235,,0,1,cross_race,36+_0_felony
4334,286,,1,1,same_race,36+_0_felony
5008,4247,,1,0,cross_race,36+_0_felony
5129,4841,,0,1,cross_race,36+_0_felony
2877,102,,1,0,cross_race,36+_0_felony
764,2170,,1,0,cross_race,36+_0_felony
6287,4717,,0,1,cross_race,36+_0_felony
2544,872,,1,0,cross_race,36+_0_felony
4369,1958,,1,1,same_race,36+_0_felony
4334,4841,,1,1,same_race,36+_0_felony
4334,1579,,1,0,cross_race,36+_0_felony
1579,180,,0,0,same_race,36+_0_felony
2259,6316,,0,0,same_race,36+_0_felony
2259,3884,,0,0,same_race,36+_0_felony
764,2261,,1,0,cross_race,36+_0_felony
5382,2261,,0,0,same_race,36+_0_felony
6160,2544,,0,1,cross_race,36+_0_felony
2257,180,,0,0,same_race,36+_0_felony
6659,180,,0,0,same_race,36+_0_felony
2259,4819,,0,0,same_race,36+_0_felony
6316,6458,,0,1,cross_race,36+_0_felony
4334,2257,,1,0,cross_race,36+_0_felony
5129,3816,,0,0,same_race,36+_0_felony
6829,6578,,0,1,cross_race,36+_0_felony
1579,6458,,0,1,cross_race,36+_0_felony
2115,6316,,1,0,cross_race,36+_0_felony
3884,2838,,0,0,same_race,36+_0_felony
3133,6605,,1,0,cross_race,36+_0_felony
2877,4670,,1,1,same_race,36+_0_felony
5129,497,,0,1,cross_race,36+_0_felony
1579,2115,,0,1,cross_race,36+_0_felony
2170,2364,,0,1,cross_race,36+_0_felony
764,4841,,1,1,same_race,36+_0_felony
5129,2257,,0,0,same_race,36+_0_felony
7006,856,,1,0,cross_race,36+_0_felony
3671,3816,,1,0,cross_race,36+_0_felony
2259,5382,,0,0,same_race,36+_0_felony
4247,4369,,0,1,cross_race,36+_0_felony
2257,2364,,0,1,cross_race,36+_0_felony
3884,2877,,0,1,cross_race,36+_0_felony
4369,6458,,1,1,same_race,36+_0_felony
872,6829,,0,0,same_race,36+_0_felony
3671,6617,,1,0,cross_race,36+_0_felony
3775,2261,,0,0,same_race,36+_0_felony
3133,4841,,1,1,same_race,36+_0_felony
7006,6523,,1,0,cross_race,36+_0_felony
5382,6578,,0,1,cross_race,36+_0_felony
856,6316,,0,0,same_race,36+_0_felony
784,2257,,0,0,same_race,36+_0_felony
6523,6833,,0,0,same_race,36+_0_felony
784,6287,,0,0,same_race,36+_0_felony
3133,6833,,1,0,cross_race,36+_0_felony
2257,2493,,0,1,cross_race,36+_0_felony
784,4717,,0,1,cross_race,36+_0_felony
180,2261,,0,0,same_race,36+_0_felony
7006,6605,,1,0,cross_race,36+_0_felony
1579,222,,0,1,cross_race,36+_0_felony
6554,222,,0,1,cross_race,36+_0_felony
6829,497,,0,1,cross_race,36+_0_felony
5129,6617,,0,0,same_race,36+_0_felony
7006,3671,,1,1,same_race,36+_0_felony
717,4334,,0,1,cross_race,36+_0_felony
3816,286,,0,1,cross_race,36+_0_felony
7006,180,,1,0,cross_race,36+_0_felony
5023,5443,,1,1,same_race,18-25_6+_felony
5023,6407,,1,0,cross_race,18-25_6+_felony
5023,5761,,1,0,cross_race,18-25_6+_felony
5023,4127,,1,0,cross_race,18-25_6+_felony
5023,1595,,1,1,same_race,18-25_6+_felony
5023,5936,,1,0,cross_race,18-25_6+_felony
5023,6634,,1,1,same_race,18-25_6+_felony
5023,4386,,1,1,same_race,18-25_6+_felony
5023,5274,,1,0,cross_race,18-25_6+_felony
5023,531,,1,1,same_race,18-25_6+_felony
5023,4047,,1,0,cross_race,18-25_6+_felony
5023,1521,,1,1,same_race,18-25_6+_felony
5023,5962,,1,1,same_race,18-25_6+_felony
5023,1645,,1,1,same_race,18-25_6+_felony
5023,5229,,1,0,cross_race,18-25_6+_felony
5443,6407,,1,0,cross_race,18-25_6+_felony
5443,5761,,1,0,cross_race,18-25_6+_felony
5443,4127,,1,0,cross_race,18-25_6+_felony
5443,1595,,1,1,same_race,18-25_6+_felony
5443,5936,,1,0,cross_race,18-25_6+_felony
5443,6634,,1,1,same_race,18-25_6+_felony
5443,4386,,1,1,same_race,18-25_6+_felony
5443,5274,,1,0,cross_race,18-25_6+_felony
5443,531,,1,1,same_race,18-25_6+_felony
5443,4047,,1,0,cross_race,18-25_6+_felony
5443,1521,,1,1,same_race,18-25_6+_felony
5443,5962,,1,1,same_race,18-25_6+_felony
5443,1645,,1,1,same_race,18-25_6+_felony
5443,5229,,1,0,cross_race,18-25_6+_felony
6407,5761,,0,0,same_race,18-25_6+_felony
6407,4127,,0,0,same_race,18-25_6+_felony
6407,1595,,0,1,cross_race,18-25_6+_felony
6407,5936,,0,0,same_race,18-25_6+_felony
6407,6634,,0,1,cross_race,18-25_6+_felony
6407,4386,,0,1,cross_race,18-25_6+_felony
6407,5274,,0,0,same_race,18-25_6+_felony
6407,531,,0,1,cross_race,18-25_6+_felony
6407,4047,,0,0,same_race,18-25_6+_felony
6407,1521,,0,1,cross_race,18-25_6+_felony
6407,5962,,0,1,cross_race,18-25_6+_felony
6407,1645,,0,1,cross_race,18-25_6+_felony
6407,5229,,0,0,same_race,18-25_6+_felony
5761,4127,,0,0,same_race,18-25_6+_felony
5761,1595,,0,1,cross_race,18-25_6+_felony
5761,5936,,0,0,same_race,18-25_6+_felony
5761,6634,,0,1,cross_race,18-25_6+_felony
5761,4386,,0,1,cross_race,18-25_6+_felony
5761,5274,,0,0,same_race,18-25_6+_felony
5761,531,,0,1,cross_race,18-25_6+_felony
5761,4047,,0,0,same_race,18-25_6+_felony
5761,1521,,0,1,cross_race,18-25_6+_felony
5761,5962,,0,1,cross_race,18-25_6+_felony
5761,1645,,0,1,cross_race,18-25_6+_felony
5761,5229,,0,0,same_race,18-25_6+_felony
4127,1595,,0,1,cross_race,18-25_6+_felony
4127,5936,,0,0,same_race,18-25_6+_felony
4127,6634,,0,1,cross_race,18-25_6+_felony
4127,4386,,0,1,cross_race,18-25_6+_felony
4127,5274,,0,0,same_race,18-25_6+_felony
4127,531,,0,1,cross_race,18-25_6+_felony
4127,4047,,0,0,same_race,18-25_6+_felony
4127,1521,,0,1,cross_race,18-25_6+_felony
4127,5962,,0,1,cross_race,18-25_6+_felony
4127,1645,,0,1,cross_race,18-25_6+_felony
4127,5229,,0,0,same_race,18-25_6+_felony
1595,5936,,1,0,cross_race,18-25_6+_felony
1595,6634,,1,1,same_race,18-25_6+_felony
1595,4386,,1,1,same_race,18-25_6+_felony
1595,5274,,1,0,cross_race,18-25_6+_felony
1595,531,,1,1,same_race,18-25_6+_felony
1595,4047,,1,0,cross_race,18-25_6+_felony
1595,1521,,1,1,same_race,18-25_6+_felony
1595,5962,,1,1,same_race,18-25_6+_felony
1595,1645,,1,1,same_race,18-25_6+_felony
1595,5229,,1,0,cross_race,18-25_6+_felony
5936,6634,,0,1,cross_race,18-25_6+_felony
5936,4386,,0,1,cross_race,18-25_6+_felony
5936,5274,,0,0,same_race,18-25_6+_felony
5936,531,,0,1,cross_race,18-25_6+_felony
5936,4047,,0,0,same_race,18-25_6+_felony
5936,1521,,0,1,cross_race,18-25_6+_felony
5936,5962,,0,1,cross_race,18-25_6+_felony
5936,1645,,0,1,cross_race,18-25_6+_felony
5936,5229,,0,0,same_race,18-25_6+_felony
6634,4386,,1,1,same_race,18-25_6+_felony
6634,5274,,1,0,cross_race,18-25_6+_felony
6634,531,,1,1,same_race,18-25_6+_felony
6634,4047,,1,0,cross_race,18-25_6+_felony
6634,1521,,1,1,same_race,18-25_6+_felony
6634,5962,,1,1,same_race,18-25_6+_felony
6634,1645,,1,1,same_race,18-25_6+_felony
6634,5229,,1,0,cross_race,18-25_6+_felony
4386,5274,,1,0,cross_race,18-25_6+_felony
4386,531,,1,1,same_race,18-25_6+_felony
4386,4047,,1,0,cross_race,18-25_6+_felony
4386,1521,,1,1,same_race,18-25_6+_felony
4386,5962,,1,1,same_race,18-25_6+_felony
4386,1645,,1,1,same_race,18-25_6+_felony
4386,5229,,1,0,cross_race,18-25_6+_felony
5274,531,,0,1,cross_race,18-25_6+_felony
5274,4047,,0,0,same_race,18-25_6+_felony
5274,1521,,0,1,cross_race,18-25_6+_felony
5274,5962,,0,1,cross_race,18-25_6+_felony
5274,1645,,0,1,cross_race,18-25_6+_felony
5274,5229,,0,0,same_race,18-25_6+_felony
531,4047,,1,0,cross_race,18-25_6+_felony
531,1521,,1,1,same_race,18-25_6+_felony
531,5962,,1,1,same_race,18-25_6+_felony
531,1645,,1,1,same_race,18-25_6+_felony
531,5229,,1,0,cross_race,18-25_6+_felony
4047,1521,,0,1,cross_race,18-25_6+_felony
4047,5962,,0,1,cross_race,18-25_6+_felony
4047,1645,,0,1,cross_race,18-25_6+_felony
4047,5229,,0,0,same_race,18-25_6+_felony
1521,5962,,1,1,same_race,18-25_6+_felony
1521,1645,,1,1,same_race,18-25_6+_felony
1521,5229,,1,0,cross_race,18-25_6+_felony
5962,1645,,1,1,same_race,18-25_6+_felony
5962,5229,,1,0,cross_race,18-25_6+_felony
1645,5229,,1,0,cross_race,18-25_6+_felony
11,4628,,1,0,cross_race,18-25_3-5_misdemeanor
11,4145,,1,0,cross_race,18-25_3-5_misdemeanor
11,2562,,1,1,same_race,18-25_3-5_misdemeanor
11,1911,,1,1,same_race,18-25_3-5_misdemeanor
11,1105,,1,0,cross_race,18-25_3-5_misdemeanor
4628,4145,,0,0,same_race,18-25_3-5_misdemeanor
4628,2562,,0,1,cross_race,18-25_3-5_misdemeanor
4628,1911,,0,1,cross_race,18-25_3-5_misdemeanor
4628,1105,,0,0,same_race,18-25_3-5_misdemeanor
4145,2562,,0,1,cross_race,18-25_3-5_misdemeanor
4145,1911,,0,1,cross_race,18-25_3-5_misdemeanor
4145,1105,,0,0,same_race,18-25_3-5_misdemeanor
2562,1911,,1,1,same_race,18-25_3-5_misdemeanor
2562,1105,,1,0,cross_race,18-25_3-5_misdemeanor
1911,1105,,1,0,cross_race,18-25_3-5_misdemeanor
6332,2369,,0,1,cross_race,36+_3-5_misdemeanor
6332,6858,,0,1,cross_race,36+_3-5_misdemeanor
6332,1044,,0,1,cross_race,36+_3-5_misdemeanor
6332,508,,0,0,same_race,36+_3-5_misdemeanor
6332,5493,,0,0,same_race,36+_3-5_misdemeanor
6332,62,,0,0,same_race,36+_3-5_misdemeanor
6332,2660,,0,1,cross_race,36+_3-5_misdemeanor
6332,7038,,0,0,same_race,36+_3-5_misdemeanor
6332,6971,,0,0,same_race,36+_3-5_misdemeanor
6332,1298,,0,0,same_race,36+_3-5_misdemeanor
6332,1434,,0,1,cross_race,36+_3-5_misdemeanor
6332,5156,,0,1,cross_race,36+_3-5_misdemeanor
6332,7155,,0,0,same_race,36+_3-5_misdemeanor
6332,1966,,0,1,cross_race,36+_3-5_misdemeanor
6332,3786,,0,1,cross_race,36+_3-5_misdemeanor
2369,6858,,1,1,same_race,36+_3-5_misdemeanor
2369,1044,,1,1,same_race,36+_3-5_misdemeanor
2369,508,,1,0,cross_race,36+_3-5_misdemeanor
2369,5493,,1,0,cross_race,36+_3-5_misdemeanor
2369,62,,1,0,cross_race,36+_3-5_misdemeanor
2369,2660,,1,1,same_race,36+_3-5_misdemeanor
2369,7038,,1,0,cross_race,36+_3-5_misdemeanor
2369,6971,,1,0,cross_race,36+_3-5_misdemeanor
2369,1298,,1,0,cross_race,36+_3-5_misdemeanor
2369,1434,,1,1,same_race,36+_3-5_misdemeanor
2369,5156,,1,1,same_race,36+_3-5_misdemeanor
2369,7155,,1,0,cross_race,36+_3-5_misdemeanor
2369,1966,,1,1,same_race,36+_3-5_misdemeanor
2369,3786,,1,1,same_race,36+_3-5_misdemeanor
6858,1044,,1,1,same_race,36+_3-5_misdemeanor
6858,508,,1,0,cross_race,36+_3-5_misdemeanor
6858,5493,,1,0,cross_race,36+_3-5_misdemeanor
6858,62,,1,0,cross_race,36+_3-5_misdemeanor
6858,2660,,1,1,same_race,36+_3-5_misdemeanor
6858,7038,,1,0,cross_race,36+_3-5_misdemeanor
6858,6971,,1,0,cross_race,36+_3-5_misdemeanor
6858,1298,,1,0,cross_race,36+_3-5_misdemeanor
6858,1434,,1,1,same_race,36+_3-5_misdemeanor
6858,5156,,1,1,same_race,36+_3-5_misdemeanor
6858,7155,,1,0,cross_race,36+_3-5_misdemeanor
6858,1966,,1,1,same_race,36+_3-5_misdemeanor
6858,3786,,1,1,same_race,36+_3-5_misdemeanor
1044,508,,1,0,cross_race,36+_3-5_misdemeanor
1044,5493,,1,0,cross_race,36+_3-5_misdemeanor
1044,62,,1,0,cross_race,36+_3-5_misdemeanor
1044,2660,,1,1,same_race,36+_3-5_misdemeanor
1044,7038,,1,0,cross_race,36+_3-5_misdemeanor
1044,6971,,1,0,cross_race,36+_3-5_misdemeanor
1044,1298,,1,0,cross_race,36+_3-5_misdemeanor
1044,1434,,1,1,same_race,36+_3-5_misdemeanor
1044,5156,,1,1,same_race,36+_3-5_misdemeanor
1044,7155,,1,0,cross_race,36+_3-5_misdemeanor
1044,1966,,1,1,same_race,36+_3-5_misdemeanor
1044,3786,,1,1,same_race,36+_3-5_misdemeanor
508,5493,,0,0,same_race,36+_3-5_misdemeanor
508,62,,0,0,same_race,36+_3-5_misdemeanor
508,2660,,0,1,cross_race,36+_3-5_misdemeanor
508,7038,,0,0,same_race,36+_3-5_misdemeanor
508,6971,,0,0,same_race,36+_3-5_misdemeanor
508,1298,,0,0,same_race,36+_3-5_misdemeanor
508,1434,,0,1,cross_race,36+_3-5_misdemeanor
508,5156,,0,1,cross_race,36+_3-5_misdemeanor
508,7155,,0,0,same_race,36+_3-5_misdemeanor
508,1966,,0,1,cross_race,36+_3-5_misdemeanor
508,3786,,0,1,cross_race,36+_3-5_misdemeanor
5493,62,,0,0,same_race,36+_3-5_misdemeanor
5493,2660,,0,1,cross_race,36+_3-5_misdemeanor
5493,7038,,0,0,same_race,36+_3-5_misdemeanor
5493,6971,,0,0,same_race,36+_3-5_misdemeanor
5493,1298,,0,0,same_race,36+_3-5_misdemeanor
5493,1434,,0,1,cross_race,36+_3-5_misdemeanor
5493,5156,,0,1,cross_race,36+_3-5_misdemeanor
5493,7155,,0,0,same_race,36+_3-5_misdemeanor
5493,1966,,0,1,cross_race,36+_3-5_misdemeanor
5493,3786,,0,1,cross_race,36+_3-5_misdemeanor
62,2660,,0,1,cross_race,36+_3-5_misdemeanor
62,7038,,0,0,same_race,36+_3-5_misdemeanor
62,6971,,0,0,same_race,36+_3-5_misdemeanor
62,1298,,0,0,same_race,36+_3-5_misdemeanor
62,1434,,0,1,cross_race,36+_3-5_misdemeanor
62,5156,,0,1,cross_race,36+_3-5_misdemeanor
62,7155,,0,0,same_race,36+_3-5_misdemeanor
62,1966,,0,1,cross_race,36+_3-5_misdemeanor
62,3786,,0,1,cross_race,36+_3-5_misdemeanor
2660,7038,,1,0,cross_race,36+_3-5_misdemeanor
2660,6971,,1,0,cross_race,36+_3-5_misdemeanor
2660,1298,,1,0,cross_race,36+_3-5_misdemeanor
2660,1434,,1,1,same_race,36+_3-5_misdemeanor
2660,5156,,1,1,same_race,36+_3-5_misdemeanor
2660,7155,,1,0,cross_race,36+_3-5_misdemeanor
2660,1966,,1,1,same_race,36+_3-5_misdemeanor
2660,3786,,1,1,same_race,36+_3-5_misdemeanor
7038,6971,,0,0,same_race,36+_3-5_misdemeanor
7038,1298,,0,0,same_race,36+_3-5_misdemeanor
7038,1434,,0,1,cross_race,36+_3-5_misdemeanor
7038,5156,,0,1,cross_race,36+_3-5_misdemeanor
7038,7155,,0,0,same_race,36+_3-5_misdemeanor
7038,1966,,0,1,cross_race,36+_3-5_misdemeanor
7038,3786,,0,1,cross_race,36+_3-5_misdemeanor
6971,1298,,0,0,same_race,36+_3-5_misdemeanor
6971,1434,,0,1,cross_race,36+_3-5_misdemeanor
6971,5156,,0,1,cross_race,36+_3-5_misdemeanor
6971,7155,,0,0,same_race,36+_3-5_misdemeanor
6971,1966,,0,1,cross_race,36+_3-5_misdemeanor
6971,3786,,0,1,cross_race,36+_3-5_misdemeanor
1298,1434,,0,1,cross_race,36+_3-5_misdemeanor
1298,5156,,0,1,cross_race,36+_3-5_misdemeanor
1298,7155,,0,0,same_race,36+_3-5_misdemeanor
1298,1966,,0,1,cross_race,36+_3-5_misdemeanor
1298,3786,,0,1,cross_race,36+_3-5_misdemeanor
1434,5156,,1,1,same_race,36+_3-5_misdemeanor
1434,7155,,1,0,cross_race,36+_3-5_misdemeanor
1434,1966,,1,1,same_race,36+_3-5_misdemeanor
1434,3786,,1,1,same_race,36+_3-5_misdemeanor
5156,7155,,1,0,cross_race,36+_3-5_misdemeanor
5156,1966,,1,1,same_race,36+_3-5_misdemeanor
5156,3786,,1,1,same_race,36+_3-5_misdemeanor
7155,1966,,0,1,cross_race,36+_3-5_misdemeanor
7155,3786,,0,1,cross_race,36+_3-5_misdemeanor
1966,3786,,1,1,same_race,36+_3-5_misdemeanor
